estacion,variable,h,termino,coeficiente,n_entrenamiento,ultimo_anio_ajuste
CE,CO,1,intercepto,0.0154495989955849,41406,2024
CE,CO,1,ultimo,0.837054611907221,41406,2024
CE,CO,1,previo,0.0600394203171979,41406,2024
CE,CO,1,diario,0.0951503487158348,41406,2024
CE,CO,1,hora_sin,0.0229649032244793,41406,2024
CE,CO,1,hora_cos,0.00900946829607895,41406,2024
CE,CO,1,mes_sin,0.000163783258595759,41406,2024
CE,CO,1,mes_cos,0.00425707764140681,41406,2024
CE,CO,2,intercepto,0.0253024317625708,41346,2024
CE,CO,2,ultimo,0.722176368065647,41346,2024
CE,CO,2,previo,0.0830513154074519,41346,2024
CE,CO,2,diario,0.182083382174012,41346,2024
CE,CO,2,hora_sin,0.042146416643924,41346,2024
CE,CO,2,hora_cos,0.0104984356761862,41346,2024
CE,CO,2,mes_sin,0.00019093577460688,41346,2024
CE,CO,2,mes_cos,0.00727283223510855,41346,2024
CE,CO,3,intercepto,0.0329984267187267,41294,2024
CE,CO,3,ultimo,0.631027805788037,41294,2024
CE,CO,3,previo,0.0975139187134478,41294,2024
CE,CO,3,diario,0.254968295534119,41294,2024
CE,CO,3,hora_sin,0.0576665485891669,41294,2024
CE,CO,3,hora_cos,0.00645972870681891,41294,2024
CE,CO,3,mes_sin,0.000224025086626778,41294,2024
CE,CO,3,mes_cos,0.00949046374731129,41294,2024
CE,NO,1,intercepto,1.09914072024108,37425,2024
CE,NO,1,ultimo,1.01541853038144,37425,2024
CE,NO,1,previo,-0.217176623407613,37425,2024
CE,NO,1,diario,0.0604212962156231,37425,2024
CE,NO,1,hora_sin,1.02308717266123,37425,2024
CE,NO,1,hora_cos,0.0362799069136304,37425,2024
CE,NO,1,mes_sin,-0.201441159464161,37425,2024
CE,NO,1,mes_cos,0.684962562895975,37425,2024
CE,NO,2,intercepto,1.90924599402,37200,2024
CE,NO,2,ultimo,0.769557916014532,37200,2024
CE,NO,2,previo,-0.17338047647437,37200,2024
CE,NO,2,diario,0.157442877652269,37200,2024
CE,NO,2,hora_sin,1.90425666232936,37200,2024
CE,NO,2,hora_cos,-0.0948530795222233,37200,2024
CE,NO,2,mes_sin,-0.373065060603034,37200,2024
CE,NO,2,mes_cos,1.18513832807762,37200,2024
CE,NO,3,intercepto,2.50099725593498,37047,2024
CE,NO,3,ultimo,0.560527319059519,37047,2024
CE,NO,3,previo,-0.108992345067242,37047,2024
CE,NO,3,diario,0.224581367098559,37047,2024
CE,NO,3,hora_sin,2.48854036287691,37047,2024
CE,NO,3,hora_cos,-0.408298805590216,37047,2024
CE,NO,3,mes_sin,-0.488384737022363,37047,2024
CE,NO,3,mes_cos,1.55093874998121,37047,2024
CE,NO2,1,intercepto,1.18839213920629,39110,2024
CE,NO2,1,ultimo,1.02675124571145,39110,2024
CE,NO2,1,previo,-0.186468634699344,39110,2024
CE,NO2,1,diario,0.0782961738387867,39110,2024
CE,NO2,1,hora_sin,0.561417596926417,39110,2024
CE,NO2,1,hora_cos,0.159190137030812,39110,2024
CE,NO2,1,mes_sin,-0.132380394358186,39110,2024
CE,NO2,1,mes_cos,0.587667993617292,39110,2024
CE,NO2,2,intercepto,2.14571630761839,39010,2024
CE,NO2,2,ultimo,0.805242460966115,39010,2024
CE,NO2,2,previo,-0.127443000137884,39010,2024
CE,NO2,2,diario,0.175542112472954,39010,2024
CE,NO2,2,hora_sin,1.12995283803071,39010,2024
CE,NO2,2,hora_cos,0.185704095138783,39010,2024
CE,NO2,2,mes_sin,-0.239357774208659,39010,2024
CE,NO2,2,mes_cos,1.05904800826501,39010,2024
CE,NO2,3,intercepto,2.81896303238785,38928,2024
CE,NO2,3,ultimo,0.619895275402642,38928,2024
CE,NO2,3,previo,-0.0622612714595354,38928,2024
CE,NO2,3,diario,0.250123886658273,38928,2024
CE,NO2,3,hora_sin,1.55295037456671,38928,2024
CE,NO2,3,hora_cos,0.067142688088327,38928,2024
CE,NO2,3,mes_sin,-0.310216543884221,38928,2024
CE,NO2,3,mes_cos,1.39078504648255,38928,2024
CE,NOX,1,intercepto,2.23341134893815,39094,2024
CE,NOX,1,ultimo,1.02790290043891,39094,2024
CE,NOX,1,previo,-0.193161598606791,39094,2024
CE,NOX,1,diario,0.06505532873117,39094,2024
CE,NOX,1,hora_sin,1.50417982682131,39094,2024
CE,NOX,1,hora_cos,0.287728419003467,39094,2024
CE,NOX,1,mes_sin,-0.312312965721938,39094,2024
CE,NOX,1,mes_cos,1.19329188294431,39094,2024
CE,NOX,2,intercepto,3.95296330601014,38998,2024
CE,NOX,2,ultimo,0.812051194946392,38998,2024
CE,NOX,2,previo,-0.147914941587432,38998,2024
CE,NOX,2,diario,0.158706717812682,38998,2024
CE,NOX,2,hora_sin,2.93961672572199,38998,2024
CE,NOX,2,hora_cos,0.26129552182607,38998,2024
CE,NOX,2,mes_sin,-0.567094319610366,38998,2024
CE,NOX,2,mes_cos,2.1032974482647,38998,2024
CE,NOX,3,intercepto,5.25129544451099,38919,2024
CE,NOX,3,ultimo,0.635753566357161,38919,2024
CE,NOX,3,previo,-0.101604706511601,38919,2024
CE,NOX,3,diario,0.230795469982912,38919,2024
CE,NOX,3,hora_sin,3.9598912431414,38919,2024
CE,NOX,3,hora_cos,-0.133824585067999,38919,2024
CE,NOX,3,mes_sin,-0.736638074648851,38919,2024
CE,NOX,3,mes_cos,2.78537120545232,38919,2024
CE,PM10,1,intercepto,6.51729202408018,40860,2024
CE,PM10,1,ultimo,0.806154639535987,40860,2024
CE,PM10,1,previo,0.0271968138972726,40860,2024
CE,PM10,1,diario,0.0576111128315034,40860,2024
CE,PM10,1,hora_sin,3.16513591756427,40860,2024
CE,PM10,1,hora_cos,-1.64850722878424,40860,2024
CE,PM10,1,mes_sin,0.409887307752585,40860,2024
CE,PM10,1,mes_cos,1.24060364614952,40860,2024
CE,PM10,2,intercepto,11.0507070720293,40773,2024
CE,PM10,2,ultimo,0.647799070694358,40773,2024
CE,PM10,2,previo,0.0560920848293849,40773,2024
CE,PM10,2,diario,0.112716202798111,40773,2024
CE,PM10,2,hora_sin,5.25672003283581,40773,2024
CE,PM10,2,hora_cos,-3.59351046473032,40773,2024
CE,PM10,2,mes_sin,0.693342548648798,40773,2024
CE,PM10,2,mes_cos,2.14724721734213,40773,2024
CE,PM10,3,intercepto,14.3437506330219,40695,2024
CE,PM10,3,ultimo,0.519134306040896,40695,2024
CE,PM10,3,previo,0.0882518981829617,40695,2024
CE,PM10,3,diario,0.154524851809946,40695,2024
CE,PM10,3,hora_sin,6.5162786971332,40695,2024
CE,PM10,3,hora_cos,-5.51993809575593,40695,2024
CE,PM10,3,mes_sin,0.914598846676037,40695,2024
CE,PM10,3,mes_cos,2.78081603078916,40695,2024
CE,PM2.5,1,intercepto,1.77969988401432,33594,2024
CE,PM2.5,1,ultimo,1.06971232979119,33594,2024
CE,PM2.5,1,previo,-0.173595675328047,33594,2024
CE,PM2.5,1,diario,0.0289939431427987,33594,2024
CE,PM2.5,1,hora_sin,0.945664642622672,33594,2024
CE,PM2.5,1,hora_cos,-0.00218559854077383,33594,2024
CE,PM2.5,1,mes_sin,0.200764694193629,33594,2024
CE,PM2.5,1,mes_cos,0.387996723806093,33594,2024
CE,PM2.5,2,intercepto,3.48820743640436,33401,2024
CE,PM2.5,2,ultimo,0.911798690738222,33401,2024
CE,PM2.5,2,previo,-0.123311916645973,33401,2024
CE,PM2.5,2,diario,0.0659179734618788,33401,2024
CE,PM2.5,2,hora_sin,1.97898999785031,33401,2024
CE,PM2.5,2,hora_cos,-0.244039739448862,33401,2024
CE,PM2.5,2,mes_sin,0.392085220336465,33401,2024
CE,PM2.5,2,mes_cos,0.783126269627183,33401,2024
CE,PM2.5,3,intercepto,4.80019227273066,33283,2024
CE,PM2.5,3,ultimo,0.771631381412414,33283,2024
CE,PM2.5,3,previo,-0.0704484525958754,33283,2024
CE,PM2.5,3,diario,0.0989784648112565,33283,2024
CE,PM2.5,3,hora_sin,2.77613321402748,33283,2024
CE,PM2.5,3,hora_cos,-0.701526495140828,33283,2024
CE,PM2.5,3,mes_sin,0.54393604845048,33283,2024
CE,PM2.5,3,mes_cos,1.0546528126114,33283,2024
CE,PRS,1,intercepto,17.1267215640128,41817,2024
CE,PRS,1,ultimo,0.794646891153648,41817,2024
CE,PRS,1,previo,0.194498440732662,41817,2024
CE,PRS,1,diario,-0.0132169200464784,41817,2024
CE,PRS,1,hora_sin,0.111191512188852,41817,2024
CE,PRS,1,hora_cos,0.177075289013044,41817,2024
CE,PRS,1,mes_sin,-0.0299102024015618,41817,2024
CE,PRS,1,mes_cos,0.036344537561836,41817,2024
CE,PRS,2,intercepto,28.7343575218695,41745,2024
CE,PRS,2,ultimo,0.992775907209737,41745,2024
CE,PRS,2,previo,-0.0254507015848611,41745,2024
CE,PRS,2,diario,-0.00771295504686789,41745,2024
CE,PRS,2,hora_sin,0.202526074050994,41745,2024
CE,PRS,2,hora_cos,0.268486484139954,41745,2024
CE,PRS,2,mes_sin,-0.0497421412044983,41745,2024
CE,PRS,2,mes_cos,0.058520731524558,41745,2024
CE,PRS,3,intercepto,42.8388621762866,41684,2024
CE,PRS,3,ultimo,0.993325523357445,41684,2024
CE,PRS,3,previo,-0.0550059874531229,41684,2024
CE,PRS,3,diario,0.00146696643633176,41684,2024
CE,PRS,3,hora_sin,0.336550204576403,41684,2024
CE,PRS,3,hora_cos,0.346377573289452,41684,2024
CE,PRS,3,mes_sin,-0.0763671830093308,41684,2024
CE,PRS,3,mes_cos,0.0866661415900342,41684,2024
CE,RAINF,1,intercepto,0.00207169430941854,41964,2024
CE,RAINF,1,ultimo,0.998996391317221,41964,2024
CE,RAINF,1,previo,-0.112575785894487,41964,2024
CE,RAINF,1,diario,-0.000132507761627821,41964,2024
CE,RAINF,1,hora_sin,-0.00202497501491059,41964,2024
CE,RAINF,1,hora_cos,0.00348105950634121,41964,2024
CE,RAINF,1,mes_sin,-0.00342761279829782,41964,2024
CE,RAINF,1,mes_cos,-0.00214736956406002,41964,2024
CE,RAINF,2,intercepto,0.00471196177636122,41904,2024
CE,RAINF,2,ultimo,0.115204336649683,41904,2024
CE,RAINF,2,previo,-0.114577848353446,41904,2024
CE,RAINF,2,diario,-6.66874823618172e-05,41904,2024
CE,RAINF,2,hora_sin,-0.00312587968393104,41904,2024
CE,RAINF,2,hora_cos,0.0075293685047888,41904,2024
CE,RAINF,2,mes_sin,-0.00667842182764554,41904,2024
CE,RAINF,2,mes_cos,-0.00519272138933277,41904,2024
CE,RAINF,3,intercepto,0.0047144393782008,41851,2024
CE,RAINF,3,ultimo,-0.000217248121783917,41851,2024
CE,RAINF,3,previo,0.000749828085652361,41851,2024
CE,RAINF,3,diario,-6.99357110953617e-05,41851,2024
CE,RAINF,3,hora_sin,-0.00313839829573392,41851,2024
CE,RAINF,3,hora_cos,0.00752430672472487,41851,2024
CE,RAINF,3,mes_sin,-0.00668755450749053,41851,2024
CE,RAINF,3,mes_cos,-0.00519896512142859,41851,2024
CE,RH,1,intercepto,1.43382232838009,41616,2024
CE,RH,1,ultimo,1.32799505789498,41616,2024
CE,RH,1,previo,-0.371675207117823,41616,2024
CE,RH,1,diario,0.0173815954089687,41616,2024
CE,RH,1,hora_sin,-0.462350242122939,41616,2024
CE,RH,1,hora_cos,2.22099726366656,41616,2024
CE,RH,1,mes_sin,-0.0591160992715093,41616,2024
CE,RH,1,mes_cos,-0.0598734256591453,41616,2024
CE,RH,2,intercepto,3.12328694884007,41536,2024
CE,RH,2,ultimo,1.34666263429839,41536,2024
CE,RH,2,previo,-0.454486625568975,41536,2024
CE,RH,2,diario,0.0504997597669386,41536,2024
CE,RH,2,hora_sin,-0.275627746600589,41536,2024
CE,RH,2,hora_cos,5.22154276576299,41536,2024
CE,RH,2,mes_sin,-0.121227746647707,41536,2024
CE,RH,2,mes_cos,-0.133041298044876,41536,2024
CE,RH,3,intercepto,4.72904780684054,41464,2024
CE,RH,3,ultimo,1.29539020112909,41464,2024
CE,RH,3,previo,-0.473405374813775,41464,2024
CE,RH,3,diario,0.0912110498352003,41464,2024
CE,RH,3,hora_sin,0.663776160716236,41464,2024
CE,RH,3,hora_cos,7.87481236030891,41464,2024
CE,RH,3,mes_sin,-0.173316354516731,41464,2024
CE,RH,3,mes_cos,-0.202832091422648,41464,2024
CE,SO2,1,intercepto,0.607484427948007,38768,2024
CE,SO2,1,ultimo,0.843346663802958,38768,2024
CE,SO2,1,previo,-0.0786663024831608,38768,2024
CE,SO2,1,diario,0.10160904609002,38768,2024
CE,SO2,1,hora_sin,0.149081585515431,38768,2024
CE,SO2,1,hora_cos,-0.149680566457665,38768,2024
CE,SO2,1,mes_sin,-0.0309331916548348,38768,2024
CE,SO2,1,mes_cos,0.119157042320587,38768,2024
CE,SO2,2,intercepto,1.08884538167601,38578,2024
CE,SO2,2,ultimo,0.52333019944665,38578,2024
CE,SO2,2,previo,0.0422411659393272,38578,2024
CE,SO2,2,diario,0.194272169564316,38578,2024
CE,SO2,2,hora_sin,0.238877697205127,38578,2024
CE,SO2,2,hora_cos,-0.310733558094452,38578,2024
CE,SO2,2,mes_sin,-0.0487061666841835,38578,2024
CE,SO2,2,mes_cos,0.217052555826645,38578,2024
CE,SO2,3,intercepto,1.33033316786973,38491,2024
CE,SO2,3,ultimo,0.351842244473495,38491,2024
CE,SO2,3,previo,0.115401628270357,38491,2024
CE,SO2,3,diario,0.239184376676655,38491,2024
CE,SO2,3,hora_sin,0.279900699634121,38491,2024
CE,SO2,3,hora_cos,-0.4313727913082,38491,2024
CE,SO2,3,mes_sin,-0.0576192784307524,38491,2024
CE,SO2,3,mes_cos,0.268495090401982,38491,2024
CE,SR,1,intercepto,0.01743339789324,42401,2024
CE,SR,1,ultimo,0.921862172589783,42401,2024
CE,SR,1,previo,-0.329679566456627,42401,2024
CE,SR,1,diario,0.312822983830136,42401,2024
CE,SR,1,hora_sin,0.0100394332454854,42401,2024
CE,SR,1,hora_cos,-0.023347569738942,42401,2024
CE,SR,1,mes_sin,0.00211418720061298,42401,2024
CE,SR,1,mes_cos,-0.00506437521423013,42401,2024
CE,SR,2,intercepto,0.0289119891114683,42352,2024
CE,SR,2,ultimo,0.632426029349358,42352,2024
CE,SR,2,previo,-0.351873206226629,42352,2024
CE,SR,2,diario,0.56222207901202,42352,2024
CE,SR,2,hora_sin,0.00456917279648815,42352,2024
CE,SR,2,hora_cos,-0.0353708892291485,42352,2024
CE,SR,2,mes_sin,0.00357949726845848,42352,2024
CE,SR,2,mes_cos,-0.00834381938355436,42352,2024
CE,SR,3,intercepto,0.036702158894991,42308,2024
CE,SR,3,ultimo,0.415495221797988,42308,2024
CE,SR,3,previo,-0.304075026957492,42308,2024
CE,SR,3,diario,0.689223506326269,42308,2024
CE,SR,3,hora_sin,-0.00567385863061361,42308,2024
CE,SR,3,hora_cos,-0.0393233228357274,42308,2024
CE,SR,3,mes_sin,0.0044468644287899,42308,2024
CE,SR,3,mes_cos,-0.0106075822901721,42308,2024
CE,TOUT,1,intercepto,0.426601194359213,41918,2024
CE,TOUT,1,ultimo,1.31377711687176,41918,2024
CE,TOUT,1,previo,-0.343542609401132,41918,2024
CE,TOUT,1,diario,0.0109483723583891,41918,2024
CE,TOUT,1,hora_sin,0.176460149010065,41918,2024
CE,TOUT,1,hora_cos,-0.647534235645239,41918,2024
CE,TOUT,1,mes_sin,0.0145154710959677,41918,2024
CE,TOUT,1,mes_cos,-0.117476492947163,41918,2024
CE,TOUT,2,intercepto,0.918252979335834,41856,2024
CE,TOUT,2,ultimo,1.36998055262072,41856,2024
CE,TOUT,2,previo,-0.454225554625027,41856,2024
CE,TOUT,2,diario,0.0437967958209461,41856,2024
CE,TOUT,2,hora_sin,0.182294352826046,41856,2024
CE,TOUT,2,hora_cos,-1.47462817243804,41856,2024
CE,TOUT,2,mes_sin,0.0349808933316206,41856,2024
CE,TOUT,2,mes_cos,-0.252700477236907,41856,2024
CE,TOUT,3,intercepto,1.39864653110481,41800,2024
CE,TOUT,3,ultimo,1.34029062947046,41800,2024
CE,TOUT,3,previo,-0.489372887798102,41800,2024
CE,TOUT,3,diario,0.0876191239009406,41800,2024
CE,TOUT,3,hora_sin,-0.028031281903357,41800,2024
CE,TOUT,3,hora_cos,-2.23559402266595,41800,2024
CE,TOUT,3,mes_sin,0.053585448714236,41800,2024
CE,TOUT,3,mes_cos,-0.384371314979591,41800,2024
CE,WSR,1,intercepto,1.02692935416512,41789,2024
CE,WSR,1,ultimo,0.818810134226195,41789,2024
CE,WSR,1,previo,-0.0320293003840373,41789,2024
CE,WSR,1,diario,0.0715715262400208,41789,2024
CE,WSR,1,hora_sin,-0.348194632190026,41789,2024
CE,WSR,1,hora_cos,-0.681777161382427,41789,2024
CE,WSR,1,mes_sin,0.143508599346786,41789,2024
CE,WSR,1,mes_cos,-0.231221865314568,41789,2024
CE,WSR,2,intercepto,1.83944395070263,41716,2024
CE,WSR,2,ultimo,0.595169043347457,41716,2024
CE,WSR,2,previo,0.00709831657343377,41716,2024
CE,WSR,2,diario,0.143803612365794,41716,2024
CE,WSR,2,hora_sin,-0.772704076402097,41716,2024
CE,WSR,2,hora_cos,-1.10977186901496,41716,2024
CE,WSR,2,mes_sin,0.261837048042116,41716,2024
CE,WSR,2,mes_cos,-0.414185200305401,41716,2024
CE,WSR,3,intercepto,2.38267742901185,41653,2024
CE,WSR,3,ultimo,0.455952149744765,41653,2024
CE,WSR,3,previo,0.0190872451017456,41653,2024
CE,WSR,3,diario,0.19587328335403,41653,2024
CE,WSR,3,hora_sin,-1.14565124835279,41653,2024
CE,WSR,3,hora_cos,-1.3103311288442,41653,2024
CE,WSR,3,mes_sin,0.34073187153402,41653,2024
CE,WSR,3,mes_cos,-0.534730111157416,41653,2024
NE,CO,1,intercepto,0.0213066796403903,37572,2024
NE,CO,1,ultimo,1.17550394201632,37572,2024
NE,CO,1,previo,-0.263832922849696,37572,2024
NE,CO,1,diario,0.0758343346723539,37572,2024
NE,CO,1,hora_sin,-0.00634731109268941,37572,2024
NE,CO,1,hora_cos,0.004562489233643,37572,2024
NE,CO,1,mes_sin,-0.00197967407932293,37572,2024
NE,CO,1,mes_cos,0.00471175025582568,37572,2024
NE,CO,2,intercepto,0.0406651697919435,37532,2024
NE,CO,2,ultimo,1.0546834031062,37532,2024
NE,CO,2,previo,-0.258022003505823,37532,2024
NE,CO,2,diario,0.179643497793978,37532,2024
NE,CO,2,hora_sin,-0.0114512016635009,37532,2024
NE,CO,2,hora_cos,0.0109196144126544,37532,2024
NE,CO,2,mes_sin,-0.00369942716419556,37532,2024
NE,CO,2,mes_cos,0.00928750356369465,37532,2024
NE,CO,3,intercepto,0.0557953293972571,37500,2024
NE,CO,3,ultimo,0.887447266899168,37500,2024
NE,CO,3,previo,-0.190821278324201,37500,2024
NE,CO,3,diario,0.270990730916208,37500,2024
NE,CO,3,hora_sin,-0.0139244352847668,37500,2024
NE,CO,3,hora_cos,0.0174993036848472,37500,2024
NE,CO,3,mes_sin,-0.00504539189106297,37500,2024
NE,CO,3,mes_cos,0.0130679779445751,37500,2024
NE,NO,1,intercepto,1.3856414370989,34071,2024
NE,NO,1,ultimo,1.12159563333463,34071,2024
NE,NO,1,previo,-0.3145448528654,34071,2024
NE,NO,1,diario,0.0648424700924612,34071,2024
NE,NO,1,hora_sin,0.58157096201524,34071,2024
NE,NO,1,hora_cos,0.592656586486091,34071,2024
NE,NO,1,mes_sin,-0.184060373141289,34071,2024
NE,NO,1,mes_cos,0.73051777129232,34071,2024
NE,NO,2,intercepto,2.56984148662844,33851,2024
NE,NO,2,ultimo,0.855654871082405,33851,2024
NE,NO,2,previo,-0.257150093506411,33851,2024
NE,NO,2,diario,0.166280569310431,33851,2024
NE,NO,2,hora_sin,1.29811543811852,33851,2024
NE,NO,2,hora_cos,1.09155426037886,33851,2024
NE,NO,2,mes_sin,-0.339535428517739,33851,2024
NE,NO,2,mes_cos,1.3899249249579,33851,2024
NE,NO,3,intercepto,3.47004000824009,33665,2024
NE,NO,3,ultimo,0.615182070554842,33665,2024
NE,NO,3,previo,-0.165606012182704,33665,2024
NE,NO,3,diario,0.234910560189259,33665,2024
NE,NO,3,hora_sin,1.94084099013777,33665,2024
NE,NO,3,hora_cos,1.29961059311397,33665,2024
NE,NO,3,mes_sin,-0.440749160752401,33665,2024
NE,NO,3,mes_cos,1.90541225181452,33665,2024
NE,NO2,1,intercepto,1.4364178904554,32429,2024
NE,NO2,1,ultimo,1.11578058740694,32429,2024
NE,NO2,1,previo,-0.275961018237085,32429,2024
NE,NO2,1,diario,0.0631054414335842,32429,2024
NE,NO2,1,hora_sin,-0.12171914198675,32429,2024
NE,NO2,1,hora_cos,0.208575680404638,32429,2024
NE,NO2,1,mes_sin,-0.264028473097187,32429,2024
NE,NO2,1,mes_cos,0.672668557579168,32429,2024
NE,NO2,2,intercepto,2.62040390914899,32393,2024
NE,NO2,2,ultimo,0.904635673140121,32393,2024
NE,NO2,2,previo,-0.242228068597275,32393,2024
NE,NO2,2,diario,0.160763173917491,32393,2024
NE,NO2,2,hora_sin,-0.199042861825577,32393,2024
NE,NO2,2,hora_cos,0.438014288093486,32393,2024
NE,NO2,2,mes_sin,-0.488934279901569,32393,2024
NE,NO2,2,mes_cos,1.23075885214995,32393,2024
NE,NO2,3,intercepto,3.48112305740595,32362,2024
NE,NO2,3,ultimo,0.696985415909447,32362,2024
NE,NO2,3,previo,-0.172627196719682,32362,2024
NE,NO2,3,diario,0.240871895713343,32362,2024
NE,NO2,3,hora_sin,-0.194453251659122,32362,2024
NE,NO2,3,hora_cos,0.622241394068596,32362,2024
NE,NO2,3,mes_sin,-0.648567993057546,32362,2024
NE,NO2,3,mes_cos,1.64015591213013,32362,2024
NE,NOX,1,intercepto,2.94470029305824,32436,2024
NE,NOX,1,ultimo,1.16263589864878,32436,2024
NE,NOX,1,previo,-0.324797547939882,32436,2024
NE,NOX,1,diario,0.0513508063931067,32436,2024
NE,NOX,1,hora_sin,0.420819993941387,32436,2024
NE,NOX,1,hora_cos,0.844180494720091,32436,2024
NE,NOX,1,mes_sin,-0.489354035539475,32436,2024
NE,NOX,1,mes_cos,1.57372224453783,32436,2024
NE,NOX,2,intercepto,5.53260181611772,32400,2024
NE,NOX,2,ultimo,0.956482710752509,32400,2024
NE,NOX,2,previo,-0.304103274576251,32400,2024
NE,NOX,2,diario,0.139818807592574,32400,2024
NE,NOX,2,hora_sin,1.03679003778388,32400,2024
NE,NOX,2,hora_cos,1.64732614168708,32400,2024
NE,NOX,2,mes_sin,-0.927927424849859,32400,2024
NE,NOX,2,mes_cos,2.97742519662442,32400,2024
NE,NOX,3,intercepto,7.5450636635369,32369,2024
NE,NOX,3,ultimo,0.735316559016489,32369,2024
NE,NOX,3,previo,-0.229023095647127,32369,2024
NE,NOX,3,diario,0.210646832612607,32369,2024
NE,NOX,3,hora_sin,1.71412157603204,32369,2024
NE,NOX,3,hora_cos,2.10284723276187,32369,2024
NE,NOX,3,mes_sin,-1.24684304207789,32369,2024
NE,NOX,3,mes_cos,4.08348491664181,32369,2024
NE,PM10,1,intercepto,6.81036207535858,40600,2024
NE,PM10,1,ultimo,0.924664835595662,40600,2024
NE,PM10,1,previo,-0.0855582327372497,40600,2024
NE,PM10,1,diario,0.0493868628492755,40600,2024
NE,PM10,1,hora_sin,0.164284382146301,40600,2024
NE,PM10,1,hora_cos,-0.86715338253457,40600,2024
NE,PM10,1,mes_sin,-0.0998394084756551,40600,2024
NE,PM10,1,mes_cos,1.67510812283033,40600,2024
NE,PM10,2,intercepto,12.5020803609609,40526,2024
NE,PM10,2,ultimo,0.748812647205738,40526,2024
NE,PM10,2,previo,-0.0562213561568402,40526,2024
NE,PM10,2,diario,0.102890126362482,40526,2024
NE,PM10,2,hora_sin,0.077082902714882,40526,2024
NE,PM10,2,hora_cos,-1.73100102153775,40526,2024
NE,PM10,2,mes_sin,-0.198234168422277,40526,2024
NE,PM10,2,mes_cos,3.08869759370233,40526,2024
NE,PM10,3,intercepto,16.8865046388728,40484,2024
NE,PM10,3,ultimo,0.592677168004965,40484,2024
NE,PM10,3,previo,-0.0189221346088146,40484,2024
NE,PM10,3,diario,0.14975801128582,40484,2024
NE,PM10,3,hora_sin,-0.179642121806365,40484,2024
NE,PM10,3,hora_cos,-2.36107576985115,40484,2024
NE,PM10,3,mes_sin,-0.26599651792152,40484,2024
NE,PM10,3,mes_cos,4.17541286376499,40484,2024
NE,PM2.5,1,intercepto,2.09967776254419,37366,2024
NE,PM2.5,1,ultimo,0.976409140689984,37366,2024
NE,PM2.5,1,previo,-0.090888972114039,37366,2024
NE,PM2.5,1,diario,0.0149154153568506,37366,2024
NE,PM2.5,1,hora_sin,-0.0148508838792069,37366,2024
NE,PM2.5,1,hora_cos,0.167301724891253,37366,2024
NE,PM2.5,1,mes_sin,0.135848574564318,37366,2024
NE,PM2.5,1,mes_cos,0.396851276548462,37366,2024
NE,PM2.5,2,intercepto,4.11431357873467,37224,2024
NE,PM2.5,2,ultimo,0.883632943729897,37224,2024
NE,PM2.5,2,previo,-0.116503856813615,37224,2024
NE,PM2.5,2,diario,0.0383823992967687,37224,2024
NE,PM2.5,2,hora_sin,0.00551244155796821,37224,2024
NE,PM2.5,2,hora_cos,0.28994552433609,37224,2024
NE,PM2.5,2,mes_sin,0.258977769939423,37224,2024
NE,PM2.5,2,mes_cos,0.781886878726166,37224,2024
NE,PM2.5,3,intercepto,5.90976291423318,37160,2024
NE,PM2.5,3,ultimo,0.869230084034202,37160,2024
NE,PM2.5,3,previo,-0.210716265117707,37160,2024
NE,PM2.5,3,diario,0.0638644354049786,37160,2024
NE,PM2.5,3,hora_sin,0.0761986630718195,37160,2024
NE,PM2.5,3,hora_cos,0.410066057846006,37160,2024
NE,PM2.5,3,mes_sin,0.379756740205957,37160,2024
NE,PM2.5,3,mes_cos,1.16673915441218,37160,2024
NE,PRS,1,intercepto,32.3837491865799,40500,2024
NE,PRS,1,ultimo,0.549568341513161,40500,2024
NE,PRS,1,previo,0.402476990361387,40500,2024
NE,PRS,1,diario,0.00291631957633532,40500,2024
NE,PRS,1,hora_sin,0.163946534828992,40500,2024
NE,PRS,1,hora_cos,0.248802184148749,40500,2024
NE,PRS,1,mes_sin,-0.066912170029197,40500,2024
NE,PRS,1,mes_cos,0.082598814284257,40500,2024
NE,PRS,2,intercepto,44.0051665152493,40471,2024
NE,PRS,2,ultimo,0.614963661322265,40471,2024
NE,PRS,2,previo,0.323124850527933,40471,2024
NE,PRS,2,diario,0.000708023968344103,40471,2024
NE,PRS,2,hora_sin,0.300492540178826,40471,2024
NE,PRS,2,hora_cos,0.372598693569294,40471,2024
NE,PRS,2,mes_sin,-0.0891276543423451,40471,2024
NE,PRS,2,mes_cos,0.110917945777416,40471,2024
NE,PRS,3,intercepto,56.2926169074128,40453,2024
NE,PRS,3,ultimo,0.625776527471923,40453,2024
NE,PRS,3,previo,0.28120606239278,40453,2024
NE,PRS,3,diario,0.0147203399351866,40453,2024
NE,PRS,3,hora_sin,0.46200317681718,40453,2024
NE,PRS,3,hora_cos,0.449995589417313,40453,2024
NE,PRS,3,mes_sin,-0.113329714399112,40453,2024
NE,PRS,3,mes_cos,0.140998337091827,40453,2024
NE,RAINF,1,intercepto,0.000781429217334448,41028,2024
NE,RAINF,1,ultimo,0.361806608702573,41028,2024
NE,RAINF,1,previo,-0.0848643220535039,41028,2024
NE,RAINF,1,diario,0.0362881047691323,41028,2024
NE,RAINF,1,hora_sin,-0.000230787920481574,41028,2024
NE,RAINF,1,hora_cos,-0.000273325071088842,41028,2024
NE,RAINF,1,mes_sin,0.000178401279070969,41028,2024
NE,RAINF,1,mes_cos,-0.000784546828974251,41028,2024
NE,RAINF,2,intercepto,0.0010671400159107,40998,2024
NE,RAINF,2,ultimo,0.0290326470958319,40998,2024
NE,RAINF,2,previo,0.0176977187126923,40998,2024
NE,RAINF,2,diario,0.0467746117593385,40998,2024
NE,RAINF,2,hora_sin,-0.000308501412355572,40998,2024
NE,RAINF,2,hora_cos,-0.000278991186196065,40998,2024
NE,RAINF,2,mes_sin,0.000181215802708875,40998,2024
NE,RAINF,2,mes_cos,-0.00107149689395115,40998,2024
NE,RAINF,3,intercepto,0.00108746398101801,40979,2024
NE,RAINF,3,ultimo,0.0242364211577938,40979,2024
NE,RAINF,3,previo,0.00849135666759551,40979,2024
NE,RAINF,3,diario,0.047008990694756,40979,2024
NE,RAINF,3,hora_sin,-0.000310860154911872,40979,2024
NE,RAINF,3,hora_cos,-0.000276061596093212,40979,2024
NE,RAINF,3,mes_sin,0.000177508970693798,40979,2024
NE,RAINF,3,mes_cos,-0.00109335994225697,40979,2024
NE,RH,1,intercepto,1.74077320348132,39885,2024
NE,RH,1,ultimo,1.36039198255388,39885,2024
NE,RH,1,previo,-0.404658364209821,39885,2024
NE,RH,1,diario,0.0161969604503286,39885,2024
NE,RH,1,hora_sin,-0.443954453215694,39885,2024
NE,RH,1,hora_cos,2.4803910939645,39885,2024
NE,RH,1,mes_sin,-0.0680547743122946,39885,2024
NE,RH,1,mes_cos,-0.0739950464308682,39885,2024
NE,RH,2,intercepto,3.81019591153145,39816,2024
NE,RH,2,ultimo,1.40764874437038,39816,2024
NE,RH,2,previo,-0.519690798956435,39816,2024
NE,RH,2,diario,0.0507043483244614,39816,2024
NE,RH,2,hora_sin,-0.17216167660464,39816,2024
NE,RH,2,hora_cos,5.83659170522868,39816,2024
NE,RH,2,mes_sin,-0.140957699429322,39816,2024
NE,RH,2,mes_cos,-0.151142486494799,39816,2024
NE,RH,3,intercepto,5.75918461029117,39766,2024
NE,RH,3,ultimo,1.34979184784249,39766,2024
NE,RH,3,previo,-0.536086388723821,39766,2024
NE,RH,3,diario,0.0936541006803292,39766,2024
NE,RH,3,hora_sin,0.981594182872436,39766,2024
NE,RH,3,hora_cos,8.91051467540871,39766,2024
NE,RH,3,mes_sin,-0.206922899278533,39766,2024
NE,RH,3,mes_cos,-0.229330238277582,39766,2024
NE,SO2,1,intercepto,0.853357434717531,29889,2024
NE,SO2,1,ultimo,0.805360703075663,29889,2024
NE,SO2,1,previo,-0.0999829943375879,29889,2024
NE,SO2,1,diario,0.104360578787348,29889,2024
NE,SO2,1,hora_sin,-0.00170339997533068,29889,2024
NE,SO2,1,hora_cos,-0.216867024035972,29889,2024
NE,SO2,1,mes_sin,0.0124698285416522,29889,2024
NE,SO2,1,mes_cos,0.0506287072150898,29889,2024
NE,SO2,2,intercepto,1.45830550385258,29674,2024
NE,SO2,2,ultimo,0.456495151294588,29674,2024
NE,SO2,2,previo,0.0377283239941988,29674,2024
NE,SO2,2,diario,0.179582045026047,29674,2024
NE,SO2,2,hora_sin,-0.0367978211188227,29674,2024
NE,SO2,2,hora_cos,-0.385048136792266,29674,2024
NE,SO2,2,mes_sin,0.0331887242647563,29674,2024
NE,SO2,2,mes_cos,0.0823627786014325,29674,2024
NE,SO2,3,intercepto,1.77794607356212,29608,2024
NE,SO2,3,ultimo,0.258000511972867,29608,2024
NE,SO2,3,previo,0.122763134729581,29608,2024
NE,SO2,3,diario,0.221204958470735,29608,2024
NE,SO2,3,hora_sin,-0.084024236789556,29608,2024
NE,SO2,3,hora_cos,-0.480476934348075,29608,2024
NE,SO2,3,mes_sin,0.0463894944132068,29608,2024
NE,SO2,3,mes_cos,0.0966710784578236,29608,2024
NE,SR,1,intercepto,0.010337285386065,41722,2024
NE,SR,1,ultimo,0.93753178958609,41722,2024
NE,SR,1,previo,-0.300667968116204,41722,2024
NE,SR,1,diario,0.276847687787962,41722,2024
NE,SR,1,hora_sin,0.0118056331581959,41722,2024
NE,SR,1,hora_cos,-0.0207387764499441,41722,2024
NE,SR,1,mes_sin,0.00105458886105964,41722,2024
NE,SR,1,mes_cos,-0.00316565098621448,41722,2024
NE,SR,2,intercepto,0.0173492621422295,41697,2024
NE,SR,2,ultimo,0.688474179560683,41697,2024
NE,SR,2,previo,-0.348992800113771,41697,2024
NE,SR,2,diario,0.516373684904466,41697,2024
NE,SR,2,hora_sin,0.00899083892778589,41697,2024
NE,SR,2,hora_cos,-0.0316600733886596,41697,2024
NE,SR,2,mes_sin,0.00184574381034188,41697,2024
NE,SR,2,mes_cos,-0.00532189580571059,41697,2024
NE,SR,3,intercepto,0.0223433972518995,41671,2024
NE,SR,3,ultimo,0.477358528299373,41671,2024
NE,SR,3,previo,-0.314233749718794,41671,2024
NE,SR,3,diario,0.651430791436909,41671,2024
NE,SR,3,hora_sin,0.000826038889266195,41671,2024
NE,SR,3,hora_cos,-0.0358532129720653,41671,2024
NE,SR,3,mes_sin,0.00235551383133928,41671,2024
NE,SR,3,mes_cos,-0.00684837119426562,41671,2024
NE,TOUT,1,intercepto,0.453538692758631,36963,2024
NE,TOUT,1,ultimo,1.34720556536164,36963,2024
NE,TOUT,1,previo,-0.382298813997155,36963,2024
NE,TOUT,1,diario,0.0151067966702728,36963,2024
NE,TOUT,1,hora_sin,0.210968686726431,36963,2024
NE,TOUT,1,hora_cos,-0.69001236953932,36963,2024
NE,TOUT,1,mes_sin,0.00983747308750439,36963,2024
NE,TOUT,1,mes_cos,-0.135835338780248,36963,2024
NE,TOUT,2,intercepto,0.954627957908018,36935,2024
NE,TOUT,2,ultimo,1.42236456468929,36935,2024
NE,TOUT,2,previo,-0.516619432310915,36935,2024
NE,TOUT,2,diario,0.0521514421736048,36935,2024
NE,TOUT,2,hora_sin,0.256391856675042,36935,2024
NE,TOUT,2,hora_cos,-1.60016119933394,36935,2024
NE,TOUT,2,mes_sin,0.025123006425775,36935,2024
NE,TOUT,2,mes_cos,-0.289396049329564,36935,2024
NE,TOUT,3,intercepto,1.40292288619894,36917,2024
NE,TOUT,3,ultimo,1.38384026363629,36917,2024
NE,TOUT,3,previo,-0.546576988843306,36917,2024
NE,TOUT,3,diario,0.100996423455708,36917,2024
NE,TOUT,3,hora_sin,0.0550588021994639,36917,2024
NE,TOUT,3,hora_cos,-2.46651812502236,36917,2024
NE,TOUT,3,mes_sin,0.0397234028994078,36917,2024
NE,TOUT,3,mes_cos,-0.423218271094815,36917,2024
NE,WSR,1,intercepto,1.10351968765017,36194,2024
NE,WSR,1,ultimo,0.909156317092758,36194,2024
NE,WSR,1,previo,-0.112043564872942,36194,2024
NE,WSR,1,diario,0.0740076336773007,36194,2024
NE,WSR,1,hora_sin,-0.461445375529365,36194,2024
NE,WSR,1,hora_cos,-0.46754419230346,36194,2024
NE,WSR,1,mes_sin,0.150200015504906,36194,2024
NE,WSR,1,mes_cos,-0.244248290688851,36194,2024
NE,WSR,2,intercepto,1.85650527991609,36158,2024
NE,WSR,2,ultimo,0.707842143184297,36158,2024
NE,WSR,2,previo,-0.0690616960776155,36158,2024
NE,WSR,2,diario,0.144577618559181,36158,2024
NE,WSR,2,hora_sin,-0.917179656402771,36158,2024
NE,WSR,2,hora_cos,-0.786741990599823,36158,2024
NE,WSR,2,mes_sin,0.258978146890214,36158,2024
NE,WSR,2,mes_cos,-0.410520561948111,36158,2024
NE,WSR,3,intercepto,2.47125287175246,36133,2024
NE,WSR,3,ultimo,0.565668584290084,36133,2024
NE,WSR,3,previo,-0.0503361793253629,36133,2024
NE,WSR,3,diario,0.196077991591226,36133,2024
NE,WSR,3,hora_sin,-1.32513200399003,36133,2024
NE,WSR,3,hora_cos,-0.895323520419393,36133,2024
NE,WSR,3,mes_sin,0.340837122607762,36133,2024
NE,WSR,3,mes_cos,-0.547734683447318,36133,2024
NE2,CO,1,intercepto,0.0364906306254767,36795,2024
NE2,CO,1,ultimo,0.787733266549975,36795,2024
NE2,CO,1,previo,0.0743814639904981,36795,2024
NE2,CO,1,diario,0.118803790865835,36795,2024
NE2,CO,1,hora_sin,-0.0100008499862827,36795,2024
NE2,CO,1,hora_cos,-0.0194163241842062,36795,2024
NE2,CO,1,mes_sin,0.00321806075369096,36795,2024
NE2,CO,1,mes_cos,0.000427046930017442,36795,2024
NE2,CO,2,intercepto,0.0617894607612911,36746,2024
NE2,CO,2,ultimo,0.620110186873543,36746,2024
NE2,CO,2,previo,0.134094206654416,36746,2024
NE2,CO,2,diario,0.213493933664919,36746,2024
NE2,CO,2,hora_sin,-0.0217782956231756,36746,2024
NE2,CO,2,hora_cos,-0.0304843343630571,36746,2024
NE2,CO,2,mes_sin,0.00528787388770089,36746,2024
NE2,CO,2,mes_cos,0.0010545405609816,36746,2024
NE2,CO,3,intercepto,0.079059577671037,36718,2024
NE2,CO,3,ultimo,0.529388561818927,36718,2024
NE2,CO,3,previo,0.153105051631788,36718,2024
NE2,CO,3,diario,0.276261473915517,36718,2024
NE2,CO,3,hora_sin,-0.0340683510885084,36718,2024
NE2,CO,3,hora_cos,-0.0362444152469078,36718,2024
NE2,CO,3,mes_sin,0.00701383695811442,36718,2024
NE2,CO,3,mes_cos,0.00162005132933697,36718,2024
NE2,NO,1,intercepto,1.82509110661787,31675,2024
NE2,NO,1,ultimo,0.992206936691013,31675,2024
NE2,NO,1,previo,-0.188029803809263,31675,2024
NE2,NO,1,diario,0.0849677317341211,31675,2024
NE2,NO,1,hora_sin,0.0833959987272446,31675,2024
NE2,NO,1,hora_cos,0.381630489117385,31675,2024
NE2,NO,1,mes_sin,-0.28132012573972,31675,2024
NE2,NO,1,mes_cos,0.94285992077887,31675,2024
NE2,NO,2,intercepto,3.13137906531631,31599,2024
NE2,NO,2,ultimo,0.747582025982803,31599,2024
NE2,NO,2,previo,-0.134335357697888,31599,2024
NE2,NO,2,diario,0.198717137754443,31599,2024
NE2,NO,2,hora_sin,0.218499325115645,31599,2024
NE2,NO,2,hora_cos,0.694003889562956,31599,2024
NE2,NO,2,mes_sin,-0.45857048129083,31599,2024
NE2,NO,2,mes_cos,1.64963809690996,31599,2024
NE2,NO,3,intercepto,4.14374090652949,31555,2024
NE2,NO,3,ultimo,0.562369517479201,31555,2024
NE2,NO,3,previo,-0.0867712100066463,31555,2024
NE2,NO,3,diario,0.275906262094652,31555,2024
NE2,NO,3,hora_sin,0.384767704052275,31555,2024
NE2,NO,3,hora_cos,0.878245544712483,31555,2024
NE2,NO,3,mes_sin,-0.600562927703105,31555,2024
NE2,NO,3,mes_cos,2.19555539267238,31555,2024
NE2,NO2,1,intercepto,1.75584907586601,31651,2024
NE2,NO2,1,ultimo,1.05313636261306,31651,2024
NE2,NO2,1,previo,-0.213083336143018,31651,2024
NE2,NO2,1,diario,0.0651234337473451,31651,2024
NE2,NO2,1,hora_sin,-0.622650588236479,31651,2024
NE2,NO2,1,hora_cos,-0.263133475549504,31651,2024
NE2,NO2,1,mes_sin,-0.0591370836388531,31651,2024
NE2,NO2,1,mes_cos,0.503603324828588,31651,2024
NE2,NO2,2,intercepto,3.16724376157302,31570,2024
NE2,NO2,2,ultimo,0.865117603548973,31570,2024
NE2,NO2,2,previo,-0.195540253428587,31570,2024
NE2,NO2,2,diario,0.160014020732784,31570,2024
NE2,NO2,2,hora_sin,-1.24810116261877,31570,2024
NE2,NO2,2,hora_cos,-0.357753059425016,31570,2024
NE2,NO2,2,mes_sin,-0.100124947547116,31570,2024
NE2,NO2,2,mes_cos,0.913373259032497,31570,2024
NE2,NO2,3,intercepto,4.20090920640506,31516,2024
NE2,NO2,3,ultimo,0.684380541980729,31516,2024
NE2,NO2,3,previo,-0.149528055842487,31516,2024
NE2,NO2,3,diario,0.239415088516203,31516,2024
NE2,NO2,3,hora_sin,-1.71982834694384,31516,2024
NE2,NO2,3,hora_cos,-0.273646429833038,31516,2024
NE2,NO2,3,mes_sin,-0.140757503500076,31516,2024
NE2,NO2,3,mes_cos,1.21463233390614,31516,2024
NE2,NOX,1,intercepto,3.80028798416733,32046,2024
NE2,NOX,1,ultimo,1.03082763425698,32046,2024
NE2,NOX,1,previo,-0.214028721561473,32046,2024
NE2,NOX,1,diario,0.0738761028859241,32046,2024
NE2,NOX,1,hora_sin,-0.568240813758367,32046,2024
NE2,NOX,1,hora_cos,0.146027744615584,32046,2024
NE2,NOX,1,mes_sin,-0.355508731038662,32046,2024
NE2,NOX,1,mes_cos,1.5069342559704,32046,2024
NE2,NOX,2,intercepto,6.55443716062673,31970,2024
NE2,NOX,2,ultimo,0.803165757355167,31970,2024
NE2,NOX,2,previo,-0.173951823217057,31970,2024
NE2,NOX,2,diario,0.183248814271564,31970,2024
NE2,NOX,2,hora_sin,-1.04344627310492,31970,2024
NE2,NOX,2,hora_cos,0.38264654875038,31970,2024
NE2,NOX,2,mes_sin,-0.600271678255267,31970,2024
NE2,NOX,2,mes_cos,2.62898643817897,31970,2024
NE2,NOX,3,intercepto,8.61554295733434,31918,2024
NE2,NOX,3,ultimo,0.613127072719361,31918,2024
NE2,NOX,3,previo,-0.123747233059669,31918,2024
NE2,NOX,3,diario,0.264416580487267,31918,2024
NE2,NOX,3,hora_sin,-1.32275523447079,31918,2024
NE2,NOX,3,hora_cos,0.673960287520439,31918,2024
NE2,NOX,3,mes_sin,-0.784786893658751,31918,2024
NE2,NOX,3,mes_cos,3.46880285920211,31918,2024
NE2,PM10,1,intercepto,7.93887287120115,39515,2024
NE2,PM10,1,ultimo,0.790379797322571,39515,2024
NE2,PM10,1,previo,0.0121583066679907,39515,2024
NE2,PM10,1,diario,0.0760543266424484,39515,2024
NE2,PM10,1,hora_sin,-0.820127102038831,39515,2024
NE2,PM10,1,hora_cos,-1.63663047271209,39515,2024
NE2,PM10,1,mes_sin,0.3597901923509,39515,2024
NE2,PM10,1,mes_cos,1.39078415410029,39515,2024
NE2,PM10,2,intercepto,13.4897255549703,39427,2024
NE2,PM10,2,ultimo,0.592291042551262,39427,2024
NE2,PM10,2,previo,0.0552652520120191,39427,2024
NE2,PM10,2,diario,0.14627121008899,39427,2024
NE2,PM10,2,hora_sin,-1.84125811669213,39427,2024
NE2,PM10,2,hora_cos,-2.80942489267683,39427,2024
NE2,PM10,2,mes_sin,0.587602664235597,39427,2024
NE2,PM10,2,mes_cos,2.34177132057819,39427,2024
NE2,PM10,3,intercepto,17.3032156272994,39360,2024
NE2,PM10,3,ultimo,0.469089918028293,39360,2024
NE2,PM10,3,previo,0.0692432671225676,39360,2024
NE2,PM10,3,diario,0.196928428540215,39360,2024
NE2,PM10,3,hora_sin,-2.80125801515888,39360,2024
NE2,PM10,3,hora_cos,-3.4112070817365,39360,2024
NE2,PM10,3,mes_sin,0.797244374293709,39360,2024
NE2,PM10,3,mes_cos,3.03922169295531,39360,2024
NE2,PM2.5,1,intercepto,2.91152406753615,28705,2024
NE2,PM2.5,1,ultimo,0.886390518059656,28705,2024
NE2,PM2.5,1,previo,-0.0883363667042566,28705,2024
NE2,PM2.5,1,diario,0.0749707426821316,28705,2024
NE2,PM2.5,1,hora_sin,0.494707381891766,28705,2024
NE2,PM2.5,1,hora_cos,-0.96725520602301,28705,2024
NE2,PM2.5,1,mes_sin,0.0979199054186134,28705,2024
NE2,PM2.5,1,mes_cos,0.296112827391345,28705,2024
NE2,PM2.5,2,intercepto,5.01449284260364,28256,2024
NE2,PM2.5,2,ultimo,0.691529713224856,28256,2024
NE2,PM2.5,2,previo,-0.0551620989220766,28256,2024
NE2,PM2.5,2,diario,0.151362433811449,28256,2024
NE2,PM2.5,2,hora_sin,0.682951819827431,28256,2024
NE2,PM2.5,2,hora_cos,-1.73758479237627,28256,2024
NE2,PM2.5,2,mes_sin,0.0909623552837726,28256,2024
NE2,PM2.5,2,mes_cos,0.431490322473008,28256,2024
NE2,PM2.5,3,intercepto,6.54643490528275,27975,2024
NE2,PM2.5,3,ultimo,0.555199075242638,27975,2024
NE2,PM2.5,3,previo,-0.044117757218357,27975,2024
NE2,PM2.5,3,diario,0.213306722449248,27975,2024
NE2,PM2.5,3,hora_sin,0.543054426583523,27975,2024
NE2,PM2.5,3,hora_cos,-2.25512828089542,27975,2024
NE2,PM2.5,3,mes_sin,0.11444715111286,27975,2024
NE2,PM2.5,3,mes_cos,0.505252704985214,27975,2024
NE2,PRS,1,intercepto,18.737522282816,41263,2024
NE2,PRS,1,ultimo,0.681668482168711,41263,2024
NE2,PRS,1,previo,0.302778772718877,41263,2024
NE2,PRS,1,diario,-0.0106591288420534,41263,2024
NE2,PRS,1,hora_sin,0.178628424452408,41263,2024
NE2,PRS,1,hora_cos,0.294003542970482,41263,2024
NE2,PRS,1,mes_sin,-0.0514420040331095,41263,2024
NE2,PRS,1,mes_cos,0.0619617175342581,41263,2024
NE2,PRS,2,intercepto,29.0707075234554,41200,2024
NE2,PRS,2,ultimo,0.880222068871696,41200,2024
NE2,PRS,2,previo,0.0821109117002582,41200,2024
NE2,PRS,2,diario,-0.00300558341929525,41200,2024
NE2,PRS,2,hora_sin,0.321809716638918,41200,2024
NE2,PRS,2,hora_cos,0.433271712121132,41200,2024
NE2,PRS,2,mes_sin,-0.0828873827379592,41200,2024
NE2,PRS,2,mes_cos,0.0930739487817902,41200,2024
NE2,PRS,3,intercepto,43.2578316702813,41163,2024
NE2,PRS,3,ultimo,0.831497982469568,41163,2024
NE2,PRS,3,previo,0.0963456488088132,41163,2024
NE2,PRS,3,diario,0.0116365383703814,41163,2024
NE2,PRS,3,hora_sin,0.532242878700478,41163,2024
NE2,PRS,3,hora_cos,0.544163092138918,41163,2024
NE2,PRS,3,mes_sin,-0.122015921085929,41163,2024
NE2,PRS,3,mes_cos,0.13276651169552,41163,2024
NE2,RAINF,1,intercepto,0.0100556275870133,41653,2024
NE2,RAINF,1,ultimo,0.439210130139568,41653,2024
NE2,RAINF,1,previo,-0.0521533096642045,41653,2024
NE2,RAINF,1,diario,0.000711271058231678,41653,2024
NE2,RAINF,1,hora_sin,-0.00248147003550371,41653,2024
NE2,RAINF,1,hora_cos,0.00919601548900362,41653,2024
NE2,RAINF,1,mes_sin,-0.00584834882443574,41653,2024
NE2,RAINF,1,mes_cos,-0.00792711828878128,41653,2024
NE2,RAINF,2,intercepto,0.0137548556183416,41608,2024
NE2,RAINF,2,ultimo,0.100234932169808,41608,2024
NE2,RAINF,2,previo,0.0668470995942872,41608,2024
NE2,RAINF,2,diario,0.0014758333235871,41608,2024
NE2,RAINF,2,hora_sin,-0.00299731785913239,41608,2024
NE2,RAINF,2,hora_cos,0.0132643963287445,41608,2024
NE2,RAINF,2,mes_sin,-0.00827904807099275,41608,2024
NE2,RAINF,2,mes_cos,-0.0107918078021015,41608,2024
NE2,RAINF,3,intercepto,0.0144673988314112,41577,2024
NE2,RAINF,3,ultimo,0.0868387195580177,41577,2024
NE2,RAINF,3,previo,0.0203695629035462,41577,2024
NE2,RAINF,3,diario,0.00144547615769325,41577,2024
NE2,RAINF,3,hora_sin,-0.0030902006402738,41577,2024
NE2,RAINF,3,hora_cos,0.0137868223424148,41577,2024
NE2,RAINF,3,mes_sin,-0.00840565842233299,41577,2024
NE2,RAINF,3,mes_cos,-0.011282010593437,41577,2024
NE2,RH,1,intercepto,1.70300608833434,40785,2024
NE2,RH,1,ultimo,1.35312065331139,40785,2024
NE2,RH,1,previo,-0.401507530469527,40785,2024
NE2,RH,1,diario,0.0180240202149926,40785,2024
NE2,RH,1,hora_sin,-0.46524901907532,40785,2024
NE2,RH,1,hora_cos,2.60780209742723,40785,2024
NE2,RH,1,mes_sin,-0.066853273979778,40785,2024
NE2,RH,1,mes_cos,-0.028064549315789,40785,2024
NE2,RH,2,intercepto,3.67917189362181,40720,2024
NE2,RH,2,ultimo,1.37759003338479,40720,2024
NE2,RH,2,previo,-0.49785081071505,40720,2024
NE2,RH,2,diario,0.0547479501283282,40720,2024
NE2,RH,2,hora_sin,-0.174947560019035,40720,2024
NE2,RH,2,hora_cos,6.17210838129955,40720,2024
NE2,RH,2,mes_sin,-0.130309875813241,40720,2024
NE2,RH,2,mes_cos,-0.0568599778247015,40720,2024
NE2,RH,3,intercepto,5.49867567742317,40674,2024
NE2,RH,3,ultimo,1.32290619220204,40674,2024
NE2,RH,3,previo,-0.521718517279934,40674,2024
NE2,RH,3,diario,0.101046028119527,40674,2024
NE2,RH,3,hora_sin,0.976886578182965,40674,2024
NE2,RH,3,hora_cos,9.27915368657039,40674,2024
NE2,RH,3,mes_sin,-0.176448759130579,40674,2024
NE2,RH,3,mes_cos,-0.0840987441087674,40674,2024
NE2,SO2,1,intercepto,1.27815134313705,35290,2024
NE2,SO2,1,ultimo,0.695003347721508,35290,2024
NE2,SO2,1,previo,-0.0276490147747468,35290,2024
NE2,SO2,1,diario,0.108266225121926,35290,2024
NE2,SO2,1,hora_sin,-0.282369103215315,35290,2024
NE2,SO2,1,hora_cos,-0.279293998210567,35290,2024
NE2,SO2,1,mes_sin,-0.166905503385035,35290,2024
NE2,SO2,1,mes_cos,0.271865496033819,35290,2024
NE2,SO2,2,intercepto,1.98993814367414,35121,2024
NE2,SO2,2,ultimo,0.383040907220227,35121,2024
NE2,SO2,2,previo,0.0828439329487444,35121,2024
NE2,SO2,2,diario,0.185880081094521,35121,2024
NE2,SO2,2,hora_sin,-0.493971242594826,35121,2024
NE2,SO2,2,hora_cos,-0.43560800268361,35121,2024
NE2,SO2,2,mes_sin,-0.255887319538795,35121,2024
NE2,SO2,2,mes_cos,0.428598588903279,35121,2024
NE2,SO2,3,intercepto,2.29975024269417,35069,2024
NE2,SO2,3,ultimo,0.272491980065034,35069,2024
NE2,SO2,3,previo,0.10100997018906,35069,2024
NE2,SO2,3,diario,0.224392536448752,35069,2024
NE2,SO2,3,hora_sin,-0.621516299723472,35069,2024
NE2,SO2,3,hora_cos,-0.502897530166828,35069,2024
NE2,SO2,3,mes_sin,-0.29563813800574,35069,2024
NE2,SO2,3,mes_cos,0.493158176107915,35069,2024
NE2,SR,1,intercepto,0.0116867887071977,42990,2024
NE2,SR,1,ultimo,1.01875626833775,42990,2024
NE2,SR,1,previo,-0.313889950636683,42990,2024
NE2,SR,1,diario,0.232501929367687,42990,2024
NE2,SR,1,hora_sin,0.0178781501160936,42990,2024
NE2,SR,1,hora_cos,-0.0191793514873337,42990,2024
NE2,SR,1,mes_sin,0.000583296469825468,42990,2024
NE2,SR,1,mes_cos,2.4416821023407e-05,42990,2024
NE2,SR,2,intercepto,0.0191485169399,42964,2024
NE2,SR,2,ultimo,0.775583281811976,42964,2024
NE2,SR,2,previo,-0.357262897931334,42964,2024
NE2,SR,2,diario,0.479230645187361,42964,2024
NE2,SR,2,hora_sin,0.020264095196104,42964,2024
NE2,SR,2,hora_cos,-0.0308360048969704,42964,2024
NE2,SR,2,mes_sin,0.00105129862196586,42964,2024
NE2,SR,2,mes_cos,5.56045421096623e-05,42964,2024
NE2,SR,3,intercepto,0.0227953414214717,42943,2024
NE2,SR,3,ultimo,0.535849853328247,42943,2024
NE2,SR,3,previo,-0.29842126810426,42943,2024
NE2,SR,3,diario,0.640547960317946,42943,2024
NE2,SR,3,hora_sin,0.0151422459776643,42943,2024
NE2,SR,3,hora_cos,-0.0354997009055389,42943,2024
NE2,SR,3,mes_sin,0.00133471638611706,42943,2024
NE2,SR,3,mes_cos,0.000114581260310642,42943,2024
NE2,TOUT,1,intercepto,0.613928172723032,41583,2024
NE2,TOUT,1,ultimo,1.11578389781316,41583,2024
NE2,TOUT,1,previo,-0.163172107932531,41583,2024
NE2,TOUT,1,diario,0.0214540930116688,41583,2024
NE2,TOUT,1,hora_sin,0.153887829936242,41583,2024
NE2,TOUT,1,hora_cos,-0.958841423847697,41583,2024
NE2,TOUT,1,mes_sin,0.0151505975853386,41583,2024
NE2,TOUT,1,mes_cos,-0.168571305825655,41583,2024
NE2,TOUT,2,intercepto,1.22346003622429,41535,2024
NE2,TOUT,2,ultimo,1.11786923167833,41535,2024
NE2,TOUT,2,previo,-0.234328036359369,41535,2024
NE2,TOUT,2,diario,0.0650680174387399,41535,2024
NE2,TOUT,2,hora_sin,0.0614499438038769,41535,2024
NE2,TOUT,2,hora_cos,-1.90011869529458,41535,2024
NE2,TOUT,2,mes_sin,0.0352357012921874,41535,2024
NE2,TOUT,2,mes_cos,-0.33782962651329,41535,2024
NE2,TOUT,3,intercepto,1.79503323768609,41502,2024
NE2,TOUT,3,ultimo,1.04801213587073,41502,2024
NE2,TOUT,3,previo,-0.241400465840155,41502,2024
NE2,TOUT,3,diario,0.11812551413654,41502,2024
NE2,TOUT,3,hora_sin,-0.270980190518758,41502,2024
NE2,TOUT,3,hora_cos,-2.70284825820793,41502,2024
NE2,TOUT,3,mes_sin,0.0553702428799129,41502,2024
NE2,TOUT,3,mes_cos,-0.498096887609306,41502,2024
NE2,WSR,1,intercepto,1.03005404426427,35152,2024
NE2,WSR,1,ultimo,0.843494166187948,35152,2024
NE2,WSR,1,previo,-0.00902674392333616,35152,2024
NE2,WSR,1,diario,0.0516471609878377,35152,2024
NE2,WSR,1,hora_sin,-0.317679002225693,35152,2024
NE2,WSR,1,hora_cos,-0.465863110375681,35152,2024
NE2,WSR,1,mes_sin,-0.0359460508892021,35152,2024
NE2,WSR,1,mes_cos,0.0116624691864002,35152,2024
NE2,WSR,2,intercepto,1.83010027218124,34970,2024
NE2,WSR,2,ultimo,0.69732854963734,34970,2024
NE2,WSR,2,previo,-0.00481056314234635,34970,2024
NE2,WSR,2,diario,0.105545921932026,34970,2024
NE2,WSR,2,hora_sin,-0.65634429945742,34970,2024
NE2,WSR,2,hora_cos,-0.744111034302832,34970,2024
NE2,WSR,2,mes_sin,-0.0654233487363172,34970,2024
NE2,WSR,2,mes_cos,0.0212940204550279,34970,2024
NE2,WSR,3,intercepto,2.45437142414741,34816,2024
NE2,WSR,3,ultimo,0.570566134202497,34816,2024
NE2,WSR,3,previo,0.00409513828667989,34816,2024
NE2,WSR,3,diario,0.154674059960999,34816,2024
NE2,WSR,3,hora_sin,-0.975833138591255,34816,2024
NE2,WSR,3,hora_cos,-0.874135177254555,34816,2024
NE2,WSR,3,mes_sin,-0.0819456117880563,34816,2024
NE2,WSR,3,mes_cos,0.0241862999072504,34816,2024
NE3,CO,1,intercepto,0.0160045963902275,31642,2024
NE3,CO,1,ultimo,1.0148162941596,31642,2024
NE3,CO,1,previo,-0.0515201610613037,31642,2024
NE3,CO,1,diario,0.00149524372188667,31642,2024
NE3,CO,1,hora_sin,-0.000916570938338794,31642,2024
NE3,CO,1,hora_cos,0.00648409952272726,31642,2024
NE3,CO,1,mes_sin,-0.0003561622991494,31642,2024
NE3,CO,1,mes_cos,0.000671403367147913,31642,2024
NE3,CO,2,intercepto,0.0310295792620928,31525,2024
NE3,CO,2,ultimo,0.95018531681579,31525,2024
NE3,CO,2,previo,-0.0238513040642548,31525,2024
NE3,CO,2,diario,0.00397576132620955,31525,2024
NE3,CO,2,hora_sin,-0.000570008258946588,31525,2024
NE3,CO,2,hora_cos,0.0146446967834081,31525,2024
NE3,CO,2,mes_sin,-0.001490788854082,31525,2024
NE3,CO,2,mes_cos,0.00202954111170392,31525,2024
NE3,CO,3,intercepto,0.0448787463676252,31454,2024
NE3,CO,3,ultimo,0.894493126815351,31454,2024
NE3,CO,3,previo,-0.000618030792251634,31454,2024
NE3,CO,3,diario,0.00461366908796586,31454,2024
NE3,CO,3,hora_sin,0.00186772564542254,31454,2024
NE3,CO,3,hora_cos,0.0220208291179218,31454,2024
NE3,CO,3,mes_sin,-0.00281569633952869,31454,2024
NE3,CO,3,mes_cos,0.00330820475571465,31454,2024
NE3,NO,1,intercepto,1.9938692935132,30878,2024
NE3,NO,1,ultimo,0.950315265879866,30878,2024
NE3,NO,1,previo,-0.180750113197542,30878,2024
NE3,NO,1,diario,0.0788980130796656,30878,2024
NE3,NO,1,hora_sin,0.777464516456993,30878,2024
NE3,NO,1,hora_cos,0.589617446792042,30878,2024
NE3,NO,1,mes_sin,-0.161288773420012,30878,2024
NE3,NO,1,mes_cos,0.331488562110338,30878,2024
NE3,NO,2,intercepto,3.49618017139178,30756,2024
NE3,NO,2,ultimo,0.707140869958529,30756,2024
NE3,NO,2,previo,-0.135024397727867,30756,2024
NE3,NO,2,diario,0.162483711493435,30756,2024
NE3,NO,2,hora_sin,1.52807934478857,30756,2024
NE3,NO,2,hora_cos,0.944219321858938,30756,2024
NE3,NO,2,mes_sin,-0.265155577752091,30756,2024
NE3,NO,2,mes_cos,0.567663339238695,30756,2024
NE3,NO,3,intercepto,4.65209788247517,30688,2024
NE3,NO,3,ultimo,0.505680216503583,30688,2024
NE3,NO,3,previo,-0.0704267275753723,30688,2024
NE3,NO,3,diario,0.211706722280262,30688,2024
NE3,NO,3,hora_sin,2.17990916065898,30688,2024
NE3,NO,3,hora_cos,1.03305694365153,30688,2024
NE3,NO,3,mes_sin,-0.351277015592094,30688,2024
NE3,NO,3,mes_cos,0.774472648173211,30688,2024
NE3,NO2,1,intercepto,1.22155472582669,30950,2024
NE3,NO2,1,ultimo,0.918576463028563,30950,2024
NE3,NO2,1,previo,-0.132939849267918,30950,2024
NE3,NO2,1,diario,0.0825975380662462,30950,2024
NE3,NO2,1,hora_sin,0.0454583654079866,30950,2024
NE3,NO2,1,hora_cos,0.399595827495635,30950,2024
NE3,NO2,1,mes_sin,-0.118809371721675,30950,2024
NE3,NO2,1,mes_cos,0.425624642857823,30950,2024
NE3,NO2,2,intercepto,2.12068225377953,30831,2024
NE3,NO2,2,ultimo,0.662976518759709,30831,2024
NE3,NO2,2,previo,-0.0653671098166631,30831,2024
NE3,NO2,2,diario,0.173558378964398,30831,2024
NE3,NO2,2,hora_sin,0.165973756621826,30831,2024
NE3,NO2,2,hora_cos,0.718502693193664,30831,2024
NE3,NO2,2,mes_sin,-0.204926322216078,30831,2024
NE3,NO2,2,mes_cos,0.734319493831291,30831,2024
NE3,NO2,3,intercepto,2.79240353551805,30765,2024
NE3,NO2,3,ultimo,0.508940506157027,30765,2024
NE3,NO2,3,previo,-0.0432546247662294,30765,2024
NE3,NO2,3,diario,0.232645294407725,30765,2024
NE3,NO2,3,hora_sin,0.322720686410236,30765,2024
NE3,NO2,3,hora_cos,0.901225372767341,30765,2024
NE3,NO2,3,mes_sin,-0.270960343456154,30765,2024
NE3,NO2,3,mes_cos,0.971535571492648,30765,2024
NE3,NOX,1,intercepto,2.81317416942304,30858,2024
NE3,NOX,1,ultimo,0.977611147392519,30858,2024
NE3,NOX,1,previo,-0.186319168494427,30858,2024
NE3,NOX,1,diario,0.0775216494506952,30858,2024
NE3,NOX,1,hora_sin,0.743677920784024,30858,2024
NE3,NOX,1,hora_cos,0.994127201076271,30858,2024
NE3,NOX,1,mes_sin,-0.244936643572818,30858,2024
NE3,NOX,1,mes_cos,0.709686752180627,30858,2024
NE3,NOX,2,intercepto,4.97942422040969,30738,2024
NE3,NOX,2,ultimo,0.753128079101864,30738,2024
NE3,NOX,2,previo,-0.151445369281204,30738,2024
NE3,NOX,2,diario,0.166233514306372,30738,2024
NE3,NOX,2,hora_sin,1.5686746966184,30738,2024
NE3,NOX,2,hora_cos,1.68895348641703,30738,2024
NE3,NOX,2,mes_sin,-0.412986081976152,30738,2024
NE3,NOX,2,mes_cos,1.23429057725997,30738,2024
NE3,NOX,3,intercepto,6.74525496543317,30673,2024
NE3,NOX,3,ultimo,0.567294851792524,30673,2024
NE3,NOX,3,previo,-0.105444176665001,30673,2024
NE3,NOX,3,diario,0.22366441609586,30673,2024
NE3,NOX,3,hora_sin,2.36183286630073,30673,2024
NE3,NOX,3,hora_cos,1.98287304705784,30673,2024
NE3,NOX,3,mes_sin,-0.558865672292843,30673,2024
NE3,NOX,3,mes_cos,1.69513526236963,30673,2024
NE3,PM10,1,intercepto,5.72827446934755,30881,2024
NE3,PM10,1,ultimo,0.736349509681462,30881,2024
NE3,PM10,1,previo,0.0376390246634936,30881,2024
NE3,PM10,1,diario,0.0831216432308912,30881,2024
NE3,PM10,1,hora_sin,0.507316237743054,30881,2024
NE3,PM10,1,hora_cos,0.1037635159321,30881,2024
NE3,PM10,1,mes_sin,0.468429971892713,30881,2024
NE3,PM10,1,mes_cos,1.18374017819944,30881,2024
NE3,PM10,2,intercepto,9.26629842136816,30765,2024
NE3,PM10,2,ultimo,0.543160514903565,30765,2024
NE3,PM10,2,previo,0.0770485960761347,30765,2024
NE3,PM10,2,diario,0.14845264732245,30765,2024
NE3,PM10,2,hora_sin,0.849731645623509,30765,2024
NE3,PM10,2,hora_cos,0.109319426113179,30765,2024
NE3,PM10,2,mes_sin,0.810663562360263,30765,2024
NE3,PM10,2,mes_cos,1.9577220828207,30765,2024
NE3,PM10,3,intercepto,11.8783705445449,30690,2024
NE3,PM10,3,ultimo,0.43178356825851,30690,2024
NE3,PM10,3,previo,0.0828278418609602,30690,2024
NE3,PM10,3,diario,0.188705793172702,30690,2024
NE3,PM10,3,hora_sin,1.08367808937143,30690,2024
NE3,PM10,3,hora_cos,-0.0438466639934767,30690,2024
NE3,PM10,3,mes_sin,1.04092586722505,30690,2024
NE3,PM10,3,mes_cos,2.53041016151535,30690,2024
NE3,PM2.5,1,intercepto,,0,2024
NE3,PM2.5,1,ultimo,,0,2024
NE3,PM2.5,1,previo,,0,2024
NE3,PM2.5,1,diario,,0,2024
NE3,PM2.5,1,hora_sin,,0,2024
NE3,PM2.5,1,hora_cos,,0,2024
NE3,PM2.5,1,mes_sin,,0,2024
NE3,PM2.5,1,mes_cos,,0,2024
NE3,PM2.5,2,intercepto,,0,2024
NE3,PM2.5,2,ultimo,,0,2024
NE3,PM2.5,2,previo,,0,2024
NE3,PM2.5,2,diario,,0,2024
NE3,PM2.5,2,hora_sin,,0,2024
NE3,PM2.5,2,hora_cos,,0,2024
NE3,PM2.5,2,mes_sin,,0,2024
NE3,PM2.5,2,mes_cos,,0,2024
NE3,PM2.5,3,intercepto,,0,2024
NE3,PM2.5,3,ultimo,,0,2024
NE3,PM2.5,3,previo,,0,2024
NE3,PM2.5,3,diario,,0,2024
NE3,PM2.5,3,hora_sin,,0,2024
NE3,PM2.5,3,hora_cos,,0,2024
NE3,PM2.5,3,mes_sin,,0,2024
NE3,PM2.5,3,mes_cos,,0,2024
NE3,PRS,1,intercepto,14.3141234427045,31460,2024
NE3,PRS,1,ultimo,1.14214939251375,31460,2024
NE3,PRS,1,previo,-0.150919849785209,31460,2024
NE3,PRS,1,diario,-0.0108517862744185,31460,2024
NE3,PRS,1,hora_sin,0.0611786432749493,31460,2024
NE3,PRS,1,hora_cos,0.181800575658481,31460,2024
NE3,PRS,1,mes_sin,-0.0272190099446786,31460,2024
NE3,PRS,1,mes_cos,0.0365528431305705,31460,2024
NE3,PRS,2,intercepto,28.3049416934377,31325,2024
NE3,PRS,2,ultimo,1.36202066566807,31325,2024
NE3,PRS,2,previo,-0.395943309103568,31325,2024
NE3,PRS,2,diario,-0.0048799606872393,31325,2024
NE3,PRS,2,hora_sin,0.141415312577601,31325,2024
NE3,PRS,2,hora_cos,0.325864427703771,31325,2024
NE3,PRS,2,mes_sin,-0.0546395868441752,31325,2024
NE3,PRS,2,mes_cos,0.0719147093599779,31325,2024
NE3,PRS,3,intercepto,42.3932938356218,31246,2024
NE3,PRS,3,ultimo,1.40548472792184,31246,2024
NE3,PRS,3,previo,-0.476456545431351,31246,2024
NE3,PRS,3,diario,0.0128510479895445,31246,2024
NE3,PRS,3,hora_sin,0.272868054488474,31246,2024
NE3,PRS,3,hora_cos,0.46058145420678,31246,2024
NE3,PRS,3,mes_sin,-0.0840458628743086,31246,2024
NE3,PRS,3,mes_cos,0.103775811458791,31246,2024
NE3,RAINF,1,intercepto,0.0464391465667493,32174,2024
NE3,RAINF,1,ultimo,0.239981244050081,32174,2024
NE3,RAINF,1,previo,0.0531500701691308,32174,2024
NE3,RAINF,1,diario,0.0215489240361986,32174,2024
NE3,RAINF,1,hora_sin,-0.0174648690660223,32174,2024
NE3,RAINF,1,hora_cos,0.0265147637315088,32174,2024
NE3,RAINF,1,mes_sin,-0.00632818302145688,32174,2024
NE3,RAINF,1,mes_cos,-0.036236535324947,32174,2024
NE3,RAINF,2,intercepto,0.0513197421825022,32067,2024
NE3,RAINF,2,ultimo,0.0754802348901429,32067,2024
NE3,RAINF,2,previo,0.147401939359333,32067,2024
NE3,RAINF,2,diario,0.0273297296136526,32067,2024
NE3,RAINF,2,hora_sin,-0.0214528359410965,32067,2024
NE3,RAINF,2,hora_cos,0.0305649107967219,32067,2024
NE3,RAINF,2,mes_sin,-0.0072415143367977,32067,2024
NE3,RAINF,2,mes_cos,-0.0399817593882125,32067,2024
NE3,RAINF,3,intercepto,0.0536907112538041,32002,2024
NE3,RAINF,3,ultimo,0.155747123514395,32002,2024
NE3,RAINF,3,previo,0.045923203381974,32002,2024
NE3,RAINF,3,diario,0.0254288090778905,32002,2024
NE3,RAINF,3,hora_sin,-0.0231265115011512,32002,2024
NE3,RAINF,3,hora_cos,0.0328394855528065,32002,2024
NE3,RAINF,3,mes_sin,-0.00857162924948367,32002,2024
NE3,RAINF,3,mes_cos,-0.041796565112475,32002,2024
NE3,RH,1,intercepto,2.08335388595988,32049,2024
NE3,RH,1,ultimo,1.35691659330776,32049,2024
NE3,RH,1,previo,-0.418952195748538,32049,2024
NE3,RH,1,diario,0.0279110380626873,32049,2024
NE3,RH,1,hora_sin,-0.833924146724556,32049,2024
NE3,RH,1,hora_cos,2.70947590696903,32049,2024
NE3,RH,1,mes_sin,-0.157100888030147,32049,2024
NE3,RH,1,mes_cos,0.025590081760143,32049,2024
NE3,RH,2,intercepto,4.3712422272582,31926,2024
NE3,RH,2,ultimo,1.37342491622021,31926,2024
NE3,RH,2,previo,-0.528435637011502,31926,2024
NE3,RH,2,diario,0.0834061785913911,31926,2024
NE3,RH,2,hora_sin,-1.00910293193251,31926,2024
NE3,RH,2,hora_cos,6.3874222893725,31926,2024
NE3,RH,2,mes_sin,-0.311088240275933,31926,2024
NE3,RH,2,mes_cos,0.0665908818636153,31926,2024
NE3,RH,3,intercepto,6.38165248499394,31849,2024
NE3,RH,3,ultimo,1.28148455948847,31849,2024
NE3,RH,3,previo,-0.5334706776605,31849,2024
NE3,RH,3,diario,0.147302239136799,31849,2024
NE3,RH,3,hora_sin,-0.206870741526976,31849,2024
NE3,RH,3,hora_cos,9.67084117496205,31849,2024
NE3,RH,3,mes_sin,-0.461861833228118,31849,2024
NE3,RH,3,mes_cos,0.0903880961602802,31849,2024
NE3,SO2,1,intercepto,1.46568802762537,17548,2024
NE3,SO2,1,ultimo,0.77640740520461,17548,2024
NE3,SO2,1,previo,-0.20029707527677,17548,2024
NE3,SO2,1,diario,0.0370934787230173,17548,2024
NE3,SO2,1,hora_sin,-0.0409026868459769,17548,2024
NE3,SO2,1,hora_cos,-0.428492764531642,17548,2024
NE3,SO2,1,mes_sin,-0.0608579024309942,17548,2024
NE3,SO2,1,mes_cos,0.191791884605315,17548,2024
NE3,SO2,2,intercepto,2.42975579148016,17169,2024
NE3,SO2,2,ultimo,0.319496651569835,17169,2024
NE3,SO2,2,previo,-0.0258651216613522,17169,2024
NE3,SO2,2,diario,0.0621758531035236,17169,2024
NE3,SO2,2,hora_sin,-0.0988054957294613,17169,2024
NE3,SO2,2,hora_cos,-0.740670054135242,17169,2024
NE3,SO2,2,mes_sin,-0.106718236531409,17169,2024
NE3,SO2,2,mes_cos,0.330547983034454,17169,2024
NE3,SO2,3,intercepto,2.78097223740846,17031,2024
NE3,SO2,3,ultimo,0.176269572479908,17031,2024
NE3,SO2,3,previo,0.0105791759789339,17031,2024
NE3,SO2,3,diario,0.0712724331338056,17031,2024
NE3,SO2,3,hora_sin,-0.155361642758504,17031,2024
NE3,SO2,3,hora_cos,-0.837595782594964,17031,2024
NE3,SO2,3,mes_sin,-0.13747295531101,17031,2024
NE3,SO2,3,mes_cos,0.387964132776875,17031,2024
NE3,SR,1,intercepto,0.0889312493137833,27934,2024
NE3,SR,1,ultimo,0.00176969835623092,27934,2024
NE3,SR,1,previo,0.00132723697019732,27934,2024
NE3,SR,1,diario,0.613388364430123,27934,2024
NE3,SR,1,hora_sin,-0.0694626988313581,27934,2024
NE3,SR,1,hora_cos,-0.129996652405329,27934,2024
NE3,SR,1,mes_sin,-0.0279529332637367,27934,2024
NE3,SR,1,mes_cos,-0.0238990713209946,27934,2024
NE3,SR,2,intercepto,0.0886410880571022,27819,2024
NE3,SR,2,ultimo,0.00130057797631054,27819,2024
NE3,SR,2,previo,0.000890071104024436,27819,2024
NE3,SR,2,diario,0.615588350514902,27819,2024
NE3,SR,2,hora_sin,-0.0695435037076268,27819,2024
NE3,SR,2,hora_cos,-0.129331281999559,27819,2024
NE3,SR,2,mes_sin,-0.0283391002049134,27819,2024
NE3,SR,2,mes_cos,-0.0238121869976454,27819,2024
NE3,SR,3,intercepto,0.0882691083189959,27715,2024
NE3,SR,3,ultimo,0.000894408990383337,27715,2024
NE3,SR,3,previo,0.000503881581178921,27715,2024
NE3,SR,3,diario,0.619529060627361,27715,2024
NE3,SR,3,hora_sin,-0.0691777962463592,27715,2024
NE3,SR,3,hora_cos,-0.127845343180617,27715,2024
NE3,SR,3,mes_sin,-0.0284648165919605,27715,2024
NE3,SR,3,mes_cos,-0.0237440561823399,27715,2024
NE3,TOUT,1,intercepto,0.668929854501881,31436,2024
NE3,TOUT,1,ultimo,1.37679463189907,31436,2024
NE3,TOUT,1,previo,-0.433947855941651,31436,2024
NE3,TOUT,1,diario,0.0286133148853454,31436,2024
NE3,TOUT,1,hora_sin,0.275311268395264,31436,2024
NE3,TOUT,1,hora_cos,-0.681884694196944,31436,2024
NE3,TOUT,1,mes_sin,0.0205092333899353,31436,2024
NE3,TOUT,1,mes_cos,-0.203811896203398,31436,2024
NE3,TOUT,2,intercepto,1.37146842225232,31302,2024
NE3,TOUT,2,ultimo,1.44842210026484,31302,2024
NE3,TOUT,2,previo,-0.601480767787055,31302,2024
NE3,TOUT,2,diario,0.094464462379686,31302,2024
NE3,TOUT,2,hora_sin,0.406579090280301,31302,2024
NE3,TOUT,2,hora_cos,-1.56028678041451,31302,2024
NE3,TOUT,2,mes_sin,0.0427881022783821,31302,2024
NE3,TOUT,2,mes_cos,-0.422034418223496,31302,2024
NE3,TOUT,3,intercepto,1.96333126376712,31244,2024
NE3,TOUT,3,ultimo,1.35659122869104,31244,2024
NE3,TOUT,3,previo,-0.616430004926006,31244,2024
NE3,TOUT,3,diario,0.176010209512976,31244,2024
NE3,TOUT,3,hora_sin,0.278691481425954,31244,2024
NE3,TOUT,3,hora_cos,-2.37768412383739,31244,2024
NE3,TOUT,3,mes_sin,0.0686206250256992,31244,2024
NE3,TOUT,3,mes_cos,-0.600703287561336,31244,2024
NE3,WSR,1,intercepto,1.07464296877424,29896,2024
NE3,WSR,1,ultimo,0.975398691953688,29896,2024
NE3,WSR,1,previo,-0.167371997582245,29896,2024
NE3,WSR,1,diario,0.0591096327084206,29896,2024
NE3,WSR,1,hora_sin,-0.196497235318295,29896,2024
NE3,WSR,1,hora_cos,-0.68647848247841,29896,2024
NE3,WSR,1,mes_sin,0.221394672389584,29896,2024
NE3,WSR,1,mes_cos,-0.228584714833578,29896,2024
NE3,WSR,2,intercepto,1.93790478234012,29620,2024
NE3,WSR,2,ultimo,0.74441473285871,29620,2024
NE3,WSR,2,previo,-0.121799800299098,29620,2024
NE3,WSR,2,diario,0.137846844077524,29620,2024
NE3,WSR,2,hora_sin,-0.505755055846397,29620,2024
NE3,WSR,2,hora_cos,-1.24781011818808,29620,2024
NE3,WSR,2,mes_sin,0.406895365478007,29620,2024
NE3,WSR,2,mes_cos,-0.403760623029644,29620,2024
NE3,WSR,3,intercepto,2.6015810748213,29434,2024
NE3,WSR,3,ultimo,0.577957363674069,29434,2024
NE3,WSR,3,previo,-0.0930269590914291,29434,2024
NE3,WSR,3,diario,0.193103676052805,29434,2024
NE3,WSR,3,hora_sin,-0.859797289247696,29434,2024
NE3,WSR,3,hora_cos,-1.56517014610048,29434,2024
NE3,WSR,3,mes_sin,0.552835875980817,29434,2024
NE3,WSR,3,mes_cos,-0.534648063458414,29434,2024
NO,CO,1,intercepto,0.0691634886071894,28747,2024
NO,CO,1,ultimo,0.98406336877628,28747,2024
NO,CO,1,previo,-0.133306235842123,28747,2024
NO,CO,1,diario,0.106373327791265,28747,2024
NO,CO,1,hora_sin,-0.00414318276566209,28747,2024
NO,CO,1,hora_cos,0.0130534949331055,28747,2024
NO,CO,1,mes_sin,-0.00212473781293191,28747,2024
NO,CO,1,mes_cos,0.00299947545766313,28747,2024
NO,CO,2,intercepto,0.120950992341572,28683,2024
NO,CO,2,ultimo,0.781934619475738,28683,2024
NO,CO,2,previo,-0.0821374324883496,28683,2024
NO,CO,2,diario,0.225656591845107,28683,2024
NO,CO,2,hora_sin,-0.00448542128648625,28683,2024
NO,CO,2,hora_cos,0.0248325620573651,28683,2024
NO,CO,2,mes_sin,-0.0027547857614659,28683,2024
NO,CO,2,mes_cos,0.00574363928167038,28683,2024
NO,CO,3,intercepto,0.156529435907108,28639,2024
NO,CO,3,ultimo,0.610946236312376,28639,2024
NO,CO,3,previo,-0.0246796999889951,28639,2024
NO,CO,3,diario,0.317539059269731,28639,2024
NO,CO,3,hora_sin,-0.00170795838683835,28639,2024
NO,CO,3,hora_cos,0.0328676588310909,28639,2024
NO,CO,3,mes_sin,-0.00421725593011193,28639,2024
NO,CO,3,mes_cos,0.00791558002054587,28639,2024
NO,NO,1,intercepto,1.69568293663371,28584,2024
NO,NO,1,ultimo,0.848871030250393,28584,2024
NO,NO,1,previo,-0.125977616747874,28584,2024
NO,NO,1,diario,0.113229842603164,28584,2024
NO,NO,1,hora_sin,0.748126849701944,28584,2024
NO,NO,1,hora_cos,0.96010963537354,28584,2024
NO,NO,1,mes_sin,-0.443696971558775,28584,2024
NO,NO,1,mes_cos,1.14176023645478,28584,2024
NO,NO,2,intercepto,3.0217283138162,28204,2024
NO,NO,2,ultimo,0.546850941544278,28204,2024
NO,NO,2,previo,-0.0382003221956489,28204,2024
NO,NO,2,diario,0.198865457152627,28204,2024
NO,NO,2,hora_sin,1.55949584821645,28204,2024
NO,NO,2,hora_cos,1.58275522889315,28204,2024
NO,NO,2,mes_sin,-0.785662342014819,28204,2024
NO,NO,2,mes_cos,2.05472099547311,28204,2024
NO,NO,3,intercepto,3.78820254039748,28057,2024
NO,NO,3,ultimo,0.432229182386435,28057,2024
NO,NO,3,previo,-0.056148256822125,28057,2024
NO,NO,3,diario,0.257116793538939,28057,2024
NO,NO,3,hora_sin,2.04522418172344,28057,2024
NO,NO,3,hora_cos,1.76509045618137,28057,2024
NO,NO,3,mes_sin,-0.964511047805909,28057,2024
NO,NO,3,mes_cos,2.63573456246479,28057,2024
NO,NO2,1,intercepto,1.15761783728468,28397,2024
NO,NO2,1,ultimo,1.07244894529422,28397,2024
NO,NO2,1,previo,-0.207096915331722,28397,2024
NO,NO2,1,diario,0.0574080210833909,28397,2024
NO,NO2,1,hora_sin,0.00510055804794883,28397,2024
NO,NO2,1,hora_cos,0.351799941334931,28397,2024
NO,NO2,1,mes_sin,-0.0810511050460423,28397,2024
NO,NO2,1,mes_cos,0.422782716734212,28397,2024
NO,NO2,2,intercepto,2.2096649450561,28170,2024
NO,NO2,2,ultimo,0.889415908478687,28170,2024
NO,NO2,2,previo,-0.168988107219684,28170,2024
NO,NO2,2,diario,0.132528221317212,28170,2024
NO,NO2,2,hora_sin,0.0922657446419444,28170,2024
NO,NO2,2,hora_cos,0.697707278348329,28170,2024
NO,NO2,2,mes_sin,-0.159202574155013,28170,2024
NO,NO2,2,mes_cos,0.82344397879601,28170,2024
NO,NO2,3,intercepto,3.02699162124358,28075,2024
NO,NO2,3,ultimo,0.718480530970414,28075,2024
NO,NO2,3,previo,-0.113944748662375,28075,2024
NO,NO2,3,diario,0.195364857408222,28075,2024
NO,NO2,3,hora_sin,0.237881859016512,28075,2024
NO,NO2,3,hora_cos,0.94699988538796,28075,2024
NO,NO2,3,mes_sin,-0.199084173624507,28075,2024
NO,NO2,3,mes_cos,1.13105436221807,28075,2024
NO,NOX,1,intercepto,2.9370868523866,28971,2024
NO,NOX,1,ultimo,0.953020203879859,28971,2024
NO,NOX,1,previo,-0.159145825899273,28971,2024
NO,NOX,1,diario,0.088725144021116,28971,2024
NO,NOX,1,hora_sin,0.526879967950722,28971,2024
NO,NOX,1,hora_cos,1.29775049178484,28971,2024
NO,NOX,1,mes_sin,-0.434911043205316,28971,2024
NO,NOX,1,mes_cos,1.46616081808139,28971,2024
NO,NOX,2,intercepto,5.37362131705234,28746,2024
NO,NOX,2,ultimo,0.703131731613489,28746,2024
NO,NOX,2,previo,-0.0968300285191161,28746,2024
NO,NOX,2,diario,0.178508612645498,28746,2024
NO,NOX,2,hora_sin,1.28149091028951,28746,2024
NO,NOX,2,hora_cos,2.29099584341715,28746,2024
NO,NOX,2,mes_sin,-0.809641273048847,28746,2024
NO,NOX,2,mes_cos,2.68343647850738,28746,2024
NO,NOX,3,intercepto,7.06317334891913,28631,2024
NO,NOX,3,ultimo,0.570487242478529,28631,2024
NO,NOX,3,previo,-0.0978055995594701,28631,2024
NO,NOX,3,diario,0.24560757314611,28631,2024
NO,NOX,3,hora_sin,1.93791519174896,28631,2024
NO,NOX,3,hora_cos,2.75323250549072,28631,2024
NO,NOX,3,mes_sin,-1.01757309982625,28631,2024
NO,NOX,3,mes_cos,3.5783153925217,28631,2024
NO,PM10,1,intercepto,5.63610213198071,38507,2024
NO,PM10,1,ultimo,0.996066404916783,38507,2024
NO,PM10,1,previo,-0.15548681640846,38507,2024
NO,PM10,1,diario,0.0488752502944732,38507,2024
NO,PM10,1,hora_sin,1.02291065185466,38507,2024
NO,PM10,1,hora_cos,-0.0463816878761941,38507,2024
NO,PM10,1,mes_sin,0.0804311832584553,38507,2024
NO,PM10,1,mes_cos,1.6515462381701,38507,2024
NO,PM10,2,intercepto,10.3383356631073,38409,2024
NO,PM10,2,ultimo,0.768377373108149,38409,2024
NO,PM10,2,previo,-0.079120517340993,38409,2024
NO,PM10,2,diario,0.107984534430497,38409,2024
NO,PM10,2,hora_sin,2.00185100879536,38409,2024
NO,PM10,2,hora_cos,-0.326332038992391,38409,2024
NO,PM10,2,mes_sin,0.0991890988985395,38409,2024
NO,PM10,2,mes_cos,3.08211760989874,38409,2024
NO,PM10,3,intercepto,13.8633534589359,38334,2024
NO,PM10,3,ultimo,0.625243940385265,38334,2024
NO,PM10,3,previo,-0.0511248718343225,38334,2024
NO,PM10,3,diario,0.154025180682416,38334,2024
NO,PM10,3,hora_sin,2.63483508814417,38334,2024
NO,PM10,3,hora_cos,-0.745723437086683,38334,2024
NO,PM10,3,mes_sin,0.130822476202267,38334,2024
NO,PM10,3,mes_cos,4.17544580978545,38334,2024
NO,PM2.5,1,intercepto,1.84938610496744,24089,2024
NO,PM2.5,1,ultimo,1.0490924808954,24089,2024
NO,PM2.5,1,previo,-0.176010477153917,24089,2024
NO,PM2.5,1,diario,0.0363275674066735,24089,2024
NO,PM2.5,1,hora_sin,0.205365813589174,24089,2024
NO,PM2.5,1,hora_cos,0.385505061017102,24089,2024
NO,PM2.5,1,mes_sin,-0.0810052862893299,24089,2024
NO,PM2.5,1,mes_cos,0.602841334224022,24089,2024
NO,PM2.5,2,intercepto,4.02254310313622,23823,2024
NO,PM2.5,2,ultimo,0.964829547167301,23823,2024
NO,PM2.5,2,previo,-0.244853048775734,23823,2024
NO,PM2.5,2,diario,0.0850913937020295,23823,2024
NO,PM2.5,2,hora_sin,0.480719276284286,23823,2024
NO,PM2.5,2,hora_cos,0.635884927923362,23823,2024
NO,PM2.5,2,mes_sin,-0.175227380647259,23823,2024
NO,PM2.5,2,mes_cos,1.28516701691118,23823,2024
NO,PM2.5,3,intercepto,5.89531753174808,23678,2024
NO,PM2.5,3,ultimo,0.835542165419809,23678,2024
NO,PM2.5,3,previo,-0.25085838159397,23678,2024
NO,PM2.5,3,diario,0.130421783289643,23678,2024
NO,PM2.5,3,hora_sin,0.712419614202333,23678,2024
NO,PM2.5,3,hora_cos,0.821000558588092,23678,2024
NO,PM2.5,3,mes_sin,-0.264724003885492,23678,2024
NO,PM2.5,3,mes_cos,1.89313216025972,23678,2024
NO,PRS,1,intercepto,14.047135153408,40705,2024
NO,PRS,1,ultimo,1.05254632473389,40705,2024
NO,PRS,1,previo,-0.061204182335793,40705,2024
NO,PRS,1,diario,-0.0110614521975689,40705,2024
NO,PRS,1,hora_sin,0.0918565142512259,40705,2024
NO,PRS,1,hora_cos,0.158511689253449,40705,2024
NO,PRS,1,mes_sin,-0.0239223972051086,40705,2024
NO,PRS,1,mes_cos,0.0291125087316922,40705,2024
NO,PRS,2,intercepto,26.4934735376095,40621,2024
NO,PRS,2,ultimo,1.23686070861426,40621,2024
NO,PRS,2,previo,-0.267676684162012,40621,2024
NO,PRS,2,diario,-0.00637562169796192,40621,2024
NO,PRS,2,hora_sin,0.191612710260555,40621,2024
NO,PRS,2,hora_cos,0.269526004051029,40621,2024
NO,PRS,2,mes_sin,-0.0468879946571387,40621,2024
NO,PRS,2,mes_cos,0.0542792236450732,40621,2024
NO,PRS,3,intercepto,39.0893643650993,40558,2024
NO,PRS,3,ultimo,1.28121779686755,40558,2024
NO,PRS,3,previo,-0.343819634901439,40558,2024
NO,PRS,3,diario,0.00772670101972977,40558,2024
NO,PRS,3,hora_sin,0.328191163354993,40558,2024
NO,PRS,3,hora_cos,0.359260341932286,40558,2024
NO,PRS,3,mes_sin,-0.0700898470938119,40558,2024
NO,PRS,3,mes_cos,0.0804969420111845,40558,2024
NO,RAINF,1,intercepto,0.0080483138512667,41145,2024
NO,RAINF,1,ultimo,0.306865202174003,41145,2024
NO,RAINF,1,previo,0.148913407924336,41145,2024
NO,RAINF,1,diario,-0.00121579848729804,41145,2024
NO,RAINF,1,hora_sin,0.00249490003745016,41145,2024
NO,RAINF,1,hora_cos,-0.00107175321179799,41145,2024
NO,RAINF,1,mes_sin,-0.0061798277865516,41145,2024
NO,RAINF,1,mes_cos,-0.00039428489527529,41145,2024
NO,RAINF,2,intercepto,0.0104080934232295,41077,2024
NO,RAINF,2,ultimo,0.232601779002478,41077,2024
NO,RAINF,2,previo,0.121333116972204,41077,2024
NO,RAINF,2,diario,-0.00233733328965906,41077,2024
NO,RAINF,2,hora_sin,0.00298897261839826,41077,2024
NO,RAINF,2,hora_cos,0.000245286302918171,41077,2024
NO,RAINF,2,mes_sin,-0.00817602885885415,41077,2024
NO,RAINF,2,mes_cos,-0.00179983461489689,41077,2024
NO,RAINF,3,intercepto,0.0128166085398369,41028,2024
NO,RAINF,3,ultimo,0.169061098262142,41028,2024
NO,RAINF,3,previo,0.125094478836032,41028,2024
NO,RAINF,3,diario,-0.000893115828945442,41028,2024
NO,RAINF,3,hora_sin,0.00414610811279762,41028,2024
NO,RAINF,3,hora_cos,0.00272107404500051,41028,2024
NO,RAINF,3,mes_sin,-0.0110586666361148,41028,2024
NO,RAINF,3,mes_cos,-0.00377986242079687,41028,2024
NO,RH,1,intercepto,1.52500947295596,36144,2024
NO,RH,1,ultimo,1.31838382197887,36144,2024
NO,RH,1,previo,-0.369972748675627,36144,2024
NO,RH,1,diario,0.0237178808719216,36144,2024
NO,RH,1,hora_sin,-0.573778752951874,36144,2024
NO,RH,1,hora_cos,2.59811782112795,36144,2024
NO,RH,1,mes_sin,-0.0428201220583394,36144,2024
NO,RH,1,mes_cos,-0.00058895393153655,36144,2024
NO,RH,2,intercepto,3.23914872952864,36029,2024
NO,RH,2,ultimo,1.29706826008231,36029,2024
NO,RH,2,previo,-0.42360432189141,36029,2024
NO,RH,2,diario,0.0675694059358237,36029,2024
NO,RH,2,hora_sin,-0.384790652458092,36029,2024
NO,RH,2,hora_cos,6.14052309835708,36029,2024
NO,RH,2,mes_sin,-0.0852611030231513,36029,2024
NO,RH,2,mes_cos,-0.0125109410229806,36029,2024
NO,RH,3,intercepto,4.88789874927848,35942,2024
NO,RH,3,ultimo,1.23528527670436,35942,2024
NO,RH,3,previo,-0.441191273377294,35942,2024
NO,RH,3,diario,0.117127436777658,35942,2024
NO,RH,3,hora_sin,0.672848684104744,35942,2024
NO,RH,3,hora_cos,9.11839978131594,35942,2024
NO,RH,3,mes_sin,-0.11431752513508,35942,2024
NO,RH,3,mes_cos,-0.0564500805899298,35942,2024
NO,SO2,1,intercepto,0.510230437688245,31926,2024
NO,SO2,1,ultimo,0.806788590893069,31926,2024
NO,SO2,1,previo,-0.032757156563632,31926,2024
NO,SO2,1,diario,0.134430903833455,31926,2024
NO,SO2,1,hora_sin,0.0130833003913539,31926,2024
NO,SO2,1,hora_cos,-0.104442871265853,31926,2024
NO,SO2,1,mes_sin,0.00296510068404011,31926,2024
NO,SO2,1,mes_cos,0.166433944670298,31926,2024
NO,SO2,2,intercepto,0.83224752688047,31716,2024
NO,SO2,2,ultimo,0.484206184805915,31716,2024
NO,SO2,2,previo,0.143174308711963,31716,2024
NO,SO2,2,diario,0.223966019578263,31716,2024
NO,SO2,2,hora_sin,0.00227405000180371,31716,2024
NO,SO2,2,hora_cos,-0.200832708371643,31716,2024
NO,SO2,2,mes_sin,0.0112230432702304,31716,2024
NO,SO2,2,mes_cos,0.272214637520059,31716,2024
NO,SO2,3,intercepto,0.976139376334279,31624,2024
NO,SO2,3,ultimo,0.39028891108183,31624,2024
NO,SO2,3,previo,0.168368106309253,31624,2024
NO,SO2,3,diario,0.26707769792234,31624,2024
NO,SO2,3,hora_sin,-0.0206459483946478,31624,2024
NO,SO2,3,hora_cos,-0.262005193524866,31624,2024
NO,SO2,3,mes_sin,0.0148120792544728,31624,2024
NO,SO2,3,mes_cos,0.323098371474741,31624,2024
NO,SR,1,intercepto,0.0219333505303263,41445,2024
NO,SR,1,ultimo,0.962167695681948,41445,2024
NO,SR,1,previo,-0.337538992377016,41445,2024
NO,SR,1,diario,0.247428863193073,41445,2024
NO,SR,1,hora_sin,0.0102391281457594,41445,2024
NO,SR,1,hora_cos,-0.0365908567430344,41445,2024
NO,SR,1,mes_sin,0.00258531207555354,41445,2024
NO,SR,1,mes_cos,-0.00713108971175453,41445,2024
NO,SR,2,intercepto,0.0390643153840716,41374,2024
NO,SR,2,ultimo,0.708022172824172,41374,2024
NO,SR,2,previo,-0.402536931567968,41374,2024
NO,SR,2,diario,0.466708194015535,41374,2024
NO,SR,2,hora_sin,-0.000371893336874429,41374,2024
NO,SR,2,hora_cos,-0.0582974584319462,41374,2024
NO,SR,2,mes_sin,0.00458904331590891,41374,2024
NO,SR,2,mes_cos,-0.012652354020442,41374,2024
NO,SR,3,intercepto,0.051884343021475,41318,2024
NO,SR,3,ultimo,0.46942188958704,41318,2024
NO,SR,3,previo,-0.362067779628071,41318,2024
NO,SR,3,diario,0.590074026014144,41318,2024
NO,SR,3,hora_sin,-0.018159938519493,41318,2024
NO,SR,3,hora_cos,-0.067413027492491,41318,2024
NO,SR,3,mes_sin,0.00601474878751282,41318,2024
NO,SR,3,mes_cos,-0.0168764316260251,41318,2024
NO,TOUT,1,intercepto,0.572149683898272,36820,2024
NO,TOUT,1,ultimo,1.11573171710729,36820,2024
NO,TOUT,1,previo,-0.160717892299042,36820,2024
NO,TOUT,1,diario,0.0204059986193064,36820,2024
NO,TOUT,1,hora_sin,0.171471385890895,36820,2024
NO,TOUT,1,hora_cos,-0.86479533319993,36820,2024
NO,TOUT,1,mes_sin,0.0193180563028823,36820,2024
NO,TOUT,1,mes_cos,-0.150514474095917,36820,2024
NO,TOUT,2,intercepto,1.1200584744817,36745,2024
NO,TOUT,2,ultimo,1.1048065236915,36745,2024
NO,TOUT,2,previo,-0.213384589330439,36745,2024
NO,TOUT,2,diario,0.0604781625903175,36745,2024
NO,TOUT,2,hora_sin,0.123961219396402,36745,2024
NO,TOUT,2,hora_cos,-1.75579588102322,36745,2024
NO,TOUT,2,mes_sin,0.0420214065375876,36745,2024
NO,TOUT,2,mes_cos,-0.293228724544656,36745,2024
NO,TOUT,3,intercepto,1.65385840705677,36687,2024
NO,TOUT,3,ultimo,1.01657247250955,36687,2024
NO,TOUT,3,previo,-0.194895049551973,36687,2024
NO,TOUT,3,diario,0.107563610565936,36687,2024
NO,TOUT,3,hora_sin,-0.166613170503703,36687,2024
NO,TOUT,3,hora_cos,-2.54307808652622,36687,2024
NO,TOUT,3,mes_sin,0.0591195170807609,36687,2024
NO,TOUT,3,mes_cos,-0.438860102561943,36687,2024
NO,WSR,1,intercepto,1.29123877252365,38177,2024
NO,WSR,1,ultimo,0.817366593136276,38177,2024
NO,WSR,1,previo,-0.0454009199066132,38177,2024
NO,WSR,1,diario,0.0765112962288808,38177,2024
NO,WSR,1,hora_sin,-0.73226036375512,38177,2024
NO,WSR,1,hora_cos,-0.536345329697732,38177,2024
NO,WSR,1,mes_sin,0.220618068855761,38177,2024
NO,WSR,1,mes_cos,-0.267479185716227,38177,2024
NO,WSR,2,intercepto,2.21837173552668,37988,2024
NO,WSR,2,ultimo,0.589842167875153,37988,2024
NO,WSR,2,previo,0.00131074852350794,37988,2024
NO,WSR,2,diario,0.149244821308877,37988,2024
NO,WSR,2,hora_sin,-1.37946613795649,37988,2024
NO,WSR,2,hora_cos,-0.787895670436787,37988,2024
NO,WSR,2,mes_sin,0.371820059959769,37988,2024
NO,WSR,2,mes_cos,-0.452274143137907,37988,2024
NO,WSR,3,intercepto,2.87845752802686,37850,2024
NO,WSR,3,ultimo,0.444313025423831,37850,2024
NO,WSR,3,previo,0.0244813151012251,37850,2024
NO,WSR,3,diario,0.19463831284669,37850,2024
NO,WSR,3,hora_sin,-1.89204941006082,37850,2024
NO,WSR,3,hora_cos,-0.818857684683936,37850,2024
NO,WSR,3,mes_sin,0.477807750653222,37850,2024
NO,WSR,3,mes_cos,-0.587433228661319,37850,2024
NO2,CO,1,intercepto,0.0472252596694561,41516,2024
NO2,CO,1,ultimo,0.734846610046678,41516,2024
NO2,CO,1,previo,0.102698287840507,41516,2024
NO2,CO,1,diario,0.12800098410649,41516,2024
NO2,CO,1,hora_sin,-0.0117723099389664,41516,2024
NO2,CO,1,hora_cos,-0.00577827579555669,41516,2024
NO2,CO,1,mes_sin,0.00195375943341717,41516,2024
NO2,CO,1,mes_cos,0.0237063186562385,41516,2024
NO2,CO,2,intercepto,0.074566538193884,41452,2024
NO2,CO,2,ultimo,0.608620369553516,41452,2024
NO2,CO,2,previo,0.107376674724392,41452,2024
NO2,CO,2,diario,0.229308587611403,41452,2024
NO2,CO,2,hora_sin,-0.0203425232134159,41452,2024
NO2,CO,2,hora_cos,-0.00734583057242248,41452,2024
NO2,CO,2,mes_sin,0.00254106848374304,41452,2024
NO2,CO,2,mes_cos,0.0376525525787008,41452,2024
NO2,CO,3,intercepto,0.0945365768338503,41414,2024
NO2,CO,3,ultimo,0.515175338904136,41414,2024
NO2,CO,3,previo,0.101597637194589,41414,2024
NO2,CO,3,diario,0.313468287511468,41414,2024
NO2,CO,3,hora_sin,-0.0267802545068703,41414,2024
NO2,CO,3,hora_cos,-0.00642845934495122,41414,2024
NO2,CO,3,mes_sin,0.00299979303512057,41414,2024
NO2,CO,3,mes_cos,0.0481960570463214,41414,2024
NO2,NO,1,intercepto,0.353886643180034,38640,2024
NO2,NO,1,ultimo,1.10494137244244,38640,2024
NO2,NO,1,previo,-0.238152175865488,38640,2024
NO2,NO,1,diario,0.113363085917745,38640,2024
NO2,NO,1,hora_sin,0.101987055766041,38640,2024
NO2,NO,1,hora_cos,0.163681294539087,38640,2024
NO2,NO,1,mes_sin,-0.112233128817596,38640,2024
NO2,NO,1,mes_cos,0.127241515666433,38640,2024
NO2,NO,2,intercepto,0.599853465401027,38462,2024
NO2,NO,2,ultimo,0.971782032743179,38462,2024
NO2,NO,2,previo,-0.269577378982336,38462,2024
NO2,NO,2,diario,0.264396936073046,38462,2024
NO2,NO,2,hora_sin,0.193117484376174,38462,2024
NO2,NO,2,hora_cos,0.250015213416999,38462,2024
NO2,NO,2,mes_sin,-0.194884063913155,38462,2024
NO2,NO,2,mes_cos,0.216182580213702,38462,2024
NO2,NO,3,intercepto,0.845720168324702,38391,2024
NO2,NO,3,ultimo,0.767054988012941,38391,2024
NO2,NO,3,previo,-0.210384646708089,38391,2024
NO2,NO,3,diario,0.395627884253976,38391,2024
NO2,NO,3,hora_sin,0.322239388628294,38391,2024
NO2,NO,3,hora_cos,0.274809640123707,38391,2024
NO2,NO,3,mes_sin,-0.27958260363585,38391,2024
NO2,NO,3,mes_cos,0.303638645606969,38391,2024
NO2,NO2,1,intercepto,0.512830892460801,34785,2024
NO2,NO2,1,ultimo,1.05272686389279,34785,2024
NO2,NO2,1,previo,-0.188582909218729,34785,2024
NO2,NO2,1,diario,0.0889145895999571,34785,2024
NO2,NO2,1,hora_sin,-0.283757105155839,34785,2024
NO2,NO2,1,hora_cos,0.035328608740572,34785,2024
NO2,NO2,1,mes_sin,-0.131930682914985,34785,2024
NO2,NO2,1,mes_cos,0.118753222776928,34785,2024
NO2,NO2,2,intercepto,0.931489657976951,34479,2024
NO2,NO2,2,ultimo,0.88001833003581,34479,2024
NO2,NO2,2,previo,-0.167355735975287,34479,2024
NO2,NO2,2,diario,0.20291506085267,34479,2024
NO2,NO2,2,hora_sin,-0.53020884472011,34479,2024
NO2,NO2,2,hora_cos,0.139995604593903,34479,2024
NO2,NO2,2,mes_sin,-0.239185009254877,34479,2024
NO2,NO2,2,mes_cos,0.206823471025514,34479,2024
NO2,NO2,3,intercepto,1.25126827287251,34383,2024
NO2,NO2,3,ultimo,0.726848249416338,34383,2024
NO2,NO2,3,previo,-0.138919108227176,34383,2024
NO2,NO2,3,diario,0.299320765653517,34383,2024
NO2,NO2,3,hora_sin,-0.663924107349,34383,2024
NO2,NO2,3,hora_cos,0.279427503108378,34383,2024
NO2,NO2,3,mes_sin,-0.321463725247349,34383,2024
NO2,NO2,3,mes_cos,0.27485222915405,34383,2024
NO2,NOX,1,intercepto,0.845819381821579,39100,2024
NO2,NOX,1,ultimo,1.09584080660895,39100,2024
NO2,NOX,1,previo,-0.235886172785997,39100,2024
NO2,NOX,1,diario,0.10872158597003,39100,2024
NO2,NOX,1,hora_sin,-0.103113892662926,39100,2024
NO2,NOX,1,hora_cos,0.154911654902107,39100,2024
NO2,NOX,1,mes_sin,-0.223096409773627,39100,2024
NO2,NOX,1,mes_cos,0.263074389094213,39100,2024
NO2,NOX,2,intercepto,1.49860858186251,38951,2024
NO2,NOX,2,ultimo,0.955107419238618,38951,2024
NO2,NOX,2,previo,-0.263896681962217,38951,2024
NO2,NOX,2,diario,0.253487144071007,38951,2024
NO2,NOX,2,hora_sin,-0.174603387658635,38951,2024
NO2,NOX,2,hora_cos,0.292644604709265,38951,2024
NO2,NOX,2,mes_sin,-0.400264995189365,38951,2024
NO2,NOX,2,mes_cos,0.456460815791009,38951,2024
NO2,NOX,3,intercepto,2.09699151397612,38884,2024
NO2,NOX,3,ultimo,0.751627599932585,38884,2024
NO2,NOX,3,previo,-0.207339092538535,38884,2024
NO2,NOX,3,diario,0.378013635009532,38884,2024
NO2,NOX,3,hora_sin,-0.135337607140042,38884,2024
NO2,NOX,3,hora_cos,0.409688793364359,38884,2024
NO2,NOX,3,mes_sin,-0.566413342568439,38884,2024
NO2,NOX,3,mes_cos,0.634198675308534,38884,2024
NO2,PM10,1,intercepto,9.25488164853591,41010,2024
NO2,PM10,1,ultimo,0.740185244533596,41010,2024
NO2,PM10,1,previo,0.036152416766356,41010,2024
NO2,PM10,1,diario,0.0691336424756795,41010,2024
NO2,PM10,1,hora_sin,-0.902109733068219,41010,2024
NO2,PM10,1,hora_cos,-3.03890626435609,41010,2024
NO2,PM10,1,mes_sin,0.615759397999112,41010,2024
NO2,PM10,1,mes_cos,1.46490977863075,41010,2024
NO2,PM10,2,intercepto,15.4056112497494,40924,2024
NO2,PM10,2,ultimo,0.531885382389768,40924,2024
NO2,PM10,2,previo,0.0898641156946946,40924,2024
NO2,PM10,2,diario,0.121547551803622,40924,2024
NO2,PM10,2,hora_sin,-1.9566537115989,40924,2024
NO2,PM10,2,hora_cos,-5.15972229495656,40924,2024
NO2,PM10,2,mes_sin,1.00961969263975,40924,2024
NO2,PM10,2,mes_cos,2.52157007399418,40924,2024
NO2,PM10,3,intercepto,19.4651212962003,40865,2024
NO2,PM10,3,ultimo,0.423983111738839,40865,2024
NO2,PM10,3,previo,0.0945416674621294,40865,2024
NO2,PM10,3,diario,0.157584756431394,40865,2024
NO2,PM10,3,hora_sin,-3.16872152515645,40865,2024
NO2,PM10,3,hora_cos,-6.46360490037171,40865,2024
NO2,PM10,3,mes_sin,1.31596152501404,40865,2024
NO2,PM10,3,mes_cos,3.19192660949013,40865,2024
NO2,PM2.5,1,intercepto,1.03438441666416,33254,2024
NO2,PM2.5,1,ultimo,0.999689745323503,33254,2024
NO2,PM2.5,1,previo,-0.102870978064381,33254,2024
NO2,PM2.5,1,diario,0.044519852892365,33254,2024
NO2,PM2.5,1,hora_sin,0.185087617456547,33254,2024
NO2,PM2.5,1,hora_cos,-0.141505856187127,33254,2024
NO2,PM2.5,1,mes_sin,0.0891066488895893,33254,2024
NO2,PM2.5,1,mes_cos,0.152736355046562,33254,2024
NO2,PM2.5,2,intercepto,1.92193079458813,33066,2024
NO2,PM2.5,2,ultimo,0.84161055876907,33066,2024
NO2,PM2.5,2,previo,-0.0419135197648277,33066,2024
NO2,PM2.5,2,diario,0.0941773950466116,33066,2024
NO2,PM2.5,2,hora_sin,0.348704901924341,33066,2024
NO2,PM2.5,2,hora_cos,-0.305004772067608,33066,2024
NO2,PM2.5,2,mes_sin,0.154333504291185,33066,2024
NO2,PM2.5,2,mes_cos,0.327863694196808,33066,2024
NO2,PM2.5,3,intercepto,2.65143054027521,32950,2024
NO2,PM2.5,3,ultimo,0.754737887334601,32950,2024
NO2,PM2.5,3,previo,-0.0342556458192602,32950,2024
NO2,PM2.5,3,diario,0.135078175024558,32950,2024
NO2,PM2.5,3,hora_sin,0.44121130218853,32950,2024
NO2,PM2.5,3,hora_cos,-0.470088629760244,32950,2024
NO2,PM2.5,3,mes_sin,0.206494594706733,32950,2024
NO2,PM2.5,3,mes_cos,0.481480559809246,32950,2024
NO2,PRS,1,intercepto,14.770885865264,40271,2024
NO2,PRS,1,ultimo,1.01859890946077,40271,2024
NO2,PRS,1,previo,-0.03182684843933,40271,2024
NO2,PRS,1,diario,-0.00784578363634318,40271,2024
NO2,PRS,1,hora_sin,0.081535122891243,40271,2024
NO2,PRS,1,hora_cos,0.170271634511854,40271,2024
NO2,PRS,1,mes_sin,-0.0285287260857407,40271,2024
NO2,PRS,1,mes_cos,0.0279163863036802,40271,2024
NO2,PRS,2,intercepto,26.7295597540098,40172,2024
NO2,PRS,2,ultimo,1.14707748780037,40172,2024
NO2,PRS,2,previo,-0.184115795916176,40172,2024
NO2,PRS,2,diario,-0.00109768149037554,40172,2024
NO2,PRS,2,hora_sin,0.178346014656741,40172,2024
NO2,PRS,2,hora_cos,0.294732213268401,40172,2024
NO2,PRS,2,mes_sin,-0.0512937706798805,40172,2024
NO2,PRS,2,mes_cos,0.0494383058305049,40172,2024
NO2,PRS,3,intercepto,38.8731809184133,40103,2024
NO2,PRS,3,ultimo,1.18255153458032,40103,2024
NO2,PRS,3,previo,-0.254220920215202,40103,2024
NO2,PRS,3,diario,0.0162069738587453,40103,2024
NO2,PRS,3,hora_sin,0.309275032607245,40103,2024
NO2,PRS,3,hora_cos,0.393135214686531,40103,2024
NO2,PRS,3,mes_sin,-0.0729260731301234,40103,2024
NO2,PRS,3,mes_cos,0.0738243636692274,40103,2024
NO2,RAINF,1,intercepto,0.00198671029063006,41860,2024
NO2,RAINF,1,ultimo,0.0490858321324316,41860,2024
NO2,RAINF,1,previo,0.0286527911012924,41860,2024
NO2,RAINF,1,diario,0.00761863697453115,41860,2024
NO2,RAINF,1,hora_sin,-0.000141723296415804,41860,2024
NO2,RAINF,1,hora_cos,0.00113973503762704,41860,2024
NO2,RAINF,1,mes_sin,-0.00163827619330843,41860,2024
NO2,RAINF,1,mes_cos,-0.0019653851330532,41860,2024
NO2,RAINF,2,intercepto,0.00200903099831202,41797,2024
NO2,RAINF,2,ultimo,0.0296934638786104,41797,2024
NO2,RAINF,2,previo,0.0279797691978079,41797,2024
NO2,RAINF,2,diario,0.00808532861428899,41797,2024
NO2,RAINF,2,hora_sin,-0.000120078269676436,41797,2024
NO2,RAINF,2,hora_cos,0.001171216168784,41797,2024
NO2,RAINF,2,mes_sin,-0.00167795211739652,41797,2024
NO2,RAINF,2,mes_cos,-0.00197689815716539,41797,2024
NO2,RAINF,3,intercepto,0.00198404410211105,41763,2024
NO2,RAINF,3,ultimo,0.0284405684201851,41763,2024
NO2,RAINF,3,previo,0.0207274172463313,41763,2024
NO2,RAINF,3,diario,0.00814720775358904,41763,2024
NO2,RAINF,3,hora_sin,-6.6785552702361e-05,41763,2024
NO2,RAINF,3,hora_cos,0.00111518756873578,41763,2024
NO2,RAINF,3,mes_sin,-0.00181655180007575,41763,2024
NO2,RAINF,3,mes_cos,-0.00189911033140037,41763,2024
NO2,RH,1,intercepto,1.62172489779504,40118,2024
NO2,RH,1,ultimo,1.3559861562082,40118,2024
NO2,RH,1,previo,-0.406563274656248,40118,2024
NO2,RH,1,diario,0.0210470084199738,40118,2024
NO2,RH,1,hora_sin,-0.716754252434625,40118,2024
NO2,RH,1,hora_cos,2.26615960121317,40118,2024
NO2,RH,1,mes_sin,-0.100947882829625,40118,2024
NO2,RH,1,mes_cos,-0.0898143842508637,40118,2024
NO2,RH,2,intercepto,3.40785888762698,40026,2024
NO2,RH,2,ultimo,1.36747345729588,40026,2024
NO2,RH,2,previo,-0.496132454920956,40026,2024
NO2,RH,2,diario,0.0666439082614339,40026,2024
NO2,RH,2,hora_sin,-0.863063806314402,40026,2024
NO2,RH,2,hora_cos,5.4528571658751,40026,2024
NO2,RH,2,mes_sin,-0.206211442089102,40026,2024
NO2,RH,2,mes_cos,-0.183138082752652,40026,2024
NO2,RH,3,intercepto,5.05372741254377,39965,2024
NO2,RH,3,ultimo,1.27793030907212,39965,2024
NO2,RH,3,previo,-0.490177941639759,39965,2024
NO2,RH,3,diario,0.120427186011548,39965,2024
NO2,RH,3,hora_sin,-0.142784198116241,39965,2024
NO2,RH,3,hora_cos,8.37622299964129,39965,2024
NO2,RH,3,mes_sin,-0.290017573533384,39965,2024
NO2,RH,3,mes_cos,-0.27143018536111,39965,2024
NO2,SO2,1,intercepto,0.0501639461382058,32564,2024
NO2,SO2,1,ultimo,0.935220216884737,32564,2024
NO2,SO2,1,previo,-0.0219818043755259,32564,2024
NO2,SO2,1,diario,0.0761488206226931,32564,2024
NO2,SO2,1,hora_sin,0.0346621259836558,32564,2024
NO2,SO2,1,hora_cos,-0.0423980057406714,32564,2024
NO2,SO2,1,mes_sin,-0.00629777019453606,32564,2024
NO2,SO2,1,mes_cos,0.00551666972003673,32564,2024
NO2,SO2,2,intercepto,0.0950019882870352,32161,2024
NO2,SO2,2,ultimo,0.650714985545076,32161,2024
NO2,SO2,2,previo,0.163161170197392,32161,2024
NO2,SO2,2,diario,0.166116375289793,32161,2024
NO2,SO2,2,hora_sin,0.0525505278760138,32161,2024
NO2,SO2,2,hora_cos,-0.0938817364617151,32161,2024
NO2,SO2,2,mes_sin,-0.0172115399565967,32161,2024
NO2,SO2,2,mes_cos,0.0112126698669705,32161,2024
NO2,SO2,3,intercepto,0.118799369954345,32068,2024
NO2,SO2,3,ultimo,0.542977577715203,32068,2024
NO2,SO2,3,previo,0.224127087874143,32068,2024
NO2,SO2,3,diario,0.208341950821509,32068,2024
NO2,SO2,3,hora_sin,0.0531510753019543,32068,2024
NO2,SO2,3,hora_cos,-0.1411579501711,32068,2024
NO2,SO2,3,mes_sin,-0.016133188259552,32068,2024
NO2,SO2,3,mes_cos,0.0133703020808521,32068,2024
NO2,SR,1,intercepto,0.00608452317280203,32593,2024
NO2,SR,1,ultimo,1.05973080392582,32593,2024
NO2,SR,1,previo,-0.348889454621093,32593,2024
NO2,SR,1,diario,0.244074987852752,32593,2024
NO2,SR,1,hora_sin,0.00930468823398402,32593,2024
NO2,SR,1,hora_cos,-0.00649236543240327,32593,2024
NO2,SR,1,mes_sin,-0.0003636761573404,32593,2024
NO2,SR,1,mes_cos,0.000767543291198605,32593,2024
NO2,SR,2,intercepto,0.0102493338255713,32490,2024
NO2,SR,2,ultimo,0.847390433454808,32490,2024
NO2,SR,2,previo,-0.419231949205352,32490,2024
NO2,SR,2,diario,0.495336294572729,32490,2024
NO2,SR,2,hora_sin,0.0112130807022355,32490,2024
NO2,SR,2,hora_cos,-0.0107604760602873,32490,2024
NO2,SR,2,mes_sin,-0.000421180756415934,32490,2024
NO2,SR,2,mes_cos,0.00134677193777456,32490,2024
NO2,SR,3,intercepto,0.0118275454058034,32397,2024
NO2,SR,3,ultimo,0.572968144624852,32397,2024
NO2,SR,3,previo,-0.331434751477474,32397,2024
NO2,SR,3,diario,0.669764236703914,32397,2024
NO2,SR,3,hora_sin,0.00961906635245,32397,2024
NO2,SR,3,hora_cos,-0.0130070956630435,32397,2024
NO2,SR,3,mes_sin,-0.000315711459966577,32397,2024
NO2,SR,3,mes_cos,0.00163631426171481,32397,2024
NO2,TOUT,1,intercepto,0.545949627068271,41470,2024
NO2,TOUT,1,ultimo,1.35580707433176,41470,2024
NO2,TOUT,1,previo,-0.399069620258002,41470,2024
NO2,TOUT,1,diario,0.0189305583848736,41470,2024
NO2,TOUT,1,hora_sin,0.246352442001926,41470,2024
NO2,TOUT,1,hora_cos,-0.630706339207311,41470,2024
NO2,TOUT,1,mes_sin,0.017615329305335,41470,2024
NO2,TOUT,1,mes_cos,-0.157177727576787,41470,2024
NO2,TOUT,2,intercepto,1.15619606131054,41407,2024
NO2,TOUT,2,ultimo,1.37122793459867,41407,2024
NO2,TOUT,2,previo,-0.491885515818714,41407,2024
NO2,TOUT,2,diario,0.0692951105567993,41407,2024
NO2,TOUT,2,hora_sin,0.334779773150275,41407,2024
NO2,TOUT,2,hora_cos,-1.51862845387057,41407,2024
NO2,TOUT,2,mes_sin,0.0450308414457475,41407,2024
NO2,TOUT,2,mes_cos,-0.336214069078561,41407,2024
NO2,TOUT,3,intercepto,1.67604391886292,41373,2024
NO2,TOUT,3,ultimo,1.28278736382885,41373,2024
NO2,TOUT,3,previo,-0.487407590817167,41373,2024
NO2,TOUT,3,diario,0.130209830593079,41373,2024
NO2,TOUT,3,hora_sin,0.181227234291412,41373,2024
NO2,TOUT,3,hora_cos,-2.33570971135194,41373,2024
NO2,TOUT,3,mes_sin,0.0657687988464656,41373,2024
NO2,TOUT,3,mes_cos,-0.484457899095613,41373,2024
NO2,WSR,1,intercepto,1.09330834787407,39704,2024
NO2,WSR,1,ultimo,0.936031142184057,39704,2024
NO2,WSR,1,previo,-0.127952147355496,39704,2024
NO2,WSR,1,diario,0.0778323761263112,39704,2024
NO2,WSR,1,hora_sin,-0.336075169804937,39704,2024
NO2,WSR,1,hora_cos,-0.843343742304553,39704,2024
NO2,WSR,1,mes_sin,0.138879686303364,39704,2024
NO2,WSR,1,mes_cos,-0.141270917373082,39704,2024
NO2,WSR,2,intercepto,1.96473242965066,39472,2024
NO2,WSR,2,ultimo,0.722976082344044,39472,2024
NO2,WSR,2,previo,-0.0956563430423286,39472,2024
NO2,WSR,2,diario,0.167814910294409,39472,2024
NO2,WSR,2,hora_sin,-0.789121046463572,39472,2024
NO2,WSR,2,hora_cos,-1.45235015482676,39472,2024
NO2,WSR,2,mes_sin,0.251483395724105,39472,2024
NO2,WSR,2,mes_cos,-0.244742780006086,39472,2024
NO2,WSR,3,intercepto,2.61707994006316,39311,2024
NO2,WSR,3,ultimo,0.568050051307515,39311,2024
NO2,WSR,3,previo,-0.0757363889485683,39311,2024
NO2,WSR,3,diario,0.235119022870548,39311,2024
NO2,WSR,3,hora_sin,-1.24936875391461,39311,2024
NO2,WSR,3,hora_cos,-1.74475242792126,39311,2024
NO2,WSR,3,mes_sin,0.332783010836626,39311,2024
NO2,WSR,3,mes_cos,-0.321695941386858,39311,2024
NO3,CO,1,intercepto,0.026058828885257,15287,2024
NO3,CO,1,ultimo,1.0350180738668,15287,2024
NO3,CO,1,previo,-0.151179985638347,15287,2024
NO3,CO,1,diario,0.0961389606788481,15287,2024
NO3,CO,1,hora_sin,-0.00477106622367363,15287,2024
NO3,CO,1,hora_cos,0.00130133153104537,15287,2024
NO3,CO,1,mes_sin,0.0042968431806455,15287,2024
NO3,CO,1,mes_cos,0.00880824487884186,15287,2024
NO3,CO,2,intercepto,0.0469207655481901,15261,2024
NO3,CO,2,ultimo,0.858302568058197,15261,2024
NO3,CO,2,previo,-0.101574926910625,15261,2024
NO3,CO,2,diario,0.207711506670771,15261,2024
NO3,CO,2,hora_sin,-0.00885268164935414,15261,2024
NO3,CO,2,hora_cos,0.00296941838801176,15261,2024
NO3,CO,2,mes_sin,0.00665805497989235,15261,2024
NO3,CO,2,mes_cos,0.0159603651565739,15261,2024
NO3,CO,3,intercepto,0.0624918762059504,15237,2024
NO3,CO,3,ultimo,0.688224067621826,15237,2024
NO3,CO,3,previo,-0.0306948940199671,15237,2024
NO3,CO,3,diario,0.295249653042324,15237,2024
NO3,CO,3,hora_sin,-0.0115164329156206,15237,2024
NO3,CO,3,hora_cos,0.0054253627185347,15237,2024
NO3,CO,3,mes_sin,0.00835674206399862,15237,2024
NO3,CO,3,mes_cos,0.0213769269347923,15237,2024
NO3,NO,1,intercepto,0.973500769831026,14986,2024
NO3,NO,1,ultimo,0.981416007233177,14986,2024
NO3,NO,1,previo,-0.139759218515584,14986,2024
NO3,NO,1,diario,0.0919396088538204,14986,2024
NO3,NO,1,hora_sin,0.303275131605919,14986,2024
NO3,NO,1,hora_cos,0.943344900074488,14986,2024
NO3,NO,1,mes_sin,-0.744116849602659,14986,2024
NO3,NO,1,mes_cos,0.372608742469676,14986,2024
NO3,NO,2,intercepto,1.69851951695963,14959,2024
NO3,NO,2,ultimo,0.782513899655971,14959,2024
NO3,NO,2,previo,-0.0999160871673157,14959,2024
NO3,NO,2,diario,0.202720360977001,14959,2024
NO3,NO,2,hora_sin,0.767421780643189,14959,2024
NO3,NO,2,hora_cos,1.64703842819671,14959,2024
NO3,NO,2,mes_sin,-1.2933432808638,14959,2024
NO3,NO,2,mes_cos,0.642846996007979,14959,2024
NO3,NO,3,intercepto,2.21905775215624,14949,2024
NO3,NO,3,ultimo,0.598711545072694,14949,2024
NO3,NO,3,previo,-0.0327936101233962,14949,2024
NO3,NO,3,diario,0.282864581910104,14949,2024
NO3,NO,3,hora_sin,1.27592470452956,14949,2024
NO3,NO,3,hora_cos,2.03845425620731,14949,2024
NO3,NO,3,mes_sin,-1.73079846112213,14949,2024
NO3,NO,3,mes_cos,0.82621306975284,14949,2024
NO3,NO2,1,intercepto,1.64718139170245,15073,2024
NO3,NO2,1,ultimo,0.980393850742841,15073,2024
NO3,NO2,1,previo,-0.160025718978445,15073,2024
NO3,NO2,1,diario,0.064011479505869,15073,2024
NO3,NO2,1,hora_sin,-0.223827071859416,15073,2024
NO3,NO2,1,hora_cos,0.326369760590297,15073,2024
NO3,NO2,1,mes_sin,-0.307686856540799,15073,2024
NO3,NO2,1,mes_cos,0.444501848420775,15073,2024
NO3,NO2,2,intercepto,2.99507741239002,15048,2024
NO3,NO2,2,ultimo,0.761271012064723,15048,2024
NO3,NO2,2,previo,-0.113525227032679,15048,2024
NO3,NO2,2,diario,0.141928337106523,15048,2024
NO3,NO2,2,hora_sin,-0.348219606728741,15048,2024
NO3,NO2,2,hora_cos,0.65969320191625,15048,2024
NO3,NO2,2,mes_sin,-0.550076127911573,15048,2024
NO3,NO2,2,mes_cos,0.800143511634442,15048,2024
NO3,NO2,3,intercepto,4.01434283762413,15039,2024
NO3,NO2,3,ultimo,0.600350419352099,15039,2024
NO3,NO2,3,previo,-0.0851552396912028,15039,2024
NO3,NO2,3,diario,0.202663411243301,15039,2024
NO3,NO2,3,hora_sin,-0.356537517123833,15039,2024
NO3,NO2,3,hora_cos,0.907711423328956,15039,2024
NO3,NO2,3,mes_sin,-0.736025281359344,15039,2024
NO3,NO2,3,mes_cos,1.07512287364754,15039,2024
NO3,NOX,1,intercepto,2.15169733543956,15060,2024
NO3,NOX,1,ultimo,0.983083807980366,15060,2024
NO3,NOX,1,previo,-0.143984241946279,15060,2024
NO3,NOX,1,diario,0.0857680994850006,15060,2024
NO3,NOX,1,hora_sin,0.090437389797368,15060,2024
NO3,NOX,1,hora_cos,1.20001385822843,15060,2024
NO3,NOX,1,mes_sin,-1.02827407340225,15060,2024
NO3,NOX,1,mes_cos,0.724294857722475,15060,2024
NO3,NOX,2,intercepto,3.73105118857786,15033,2024
NO3,NOX,2,ultimo,0.79125752952115,15033,2024
NO3,NOX,2,previo,-0.112287743896786,15033,2024
NO3,NOX,2,diario,0.191494532515444,15033,2024
NO3,NOX,2,hora_sin,0.421819703944747,15033,2024
NO3,NOX,2,hora_cos,2.16095753929397,15033,2024
NO3,NOX,2,mes_sin,-1.78114206037358,15033,2024
NO3,NOX,2,mes_cos,1.2360872370076,15033,2024
NO3,NOX,3,intercepto,4.95097756452859,15025,2024
NO3,NOX,3,ultimo,0.615672934320956,15025,2024
NO3,NOX,3,previo,-0.0587222024154977,15025,2024
NO3,NOX,3,diario,0.270332843750404,15025,2024
NO3,NOX,3,hora_sin,0.899542637194024,15025,2024
NO3,NOX,3,hora_cos,2.74921708006353,15025,2024
NO3,NOX,3,mes_sin,-2.40050523315483,15025,2024
NO3,NOX,3,mes_cos,1.62574324509028,15025,2024
NO3,PM10,1,intercepto,10.2413679747086,16097,2024
NO3,PM10,1,ultimo,0.680747762364452,16097,2024
NO3,PM10,1,previo,0.0851914113328058,16097,2024
NO3,PM10,1,diario,0.0766682842030981,16097,2024
NO3,PM10,1,hora_sin,-0.391643434104964,16097,2024
NO3,PM10,1,hora_cos,-2.26781129567402,16097,2024
NO3,PM10,1,mes_sin,0.60186166020426,16097,2024
NO3,PM10,1,mes_cos,1.57669208213805,16097,2024
NO3,PM10,2,intercepto,16.0784140009519,16066,2024
NO3,PM10,2,ultimo,0.513832040619453,16066,2024
NO3,PM10,2,previo,0.10956867051014,16066,2024
NO3,PM10,2,diario,0.132258678273225,16066,2024
NO3,PM10,2,hora_sin,-0.900131915328174,16066,2024
NO3,PM10,2,hora_cos,-4.05752991200895,16066,2024
NO3,PM10,2,mes_sin,1.02730230101106,16066,2024
NO3,PM10,2,mes_cos,2.55028195833032,16066,2024
NO3,PM10,3,intercepto,19.4583084618429,16036,2024
NO3,PM10,3,ultimo,0.385055052032221,16036,2024
NO3,PM10,3,previo,0.15461605348569,16036,2024
NO3,PM10,3,diario,0.165897904037409,16036,2024
NO3,PM10,3,hora_sin,-1.61892397214159,16036,2024
NO3,PM10,3,hora_cos,-5.41089481317231,16036,2024
NO3,PM10,3,mes_sin,1.3415576858181,16036,2024
NO3,PM10,3,mes_cos,3.15617366395153,16036,2024
NO3,PM2.5,1,intercepto,0.854648223517192,1950,2024
NO3,PM2.5,1,ultimo,0.924467361542371,1950,2024
NO3,PM2.5,1,previo,-0.0889380475806427,1950,2024
NO3,PM2.5,1,diario,0.0500803625075066,1950,2024
NO3,PM2.5,1,hora_sin,0.199351780578701,1950,2024
NO3,PM2.5,1,hora_cos,-0.138372449320593,1950,2024
NO3,PM2.5,1,mes_sin,0.0741777668576564,1950,2024
NO3,PM2.5,1,mes_cos,-0.0310495847943308,1950,2024
NO3,PM2.5,2,intercepto,1.57532578424744,1930,2024
NO3,PM2.5,2,ultimo,0.693846246658438,1930,2024
NO3,PM2.5,2,previo,-0.00040952190655872,1930,2024
NO3,PM2.5,2,diario,0.0957828840126465,1930,2024
NO3,PM2.5,2,hora_sin,0.362624546102972,1930,2024
NO3,PM2.5,2,hora_cos,-0.289390411788927,1930,2024
NO3,PM2.5,2,mes_sin,0.133511552102445,1930,2024
NO3,PM2.5,2,mes_cos,-0.0642806209626971,1930,2024
NO3,PM2.5,3,intercepto,1.99632770182364,1907,2024
NO3,PM2.5,3,ultimo,0.541306495360909,1907,2024
NO3,PM2.5,3,previo,0.0546644685575047,1907,2024
NO3,PM2.5,3,diario,0.136335019932204,1907,2024
NO3,PM2.5,3,hora_sin,0.453033478205022,1907,2024
NO3,PM2.5,3,hora_cos,-0.421454590834341,1907,2024
NO3,PM2.5,3,mes_sin,0.179282223454366,1907,2024
NO3,PM2.5,3,mes_cos,-0.0990451851014038,1907,2024
NO3,PRS,1,intercepto,7.74376546075605,17832,2024
NO3,PRS,1,ultimo,1.64307687979821,17832,2024
NO3,PRS,1,previo,-0.651312951187645,17832,2024
NO3,PRS,1,diario,-0.00269581292734272,17832,2024
NO3,PRS,1,hora_sin,0.0037158224165262,17832,2024
NO3,PRS,1,hora_cos,0.0734995606349228,17832,2024
NO3,PRS,1,mes_sin,-0.0190775587274084,17832,2024
NO3,PRS,1,mes_cos,0.0196844624106073,17832,2024
NO3,PRS,2,intercepto,17.9308333661233,17811,2024
NO3,PRS,2,ultimo,2.00876203919738,17811,2024
NO3,PRS,2,previo,-1.03850209274862,17811,2024
NO3,PRS,2,diario,0.0044258908383489,17811,2024
NO3,PRS,2,hora_sin,0.0417340988527166,17811,2024
NO3,PRS,2,hora_cos,0.190378423864897,17811,2024
NO3,PRS,2,mes_sin,-0.0447576415636659,17811,2024
NO3,PRS,2,mes_cos,0.0451282579764451,17811,2024
NO3,PRS,3,intercepto,27.6718521716937,17794,2024
NO3,PRS,3,ultimo,2.0841640691632,17794,2024
NO3,PRS,3,previo,-1.14717676325271,17794,2024
NO3,PRS,3,diario,0.0239426445920374,17794,2024
NO3,PRS,3,hora_sin,0.137810682864271,17794,2024
NO3,PRS,3,hora_cos,0.318814452863234,17794,2024
NO3,PRS,3,mes_sin,-0.0709929262868824,17794,2024
NO3,PRS,3,mes_cos,0.0689872148155503,17794,2024
NO3,RAINF,1,intercepto,,17863,2024
NO3,RAINF,1,ultimo,,17863,2024
NO3,RAINF,1,previo,,17863,2024
NO3,RAINF,1,diario,,17863,2024
NO3,RAINF,1,hora_sin,,17863,2024
NO3,RAINF,1,hora_cos,,17863,2024
NO3,RAINF,1,mes_sin,,17863,2024
NO3,RAINF,1,mes_cos,,17863,2024
NO3,RAINF,2,intercepto,,17847,2024
NO3,RAINF,2,ultimo,,17847,2024
NO3,RAINF,2,previo,,17847,2024
NO3,RAINF,2,diario,,17847,2024
NO3,RAINF,2,hora_sin,,17847,2024
NO3,RAINF,2,hora_cos,,17847,2024
NO3,RAINF,2,mes_sin,,17847,2024
NO3,RAINF,2,mes_cos,,17847,2024
NO3,RAINF,3,intercepto,,17830,2024
NO3,RAINF,3,ultimo,,17830,2024
NO3,RAINF,3,previo,,17830,2024
NO3,RAINF,3,diario,,17830,2024
NO3,RAINF,3,hora_sin,,17830,2024
NO3,RAINF,3,hora_cos,,17830,2024
NO3,RAINF,3,mes_sin,,17830,2024
NO3,RAINF,3,mes_cos,,17830,2024
NO3,RH,1,intercepto,1.68554880471348,10081,2024
NO3,RH,1,ultimo,1.30478656648121,10081,2024
NO3,RH,1,previo,-0.374296695228006,10081,2024
NO3,RH,1,diario,0.0394759726775682,10081,2024
NO3,RH,1,hora_sin,-0.26944773596135,10081,2024
NO3,RH,1,hora_cos,1.73206381383344,10081,2024
NO3,RH,1,mes_sin,-0.163830888173105,10081,2024
NO3,RH,1,mes_cos,0.0178949729943507,10081,2024
NO3,RH,2,intercepto,3.478940389717,10058,2024
NO3,RH,2,ultimo,1.33342967653027,10058,2024
NO3,RH,2,previo,-0.51406548924618,10058,2024
NO3,RH,2,diario,0.118413437134965,10058,2024
NO3,RH,2,hora_sin,-0.113497098091572,10058,2024
NO3,RH,2,hora_cos,3.64750368856135,10058,2024
NO3,RH,2,mes_sin,-0.338310373386607,10058,2024
NO3,RH,2,mes_cos,-0.00295862001383908,10058,2024
NO3,RH,3,intercepto,5.03985682084561,10040,2024
NO3,RH,3,ultimo,1.2321826704688,10040,2024
NO3,RH,3,previo,-0.532205369177744,10040,2024
NO3,RH,3,diario,0.209764045597155,10040,2024
NO3,RH,3,hora_sin,0.522353207226653,10040,2024
NO3,RH,3,hora_cos,5.20236085653362,10040,2024
NO3,RH,3,mes_sin,-0.501099399260745,10040,2024
NO3,RH,3,mes_cos,-0.00963938747450966,10040,2024
NO3,SO2,1,intercepto,1.74874309815008,16416,2024
NO3,SO2,1,ultimo,0.475079312201009,16416,2024
NO3,SO2,1,previo,0.0160661188297335,16416,2024
NO3,SO2,1,diario,0.0885282631486542,16416,2024
NO3,SO2,1,hora_sin,-0.189667655362568,16416,2024
NO3,SO2,1,hora_cos,-0.111689968027354,16416,2024
NO3,SO2,1,mes_sin,0.143298404631451,16416,2024
NO3,SO2,1,mes_cos,0.309174512333683,16416,2024
NO3,SO2,2,intercepto,2.44919273691471,16383,2024
NO3,SO2,2,ultimo,0.208119247355876,16383,2024
NO3,SO2,2,previo,0.0794501824900837,16383,2024
NO3,SO2,2,diario,0.124360085903022,16383,2024
NO3,SO2,2,hora_sin,-0.278553936412523,16383,2024
NO3,SO2,2,hora_cos,-0.147172588487889,16383,2024
NO3,SO2,2,mes_sin,0.201377173954392,16383,2024
NO3,SO2,2,mes_cos,0.433374861513782,16383,2024
NO3,SO2,3,intercepto,2.64423300396701,16357,2024
NO3,SO2,3,ultimo,0.129437646891916,16357,2024
NO3,SO2,3,previo,0.103667538791086,16357,2024
NO3,SO2,3,diario,0.131368956941157,16357,2024
NO3,SO2,3,hora_sin,-0.317250949452008,16357,2024
NO3,SO2,3,hora_cos,-0.163357154130013,16357,2024
NO3,SO2,3,mes_sin,0.218516141753327,16357,2024
NO3,SO2,3,mes_cos,0.464066588024564,16357,2024
NO3,SR,1,intercepto,0.0199356083752434,17803,2024
NO3,SR,1,ultimo,0.990280910816315,17803,2024
NO3,SR,1,previo,-0.340806204374076,17803,2024
NO3,SR,1,diario,0.230292282053153,17803,2024
NO3,SR,1,hora_sin,0.0124101558610503,17803,2024
NO3,SR,1,hora_cos,-0.0341244960187925,17803,2024
NO3,SR,1,mes_sin,0.00274276229424033,17803,2024
NO3,SR,1,mes_cos,-0.0054953929260287,17803,2024
NO3,SR,2,intercepto,0.0342290748028326,17782,2024
NO3,SR,2,ultimo,0.709553309928746,17782,2024
NO3,SR,2,previo,-0.376061324703157,17782,2024
NO3,SR,2,diario,0.460557072663936,17782,2024
NO3,SR,2,hora_sin,0.0063940623600694,17782,2024
NO3,SR,2,hora_cos,-0.0550767322290192,17782,2024
NO3,SR,2,mes_sin,0.00476676641220713,17782,2024
NO3,SR,2,mes_cos,-0.00931645195143117,17782,2024
NO3,SR,3,intercepto,0.046246084474759,17762,2024
NO3,SR,3,ultimo,0.487882048115228,17762,2024
NO3,SR,3,previo,-0.354710253368143,17762,2024
NO3,SR,3,diario,0.588336625510357,17762,2024
NO3,SR,3,hora_sin,-0.0103899741903073,17762,2024
NO3,SR,3,hora_cos,-0.0642108085749005,17762,2024
NO3,SR,3,mes_sin,0.00638942159806522,17762,2024
NO3,SR,3,mes_cos,-0.0128104825185817,17762,2024
NO3,TOUT,1,intercepto,0.561518982877487,17837,2024
NO3,TOUT,1,ultimo,1.43579571454694,17837,2024
NO3,TOUT,1,previo,-0.478286718744552,17837,2024
NO3,TOUT,1,diario,0.0184357465579254,17837,2024
NO3,TOUT,1,hora_sin,0.207647670480174,17837,2024
NO3,TOUT,1,hora_cos,-0.567414539895454,17837,2024
NO3,TOUT,1,mes_sin,0.0200282866247685,17837,2024
NO3,TOUT,1,mes_cos,-0.159602053474866,17837,2024
NO3,TOUT,2,intercepto,1.17973670732142,17818,2024
NO3,TOUT,2,ultimo,1.52563444682867,17818,2024
NO3,TOUT,2,previo,-0.646399393839972,17818,2024
NO3,TOUT,2,diario,0.0701645413979274,17818,2024
NO3,TOUT,2,hora_sin,0.292943940308386,17818,2024
NO3,TOUT,2,hora_cos,-1.39316633636726,17818,2024
NO3,TOUT,2,mes_sin,0.0456668906882459,17818,2024
NO3,TOUT,2,mes_cos,-0.333263397272959,17818,2024
NO3,TOUT,3,intercepto,1.71967160176632,17799,2024
NO3,TOUT,3,ultimo,1.4588830630321,17799,2024
NO3,TOUT,3,previo,-0.669984992532053,17799,2024
NO3,TOUT,3,diario,0.137559244124884,17799,2024
NO3,TOUT,3,hora_sin,0.146825484098265,17799,2024
NO3,TOUT,3,hora_cos,-2.18168086154239,17799,2024
NO3,TOUT,3,mes_sin,0.0738032683376679,17799,2024
NO3,TOUT,3,mes_cos,-0.486640939937827,17799,2024
NO3,WSR,1,intercepto,0.471088786013731,15590,2024
NO3,WSR,1,ultimo,1.20698539480986,15590,2024
NO3,WSR,1,previo,-0.295557912960448,15590,2024
NO3,WSR,1,diario,0.0498335593725473,15590,2024
NO3,WSR,1,hora_sin,-0.0459016660091463,15590,2024
NO3,WSR,1,hora_cos,-0.173996437278568,15590,2024
NO3,WSR,1,mes_sin,0.178837862709019,15590,2024
NO3,WSR,1,mes_cos,0.0100651272048002,15590,2024
NO3,WSR,2,intercepto,0.966720921149034,15540,2024
NO3,WSR,2,ultimo,1.13082828473471,15540,2024
NO3,WSR,2,previo,-0.330240620027224,15540,2024
NO3,WSR,2,diario,0.120422915400157,15540,2024
NO3,WSR,2,hora_sin,-0.150540019605957,15540,2024
NO3,WSR,2,hora_cos,-0.350355836008383,15540,2024
NO3,WSR,2,mes_sin,0.355834205565607,15540,2024
NO3,WSR,2,mes_cos,0.0334659233659094,15540,2024
NO3,WSR,3,intercepto,1.38150412345143,15504,2024
NO3,WSR,3,ultimo,1.0462906797622,15504,2024
NO3,WSR,3,previo,-0.354318050389924,15504,2024
NO3,WSR,3,diario,0.195234379575659,15504,2024
NO3,WSR,3,hora_sin,-0.260713416621126,15504,2024
NO3,WSR,3,hora_cos,-0.443633391201601,15504,2024
NO3,WSR,3,mes_sin,0.501713256869977,15504,2024
NO3,WSR,3,mes_cos,0.0507464618436988,15504,2024
NTE,CO,1,intercepto,0.0615144591304967,31062,2024
NTE,CO,1,ultimo,1.10458922201039,31062,2024
NTE,CO,1,previo,-0.251260442476612,31062,2024
NTE,CO,1,diario,0.0760193740437507,31062,2024
NTE,CO,1,hora_sin,-0.00818049736865475,31062,2024
NTE,CO,1,hora_cos,0.0008064548345894,31062,2024
NTE,CO,1,mes_sin,-0.00912781349807675,31062,2024
NTE,CO,1,mes_cos,-0.00349000373539554,31062,2024
NTE,CO,2,intercepto,0.112997536508724,31027,2024
NTE,CO,2,ultimo,0.911921086892558,31027,2024
NTE,CO,2,previo,-0.225155618884078,31027,2024
NTE,CO,2,diario,0.183428944175943,31027,2024
NTE,CO,2,hora_sin,-0.0156338448494525,31027,2024
NTE,CO,2,hora_cos,0.00327275367502804,31027,2024
NTE,CO,2,mes_sin,-0.0169708875865533,31027,2024
NTE,CO,2,mes_cos,-0.00612215770729006,31027,2024
NTE,CO,3,intercepto,0.149994190736939,31009,2024
NTE,CO,3,ultimo,0.708522833180114,31009,2024
NTE,CO,3,previo,-0.150030324472161,31009,2024
NTE,CO,3,diario,0.269532689993024,31009,2024
NTE,CO,3,hora_sin,-0.0205929260282899,31009,2024
NTE,CO,3,hora_cos,0.00719496568435212,31009,2024
NTE,CO,3,mes_sin,-0.0230595450888343,31009,2024
NTE,CO,3,mes_cos,-0.0077177547354072,31009,2024
NTE,NO,1,intercepto,2.16113680364027,28455,2024
NTE,NO,1,ultimo,0.999471261071236,28455,2024
NTE,NO,1,previo,-0.253666675898646,28455,2024
NTE,NO,1,diario,0.0990330044993194,28455,2024
NTE,NO,1,hora_sin,0.95227130820422,28455,2024
NTE,NO,1,hora_cos,1.30496904368272,28455,2024
NTE,NO,1,mes_sin,-0.295586549107287,28455,2024
NTE,NO,1,mes_cos,1.63346409467734,28455,2024
NTE,NO,2,intercepto,3.74811238956508,28224,2024
NTE,NO,2,ultimo,0.667858718314267,28224,2024
NTE,NO,2,previo,-0.160869996244399,28224,2024
NTE,NO,2,diario,0.226423004347886,28224,2024
NTE,NO,2,hora_sin,2.00560553147379,28224,2024
NTE,NO,2,hora_cos,2.29233586040278,28224,2024
NTE,NO,2,mes_sin,-0.528965955829429,28224,2024
NTE,NO,2,mes_cos,2.86567372264499,28224,2024
NTE,NO,3,intercepto,4.706974776632,28084,2024
NTE,NO,3,ultimo,0.433754087241535,28084,2024
NTE,NO,3,previo,-0.0680334625145588,28084,2024
NTE,NO,3,diario,0.299850179075834,28084,2024
NTE,NO,3,hora_sin,2.8400333205388,28084,2024
NTE,NO,3,hora_cos,2.77497848063007,28084,2024
NTE,NO,3,mes_sin,-0.703829106310317,28084,2024
NTE,NO,3,mes_cos,3.62320097364459,28084,2024
NTE,NO2,1,intercepto,1.5218499662075,28860,2024
NTE,NO2,1,ultimo,1.07615733999269,28860,2024
NTE,NO2,1,previo,-0.244585264192207,28860,2024
NTE,NO2,1,diario,0.0629448141433176,28860,2024
NTE,NO2,1,hora_sin,-0.212782075252554,28860,2024
NTE,NO2,1,hora_cos,0.395773487805031,28860,2024
NTE,NO2,1,mes_sin,-0.2141696160043,28860,2024
NTE,NO2,1,mes_cos,0.699533497094942,28860,2024
NTE,NO2,2,intercepto,2.7605665128926,28653,2024
NTE,NO2,2,ultimo,0.866645573882163,28653,2024
NTE,NO2,2,previo,-0.213709167903847,28653,2024
NTE,NO2,2,diario,0.156751166696898,28653,2024
NTE,NO2,2,hora_sin,-0.32270622490289,28653,2024
NTE,NO2,2,hora_cos,0.842000852107001,28653,2024
NTE,NO2,2,mes_sin,-0.38382964993662,28653,2024
NTE,NO2,2,mes_cos,1.27589474968353,28653,2024
NTE,NO2,3,intercepto,3.67725111451502,28518,2024
NTE,NO2,3,ultimo,0.665086372165867,28518,2024
NTE,NO2,3,previo,-0.148549128422994,28518,2024
NTE,NO2,3,diario,0.231337644003546,28518,2024
NTE,NO2,3,hora_sin,-0.310243114140405,28518,2024
NTE,NO2,3,hora_cos,1.20850373640577,28518,2024
NTE,NO2,3,mes_sin,-0.529603585645145,28518,2024
NTE,NO2,3,mes_cos,1.67057689633658,28518,2024
NTE,NOX,1,intercepto,3.79854792581782,28828,2024
NTE,NOX,1,ultimo,1.04479021673232,28828,2024
NTE,NOX,1,previo,-0.256911745911246,28828,2024
NTE,NOX,1,diario,0.078032111193848,28828,2024
NTE,NOX,1,hora_sin,0.614507678337899,28828,2024
NTE,NOX,1,hora_cos,1.7365883123787,28828,2024
NTE,NOX,1,mes_sin,-0.533167752036931,28828,2024
NTE,NOX,1,mes_cos,2.27434708956695,28828,2024
NTE,NOX,2,intercepto,6.75192869931686,28619,2024
NTE,NOX,2,ultimo,0.761087410583837,28619,2024
NTE,NOX,2,previo,-0.187437584353253,28619,2024
NTE,NOX,2,diario,0.18924450493968,28619,2024
NTE,NOX,2,hora_sin,1.50851130628243,28619,2024
NTE,NOX,2,hora_cos,3.26655319031073,28619,2024
NTE,NOX,2,mes_sin,-0.957727198378037,28619,2024
NTE,NOX,2,mes_cos,4.07105560895884,28619,2024
NTE,NOX,3,intercepto,8.69837703557197,28483,2024
NTE,NOX,3,ultimo,0.539650248440173,28483,2024
NTE,NOX,3,previo,-0.107071295171709,28483,2024
NTE,NOX,3,diario,0.262873113220856,28483,2024
NTE,NOX,3,hora_sin,2.40227146780169,28483,2024
NTE,NOX,3,hora_cos,4.1794854913886,28483,2024
NTE,NOX,3,mes_sin,-1.2935213029366,28483,2024
NTE,NOX,3,mes_cos,5.24592388783289,28483,2024
NTE,PM10,1,intercepto,8.11130935715349,37318,2024
NTE,PM10,1,ultimo,0.797805368832383,37318,2024
NTE,PM10,1,previo,0.00249317755516667,37318,2024
NTE,PM10,1,diario,0.0670390487790991,37318,2024
NTE,PM10,1,hora_sin,1.14693312848284,37318,2024
NTE,PM10,1,hora_cos,-0.556231642160121,37318,2024
NTE,PM10,1,mes_sin,-0.703031923772701,37318,2024
NTE,PM10,1,mes_cos,1.62587190913937,37318,2024
NTE,PM10,2,intercepto,13.7581278001171,37219,2024
NTE,PM10,2,ultimo,0.574500886869782,37219,2024
NTE,PM10,2,previo,0.0634473679040834,37219,2024
NTE,PM10,2,diario,0.135301766716951,37219,2024
NTE,PM10,2,hora_sin,1.93040369131491,37219,2024
NTE,PM10,2,hora_cos,-1.10310656587894,37219,2024
NTE,PM10,2,mes_sin,-1.17446222973704,37219,2024
NTE,PM10,2,mes_cos,2.94348975262132,37219,2024
NTE,PM10,3,intercepto,17.7901761470714,37163,2024
NTE,PM10,3,ultimo,0.443386395001674,37163,2024
NTE,PM10,3,previo,0.083313010118185,37163,2024
NTE,PM10,3,diario,0.179659278799048,37163,2024
NTE,PM10,3,hora_sin,2.32507784956068,37163,2024
NTE,PM10,3,hora_cos,-1.68965797146711,37163,2024
NTE,PM10,3,mes_sin,-1.49053581327263,37163,2024
NTE,PM10,3,mes_cos,3.79293509309945,37163,2024
NTE,PM2.5,1,intercepto,1.42887502481998,31821,2024
NTE,PM2.5,1,ultimo,0.969625383533163,31821,2024
NTE,PM2.5,1,previo,-0.0905072133000956,31821,2024
NTE,PM2.5,1,diario,0.0395770237869557,31821,2024
NTE,PM2.5,1,hora_sin,0.163921588081672,31821,2024
NTE,PM2.5,1,hora_cos,0.194753968775623,31821,2024
NTE,PM2.5,1,mes_sin,0.229311075254635,31821,2024
NTE,PM2.5,1,mes_cos,0.24707553671563,31821,2024
NTE,PM2.5,2,intercepto,2.67664418868866,31591,2024
NTE,PM2.5,2,ultimo,0.804148760029032,31591,2024
NTE,PM2.5,2,previo,-0.0403273039671616,31591,2024
NTE,PM2.5,2,diario,0.0851924736164576,31591,2024
NTE,PM2.5,2,hora_sin,0.380390606411637,31591,2024
NTE,PM2.5,2,hora_cos,0.353499606935198,31591,2024
NTE,PM2.5,2,mes_sin,0.434879687699581,31591,2024
NTE,PM2.5,2,mes_cos,0.465546470863886,31591,2024
NTE,PM2.5,3,intercepto,3.68406409415255,31482,2024
NTE,PM2.5,3,ultimo,0.695507370069879,31482,2024
NTE,PM2.5,3,previo,-0.0262291609947179,31482,2024
NTE,PM2.5,3,diario,0.122762655422396,31482,2024
NTE,PM2.5,3,hora_sin,0.584928535369274,31482,2024
NTE,PM2.5,3,hora_cos,0.416305515280159,31482,2024
NTE,PM2.5,3,mes_sin,0.595790031483426,31482,2024
NTE,PM2.5,3,mes_cos,0.637065869533549,31482,2024
NTE,PRS,1,intercepto,28.3910571173031,31919,2024
NTE,PRS,1,ultimo,0.633093992194912,31919,2024
NTE,PRS,1,previo,0.320455127321272,31919,2024
NTE,PRS,1,diario,0.00677648269028802,31919,2024
NTE,PRS,1,hora_sin,0.143909425841486,31919,2024
NTE,PRS,1,hora_cos,0.226093583423128,31919,2024
NTE,PRS,1,mes_sin,-0.0617226754339709,31919,2024
NTE,PRS,1,mes_cos,0.0692624727386366,31919,2024
NTE,PRS,2,intercepto,40.3121398245421,31887,2024
NTE,PRS,2,ultimo,0.595331647333946,31887,2024
NTE,PRS,2,previo,0.333544936539162,31887,2024
NTE,PRS,2,diario,0.0147919887009291,31887,2024
NTE,PRS,2,hora_sin,0.28485051640678,31887,2024
NTE,PRS,2,hora_cos,0.353991023795783,31887,2024
NTE,PRS,2,mes_sin,-0.0860382817390773,31887,2024
NTE,PRS,2,mes_cos,0.0979898166650441,31887,2024
NTE,PRS,3,intercepto,53.3640291443589,31869,2024
NTE,PRS,3,ultimo,0.670379292364271,31869,2024
NTE,PRS,3,previo,0.227294471336302,31869,2024
NTE,PRS,3,diario,0.0277564492429955,31869,2024
NTE,PRS,3,hora_sin,0.42979753086604,31869,2024
NTE,PRS,3,hora_cos,0.425953028022421,31869,2024
NTE,PRS,3,mes_sin,-0.11388225634039,31869,2024
NTE,PRS,3,mes_cos,0.130084462509438,31869,2024
NTE,RAINF,1,intercepto,1.15114460867764e-06,34039,2024
NTE,RAINF,1,ultimo,-0.000142071960294605,34039,2024
NTE,RAINF,1,previo,-0.000136282695975147,34039,2024
NTE,RAINF,1,diario,-0.000143983046911921,34039,2024
NTE,RAINF,1,hora_sin,-2.35275850314715e-06,34039,2024
NTE,RAINF,1,hora_cos,1.43916659634234e-08,34039,2024
NTE,RAINF,1,mes_sin,2.25541876465666e-06,34039,2024
NTE,RAINF,1,mes_cos,5.16418164150787e-08,34039,2024
NTE,RAINF,2,intercepto,1.15008485694464e-06,34011,2024
NTE,RAINF,2,ultimo,-0.000136396898383461,34011,2024
NTE,RAINF,2,previo,-0.000127106881751843,34011,2024
NTE,RAINF,2,diario,-0.000144120913108763,34011,2024
NTE,RAINF,2,hora_sin,-2.35558241516412e-06,34011,2024
NTE,RAINF,2,hora_cos,1.32552278281997e-08,34011,2024
NTE,RAINF,2,mes_sin,2.25916925224106e-06,34011,2024
NTE,RAINF,2,mes_cos,5.25415160577532e-08,34011,2024
NTE,RAINF,3,intercepto,1.14724348280571e-06,33998,2024
NTE,RAINF,3,ultimo,-0.000127074155551995,33998,2024
NTE,RAINF,3,previo,-0.000114926003983274,33998,2024
NTE,RAINF,3,diario,-0.000144096998960649,33998,2024
NTE,RAINF,3,hora_sin,-2.35626371877413e-06,33998,2024
NTE,RAINF,3,hora_cos,1.30389480961587e-08,33998,2024
NTE,RAINF,3,mes_sin,2.26037275685366e-06,33998,2024
NTE,RAINF,3,mes_cos,5.2065085767387e-08,33998,2024
NTE,RH,1,intercepto,0.703875231129187,20362,2024
NTE,RH,1,ultimo,1.41235281125494,20362,2024
NTE,RH,1,previo,-0.464104866684277,20362,2024
NTE,RH,1,diario,0.0368144796267657,20362,2024
NTE,RH,1,hora_sin,-0.540795356991483,20362,2024
NTE,RH,1,hora_cos,1.77210284970166,20362,2024
NTE,RH,1,mes_sin,-0.0629530768643101,20362,2024
NTE,RH,1,mes_cos,-0.0718903584719062,20362,2024
NTE,RH,2,intercepto,1.5806401995762,20297,2024
NTE,RH,2,ultimo,1.46454425517086,20297,2024
NTE,RH,2,previo,-0.606651919276503,20297,2024
NTE,RH,2,diario,0.108965335971781,20297,2024
NTE,RH,2,hora_sin,-0.563360887204636,20297,2024
NTE,RH,2,hora_cos,4.22682040914884,20297,2024
NTE,RH,2,mes_sin,-0.112050614214605,20297,2024
NTE,RH,2,mes_cos,-0.125769950176857,20297,2024
NTE,RH,3,intercepto,2.37311212544823,20270,2024
NTE,RH,3,ultimo,1.41881632626291,20270,2024
NTE,RH,3,previo,-0.663698468393806,20270,2024
NTE,RH,3,diario,0.19527395439095,20270,2024
NTE,RH,3,hora_sin,0.0302853070661585,20270,2024
NTE,RH,3,hora_cos,6.21598812312066,20270,2024
NTE,RH,3,mes_sin,-0.157935309287034,20270,2024
NTE,RH,3,mes_cos,-0.1672397421187,20270,2024
NTE,SO2,1,intercepto,0.386514131701524,27248,2024
NTE,SO2,1,ultimo,0.818856752813343,27248,2024
NTE,SO2,1,previo,-0.0791185236511796,27248,2024
NTE,SO2,1,diario,0.161617482634523,27248,2024
NTE,SO2,1,hora_sin,0.0229499720376539,27248,2024
NTE,SO2,1,hora_cos,-0.13647208516125,27248,2024
NTE,SO2,1,mes_sin,0.0369461454305052,27248,2024
NTE,SO2,1,mes_cos,0.00216834276019133,27248,2024
NTE,SO2,2,intercepto,0.62890716155557,27024,2024
NTE,SO2,2,ultimo,0.481321752507794,27024,2024
NTE,SO2,2,previo,0.0840272021270815,27024,2024
NTE,SO2,2,diario,0.27440894737079,27024,2024
NTE,SO2,2,hora_sin,0.0141880837957726,27024,2024
NTE,SO2,2,hora_cos,-0.259408613322449,27024,2024
NTE,SO2,2,mes_sin,0.0629877544905464,27024,2024
NTE,SO2,2,mes_cos,0.00759352813405796,27024,2024
NTE,SO2,3,intercepto,0.722472114793411,26997,2024
NTE,SO2,3,ultimo,0.328526350146578,26997,2024
NTE,SO2,3,previo,0.152264985122007,26997,2024
NTE,SO2,3,diario,0.334901118643557,26997,2024
NTE,SO2,3,hora_sin,-0.00746978330027316,26997,2024
NTE,SO2,3,hora_cos,-0.335630372950149,26997,2024
NTE,SO2,3,mes_sin,0.0705564704510694,26997,2024
NTE,SO2,3,mes_cos,0.00972236632469173,26997,2024
NTE,SR,1,intercepto,0.000988500766878455,39406,2024
NTE,SR,1,ultimo,0.975701975350468,39406,2024
NTE,SR,1,previo,-0.15734387649091,39406,2024
NTE,SR,1,diario,0.164030321541522,39406,2024
NTE,SR,1,hora_sin,0.00766751049453685,39406,2024
NTE,SR,1,hora_cos,-0.00470330285499416,39406,2024
NTE,SR,1,mes_sin,0.00143324804583284,39406,2024
NTE,SR,1,mes_cos,-3.66312866609115e-05,39406,2024
NTE,SR,2,intercepto,0.00175839205749752,39359,2024
NTE,SR,2,ultimo,0.857775285927757,39359,2024
NTE,SR,2,previo,-0.23455798967838,39359,2024
NTE,SR,2,diario,0.34641235420285,39359,2024
NTE,SR,2,hora_sin,0.0109162407872486,39359,2024
NTE,SR,2,hora_cos,-0.00867101111056252,39359,2024
NTE,SR,2,mes_sin,0.00250546038444821,39359,2024
NTE,SR,2,mes_cos,3.85071964983339e-05,39359,2024
NTE,SR,3,intercepto,0.00221762155721055,39318,2024
NTE,SR,3,ultimo,0.710486345955582,39318,2024
NTE,SR,3,previo,-0.248867111645593,39318,2024
NTE,SR,3,diario,0.49985257516136,39318,2024
NTE,SR,3,hora_sin,0.0111679680658638,39318,2024
NTE,SR,3,hora_cos,-0.0112939212989271,39318,2024
NTE,SR,3,mes_sin,0.00327961590028221,39318,2024
NTE,SR,3,mes_cos,0.00014135650781574,39318,2024
NTE,TOUT,1,intercepto,0.122587586050694,32527,2024
NTE,TOUT,1,ultimo,1.27116189506373,32527,2024
NTE,TOUT,1,previo,-0.307102419627164,32527,2024
NTE,TOUT,1,diario,0.0304102461605622,32527,2024
NTE,TOUT,1,hora_sin,0.315558063667638,32527,2024
NTE,TOUT,1,hora_cos,-0.730963498845765,32527,2024
NTE,TOUT,1,mes_sin,0.00097919195183882,32527,2024
NTE,TOUT,1,mes_cos,-0.0404024153609699,32527,2024
NTE,TOUT,2,intercepto,0.263293848912044,32495,2024
NTE,TOUT,2,ultimo,1.31012377707685,32495,2024
NTE,TOUT,2,previo,-0.41081995831927,32495,2024
NTE,TOUT,2,diario,0.0889519210096047,32495,2024
NTE,TOUT,2,hora_sin,0.446003436090956,32495,2024
NTE,TOUT,2,hora_cos,-1.6206950037003,32495,2024
NTE,TOUT,2,mes_sin,0.00490553572724096,32495,2024
NTE,TOUT,2,mes_cos,-0.0824500339099007,32495,2024
NTE,TOUT,3,intercepto,0.397434664171149,32479,2024
NTE,TOUT,3,ultimo,1.25277594460428,32479,2024
NTE,TOUT,3,previo,-0.428025470540991,32479,2024
NTE,TOUT,3,diario,0.157614576747898,32479,2024
NTE,TOUT,3,hora_sin,0.321348328033968,32479,2024
NTE,TOUT,3,hora_cos,-2.43684979630688,32479,2024
NTE,TOUT,3,mes_sin,0.00865579812870722,32479,2024
NTE,TOUT,3,mes_cos,-0.122875251979071,32479,2024
NTE,WSR,1,intercepto,0.797767380606242,33187,2024
NTE,WSR,1,ultimo,0.895553198017209,33187,2024
NTE,WSR,1,previo,-0.077305342254168,33187,2024
NTE,WSR,1,diario,0.0770001395913103,33187,2024
NTE,WSR,1,hora_sin,-0.320687268447279,33187,2024
NTE,WSR,1,hora_cos,-0.523516310536188,33187,2024
NTE,WSR,1,mes_sin,0.0944001203562939,33187,2024
NTE,WSR,1,mes_cos,-0.241441951021137,33187,2024
NTE,WSR,2,intercepto,1.42935491428921,33131,2024
NTE,WSR,2,ultimo,0.713046689086636,33131,2024
NTE,WSR,2,previo,-0.0600610085557126,33131,2024
NTE,WSR,2,diario,0.159359039617146,33131,2024
NTE,WSR,2,hora_sin,-0.689787342249989,33131,2024
NTE,WSR,2,hora_cos,-0.851888858939973,33131,2024
NTE,WSR,2,mes_sin,0.169252685279907,33131,2024
NTE,WSR,2,mes_cos,-0.430826924173528,33131,2024
NTE,WSR,3,intercepto,1.91072500806206,33095,2024
NTE,WSR,3,ultimo,0.559827887933178,33095,2024
NTE,WSR,3,previo,-0.0354587626061141,33095,2024
NTE,WSR,3,diario,0.224452986130135,33095,2024
NTE,WSR,3,hora_sin,-1.03497684180713,33095,2024
NTE,WSR,3,hora_cos,-0.997095293670357,33095,2024
NTE,WSR,3,mes_sin,0.226330943451848,33095,2024
NTE,WSR,3,mes_cos,-0.571446528829296,33095,2024
NTE2,CO,1,intercepto,0.0746677841353673,40165,2024
NTE2,CO,1,ultimo,0.877208093993304,40165,2024
NTE2,CO,1,previo,-0.0387976898698177,40165,2024
NTE2,CO,1,diario,0.100829382475265,40165,2024
NTE2,CO,1,hora_sin,0.0215533057250705,40165,2024
NTE2,CO,1,hora_cos,0.00245750277230773,40165,2024
NTE2,CO,1,mes_sin,0.000948109767058548,40165,2024
NTE2,CO,1,mes_cos,0.0138138457251331,40165,2024
NTE2,CO,2,intercepto,0.129434888734235,40131,2024
NTE2,CO,2,ultimo,0.73341300147146,40131,2024
NTE2,CO,2,previo,-0.045230777657817,40131,2024
NTE2,CO,2,diario,0.206320464177059,40131,2024
NTE2,CO,2,hora_sin,0.0372565241852502,40131,2024
NTE2,CO,2,hora_cos,-0.000800422303151549,40131,2024
NTE2,CO,2,mes_sin,0.00172256566106444,40131,2024
NTE2,CO,2,mes_cos,0.0237012697182935,40131,2024
NTE2,CO,3,intercepto,0.169644430513699,40107,2024
NTE2,CO,3,ultimo,0.596867211840236,40107,2024
NTE2,CO,3,previo,-0.0313659445809773,40107,2024
NTE2,CO,3,diario,0.296114117774543,40107,2024
NTE2,CO,3,hora_sin,0.0473219489693273,40107,2024
NTE2,CO,3,hora_cos,-0.00724934007886332,40107,2024
NTE2,CO,3,mes_sin,0.00188431503699086,40107,2024
NTE2,CO,3,mes_cos,0.0311484854291009,40107,2024
NTE2,NO,1,intercepto,3.74518604445262,33603,2024
NTE2,NO,1,ultimo,0.918667900769435,33603,2024
NTE2,NO,1,previo,-0.160262006957933,33603,2024
NTE2,NO,1,diario,0.0699702724861062,33603,2024
NTE2,NO,1,hora_sin,2.6542048203225,33603,2024
NTE2,NO,1,hora_cos,0.750591976495606,33603,2024
NTE2,NO,1,mes_sin,-0.843584192044288,33603,2024
NTE2,NO,1,mes_cos,2.69100748704265,33603,2024
NTE2,NO,2,intercepto,6.88239029295004,33519,2024
NTE2,NO,2,ultimo,0.704592182896775,33519,2024
NTE2,NO,2,previo,-0.173645468694888,33519,2024
NTE2,NO,2,diario,0.154265347742994,33519,2024
NTE2,NO,2,hora_sin,4.84688411732414,33519,2024
NTE2,NO,2,hora_cos,0.633195002095469,33519,2024
NTE2,NO,2,mes_sin,-1.53501626995284,33519,2024
NTE2,NO,2,mes_cos,4.94715838914291,33519,2024
NTE2,NO,3,intercepto,9.34922906899666,33459,2024
NTE2,NO,3,ultimo,0.509501418181794,33459,2024
NTE2,NO,3,previo,-0.151875159259663,33459,2024
NTE2,NO,3,diario,0.21418047820138,33459,2024
NTE2,NO,3,hora_sin,6.33234658020057,33459,2024
NTE2,NO,3,hora_cos,-0.0735815625600543,33459,2024
NTE2,NO,3,mes_sin,-2.1055035644034,33459,2024
NTE2,NO,3,mes_cos,6.71816506780066,33459,2024
NTE2,NO2,1,intercepto,1.88578081376534,33473,2024
NTE2,NO2,1,ultimo,1.00683541383576,33473,2024
NTE2,NO2,1,previo,-0.170834516714502,33473,2024
NTE2,NO2,1,diario,0.0849719512405125,33473,2024
NTE2,NO2,1,hora_sin,0.121542361778853,33473,2024
NTE2,NO2,1,hora_cos,-0.0505772830499647,33473,2024
NTE2,NO2,1,mes_sin,-0.0391055858027012,33473,2024
NTE2,NO2,1,mes_cos,0.834124782740395,33473,2024
NTE2,NO2,2,intercepto,3.4617657021532,33406,2024
NTE2,NO2,2,ultimo,0.833072455632119,33406,2024
NTE2,NO2,2,previo,-0.170176887017562,33406,2024
NTE2,NO2,2,diario,0.191935798114587,33406,2024
NTE2,NO2,2,hora_sin,0.209270248328472,33406,2024
NTE2,NO2,2,hora_cos,-0.130792172207159,33406,2024
NTE2,NO2,2,mes_sin,-0.0773993244057067,33406,2024
NTE2,NO2,2,mes_cos,1.53518951460442,33406,2024
NTE2,NO2,3,intercepto,4.62469992487008,33358,2024
NTE2,NO2,3,ultimo,0.637720718133647,33358,2024
NTE2,NO2,3,previo,-0.113446693028008,33358,2024
NTE2,NO2,3,diario,0.281552382427844,33358,2024
NTE2,NO2,3,hora_sin,0.248877620923818,33358,2024
NTE2,NO2,3,hora_cos,-0.212363414870888,33358,2024
NTE2,NO2,3,mes_sin,-0.108895591486507,33358,2024
NTE2,NO2,3,mes_cos,2.04220713014875,33358,2024
NTE2,NOX,1,intercepto,5.91881901051543,33501,2024
NTE2,NOX,1,ultimo,0.951866091592438,33501,2024
NTE2,NOX,1,previo,-0.153350442889977,33501,2024
NTE2,NOX,1,diario,0.0712855259132408,33501,2024
NTE2,NOX,1,hora_sin,2.43369269471435,33501,2024
NTE2,NOX,1,hora_cos,0.999469189322393,33501,2024
NTE2,NOX,1,mes_sin,-0.723397175142271,33501,2024
NTE2,NOX,1,mes_cos,3.45511572947909,33501,2024
NTE2,NOX,2,intercepto,10.976104715908,33434,2024
NTE2,NOX,2,ultimo,0.774720675809414,33434,2024
NTE2,NOX,2,previo,-0.175223862459953,33434,2024
NTE2,NOX,2,diario,0.159208886013488,33434,2024
NTE2,NOX,2,hora_sin,4.54922850483936,33434,2024
NTE2,NOX,2,hora_cos,1.13858373147417,33434,2024
NTE2,NOX,2,mes_sin,-1.33351707540206,33434,2024
NTE2,NOX,2,mes_cos,6.40911078645768,33434,2024
NTE2,NOX,3,intercepto,15.0673055631569,33388,2024
NTE2,NOX,3,ultimo,0.600471351000326,33388,2024
NTE2,NOX,3,previo,-0.1617655419543,33388,2024
NTE2,NOX,3,diario,0.229575763659726,33388,2024
NTE2,NOX,3,hora_sin,6.05040651847873,33388,2024
NTE2,NOX,3,hora_cos,0.626076320144077,33388,2024
NTE2,NOX,3,mes_sin,-1.8568224782498,33388,2024
NTE2,NOX,3,mes_cos,8.78495584908483,33388,2024
NTE2,PM10,1,intercepto,8.83204813091742,40451,2024
NTE2,PM10,1,ultimo,0.779628278678179,40451,2024
NTE2,PM10,1,previo,0.0404798360564993,40451,2024
NTE2,PM10,1,diario,0.0481969607274181,40451,2024
NTE2,PM10,1,hora_sin,2.22060129908156,40451,2024
NTE2,PM10,1,hora_cos,-1.03814221663892,40451,2024
NTE2,PM10,1,mes_sin,0.405805262104143,40451,2024
NTE2,PM10,1,mes_cos,2.01362702055931,40451,2024
NTE2,PM10,2,intercepto,15.2933436337094,40353,2024
NTE2,PM10,2,ultimo,0.612050591715711,40353,2024
NTE2,PM10,2,previo,0.0657786722434375,40353,2024
NTE2,PM10,2,diario,0.0935908383247984,40353,2024
NTE2,PM10,2,hora_sin,3.69305283050355,40353,2024
NTE2,PM10,2,hora_cos,-2.27264142058076,40353,2024
NTE2,PM10,2,mes_sin,0.647028204430651,40353,2024
NTE2,PM10,2,mes_cos,3.47262208827977,40353,2024
NTE2,PM10,3,intercepto,20.0456996288703,40275,2024
NTE2,PM10,3,ultimo,0.512450828589561,40275,2024
NTE2,PM10,3,previo,0.0574318573060811,40275,2024
NTE2,PM10,3,diario,0.130652872730716,40275,2024
NTE2,PM10,3,hora_sin,4.50343488797671,40275,2024
NTE2,PM10,3,hora_cos,-3.52614070127465,40275,2024
NTE2,PM10,3,mes_sin,0.756698821033288,40275,2024
NTE2,PM10,3,mes_cos,4.59416705067932,40275,2024
NTE2,PM2.5,1,intercepto,3.9784783685629,30606,2024
NTE2,PM2.5,1,ultimo,0.642991195308311,30606,2024
NTE2,PM2.5,1,previo,0.0986031408819104,30606,2024
NTE2,PM2.5,1,diario,0.0669175993113489,30606,2024
NTE2,PM2.5,1,hora_sin,0.557567585664561,30606,2024
NTE2,PM2.5,1,hora_cos,-0.681111753043019,30606,2024
NTE2,PM2.5,1,mes_sin,0.253712771972866,30606,2024
NTE2,PM2.5,1,mes_cos,0.457566780225931,30606,2024
NTE2,PM2.5,2,intercepto,6.05242870570144,30328,2024
NTE2,PM2.5,2,ultimo,0.483003159203952,30328,2024
NTE2,PM2.5,2,previo,0.123295371748009,30328,2024
NTE2,PM2.5,2,diario,0.104772706337601,30328,2024
NTE2,PM2.5,2,hora_sin,0.741185625980219,30328,2024
NTE2,PM2.5,2,hora_cos,-1.10276447305641,30328,2024
NTE2,PM2.5,2,mes_sin,0.394551157854111,30328,2024
NTE2,PM2.5,2,mes_cos,0.702997499843278,30328,2024
NTE2,PM2.5,3,intercepto,7.63431458096032,30121,2024
NTE2,PM2.5,3,ultimo,0.430656658890153,30121,2024
NTE2,PM2.5,3,previo,0.0740650840608308,30121,2024
NTE2,PM2.5,3,diario,0.132482853445357,30121,2024
NTE2,PM2.5,3,hora_sin,0.78530845238337,30121,2024
NTE2,PM2.5,3,hora_cos,-1.42714331995484,30121,2024
NTE2,PM2.5,3,mes_sin,0.527914448107013,30121,2024
NTE2,PM2.5,3,mes_cos,0.864432925062523,30121,2024
NTE2,PRS,1,intercepto,13.3180876797922,42379,2024
NTE2,PRS,1,ultimo,1.18552803937587,42379,2024
NTE2,PRS,1,previo,-0.192776623567207,42379,2024
NTE2,PRS,1,diario,-0.0114328604356308,42379,2024
NTE2,PRS,1,hora_sin,0.0777465563844254,42379,2024
NTE2,PRS,1,hora_cos,0.139507002835014,42379,2024
NTE2,PRS,1,mes_sin,-0.0261313373064783,42379,2024
NTE2,PRS,1,mes_cos,0.0294605849987369,42379,2024
NTE2,PRS,2,intercepto,26.2918710777836,42332,2024
NTE2,PRS,2,ultimo,1.37322809409826,42332,2024
NTE2,PRS,2,previo,-0.40349041133095,42332,2024
NTE2,PRS,2,diario,-0.00661629682857283,42332,2024
NTE2,PRS,2,hora_sin,0.17621498943614,42332,2024
NTE2,PRS,2,hora_cos,0.257750872309907,42332,2024
NTE2,PRS,2,mes_sin,-0.0515032799628484,42332,2024
NTE2,PRS,2,mes_cos,0.0600464846940171,42332,2024
NTE2,PRS,3,intercepto,39.5479004352762,42304,2024
NTE2,PRS,3,ultimo,1.43305544946795,42304,2024
NTE2,PRS,3,previo,-0.497776631994592,42304,2024
NTE2,PRS,3,diario,0.00924893149578647,42304,2024
NTE2,PRS,3,hora_sin,0.310727385790794,42304,2024
NTE2,PRS,3,hora_cos,0.351774263865249,42304,2024
NTE2,PRS,3,mes_sin,-0.0776870535416216,42304,2024
NTE2,PRS,3,mes_cos,0.0909216509426347,42304,2024
NTE2,RAINF,1,intercepto,0.00169545923431601,42505,2024
NTE2,RAINF,1,ultimo,0.440993270833872,42505,2024
NTE2,RAINF,1,previo,0.212346178531567,42505,2024
NTE2,RAINF,1,diario,0.0108297817904097,42505,2024
NTE2,RAINF,1,hora_sin,-0.000197899439149622,42505,2024
NTE2,RAINF,1,hora_cos,-0.000759666016950994,42505,2024
NTE2,RAINF,1,mes_sin,0.000277109520004025,42505,2024
NTE2,RAINF,1,mes_cos,-0.00205177546560136,42505,2024
NTE2,RAINF,2,intercepto,0.00216690615215328,42466,2024
NTE2,RAINF,2,ultimo,0.332664753484719,42466,2024
NTE2,RAINF,2,previo,0.226257033070963,42466,2024
NTE2,RAINF,2,diario,0.0130345476787563,42466,2024
NTE2,RAINF,2,hora_sin,-0.000281015571346099,42466,2024
NTE2,RAINF,2,hora_cos,-0.00109949222542512,42466,2024
NTE2,RAINF,2,mes_sin,0.000379005171362193,42466,2024
NTE2,RAINF,2,mes_cos,-0.00268771417407185,42466,2024
NTE2,RAINF,3,intercepto,0.0026686862046103,42438,2024
NTE2,RAINF,3,ultimo,0.336724917881078,42438,2024
NTE2,RAINF,3,previo,0.135654377708569,42438,2024
NTE2,RAINF,3,diario,0.0176961072217291,42438,2024
NTE2,RAINF,3,hora_sin,-0.000536446238365455,42438,2024
NTE2,RAINF,3,hora_cos,-0.00121040807458542,42438,2024
NTE2,RAINF,3,mes_sin,0.000348700652435142,42438,2024
NTE2,RAINF,3,mes_cos,-0.00329380847561399,42438,2024
NTE2,RH,1,intercepto,1.53053481164323,42155,2024
NTE2,RH,1,ultimo,1.34789533967341,42155,2024
NTE2,RH,1,previo,-0.39287255095504,42155,2024
NTE2,RH,1,diario,0.0171433176271984,42155,2024
NTE2,RH,1,hora_sin,-0.533724269468049,42155,2024
NTE2,RH,1,hora_cos,2.37920313138143,42155,2024
NTE2,RH,1,mes_sin,-0.0465692118544118,42155,2024
NTE2,RH,1,mes_cos,-0.0467732365705705,42155,2024
NTE2,RH,2,intercepto,3.35760041654165,42097,2024
NTE2,RH,2,ultimo,1.36860712270191,42097,2024
NTE2,RH,2,previo,-0.480069807876501,42097,2024
NTE2,RH,2,diario,0.0504612988667206,42097,2024
NTE2,RH,2,hora_sin,-0.385196966081057,42097,2024
NTE2,RH,2,hora_cos,5.69184990001167,42097,2024
NTE2,RH,2,mes_sin,-0.0926805392306648,42097,2024
NTE2,RH,2,mes_cos,-0.103931037703772,42097,2024
NTE2,RH,3,intercepto,5.0423549330842,42056,2024
NTE2,RH,3,ultimo,1.32370055054205,42056,2024
NTE2,RH,3,previo,-0.508337656699316,42056,2024
NTE2,RH,3,diario,0.0932835297714549,42056,2024
NTE2,RH,3,hora_sin,0.561356094352976,42056,2024
NTE2,RH,3,hora_cos,8.61018995736031,42056,2024
NTE2,RH,3,mes_sin,-0.139903235814409,42056,2024
NTE2,RH,3,mes_cos,-0.165064563254295,42056,2024
NTE2,SO2,1,intercepto,0.499992549904658,29311,2024
NTE2,SO2,1,ultimo,0.676820491841382,29311,2024
NTE2,SO2,1,previo,0.0753736374748538,29311,2024
NTE2,SO2,1,diario,0.151172618902326,29311,2024
NTE2,SO2,1,hora_sin,0.0617275720218807,29311,2024
NTE2,SO2,1,hora_cos,-0.0912122732212652,29311,2024
NTE2,SO2,1,mes_sin,0.0384791856826791,29311,2024
NTE2,SO2,1,mes_cos,0.0990471421707554,29311,2024
NTE2,SO2,2,intercepto,0.768070288831304,29230,2024
NTE2,SO2,2,ultimo,0.462202979616284,29230,2024
NTE2,SO2,2,previo,0.147996684561142,29230,2024
NTE2,SO2,2,diario,0.241426867633826,29230,2024
NTE2,SO2,2,hora_sin,0.0871296317552077,29230,2024
NTE2,SO2,2,hora_cos,-0.165407819891381,29230,2024
NTE2,SO2,2,mes_sin,0.0598366448583364,29230,2024
NTE2,SO2,2,mes_cos,0.155083551757431,29230,2024
NTE2,SO2,3,intercepto,0.907427492576203,29178,2024
NTE2,SO2,3,ultimo,0.355537290374769,29178,2024
NTE2,SO2,3,previo,0.177995464290115,29178,2024
NTE2,SO2,3,diario,0.291351740701989,29178,2024
NTE2,SO2,3,hora_sin,0.0921971263133955,29178,2024
NTE2,SO2,3,hora_cos,-0.222104121043633,29178,2024
NTE2,SO2,3,mes_sin,0.0701922580498497,29178,2024
NTE2,SO2,3,mes_cos,0.186748907612762,29178,2024
NTE2,SR,1,intercepto,0.0172363777366967,43228,2024
NTE2,SR,1,ultimo,1.08509588233295,43228,2024
NTE2,SR,1,previo,-0.426313705186087,43228,2024
NTE2,SR,1,diario,0.205110356569838,43228,2024
NTE2,SR,1,hora_sin,0.00446353421307454,43228,2024
NTE2,SR,1,hora_cos,-0.0270382666380138,43228,2024
NTE2,SR,1,mes_sin,0.00208966006762417,43228,2024
NTE2,SR,1,mes_cos,-0.00573610381405657,43228,2024
NTE2,SR,2,intercepto,0.0309724978777489,43207,2024
NTE2,SR,2,ultimo,0.829828176723259,43207,2024
NTE2,SR,2,previo,-0.50846067464594,43207,2024
NTE2,SR,2,diario,0.434083439111049,43207,2024
NTE2,SR,2,hora_sin,-0.00451318229782982,43207,2024
NTE2,SR,2,hora_cos,-0.0434951200771905,43207,2024
NTE2,SR,2,mes_sin,0.00384435494727215,43207,2024
NTE2,SR,2,mes_cos,-0.0102593978344276,43207,2024
NTE2,SR,3,intercepto,0.0399569853887544,43194,2024
NTE2,SR,3,ultimo,0.551643661186277,43194,2024
NTE2,SR,3,previo,-0.443964378793421,43194,2024
NTE2,SR,3,diario,0.576687270520486,43194,2024
NTE2,SR,3,hora_sin,-0.017519177376203,43194,2024
NTE2,SR,3,hora_cos,-0.0491637038993118,43194,2024
NTE2,SR,3,mes_sin,0.00501327744114207,43194,2024
NTE2,SR,3,mes_cos,-0.0131648033472741,43194,2024
NTE2,TOUT,1,intercepto,0.478861633798191,42443,2024
NTE2,TOUT,1,ultimo,1.39744080729949,42443,2024
NTE2,TOUT,1,previo,-0.430661340242734,42443,2024
NTE2,TOUT,1,diario,0.0129893781200039,42443,2024
NTE2,TOUT,1,hora_sin,0.211725600669896,42443,2024
NTE2,TOUT,1,hora_cos,-0.599463626442487,42443,2024
NTE2,TOUT,1,mes_sin,0.0132152948289974,42443,2024
NTE2,TOUT,1,mes_cos,-0.132556091660497,42443,2024
NTE2,TOUT,2,intercepto,1.03647396010071,42406,2024
NTE2,TOUT,2,ultimo,1.48975023346747,42406,2024
NTE2,TOUT,2,previo,-0.581630249081445,42406,2024
NTE2,TOUT,2,diario,0.0480445952027647,42406,2024
NTE2,TOUT,2,hora_sin,0.283497443965785,42406,2024
NTE2,TOUT,2,hora_cos,-1.45104122406038,42406,2024
NTE2,TOUT,2,mes_sin,0.0323687688344236,42406,2024
NTE2,TOUT,2,mes_cos,-0.287512114662662,42406,2024
NTE2,TOUT,3,intercepto,1.5493078161949,42379,2024
NTE2,TOUT,3,ultimo,1.47969977994807,42379,2024
NTE2,TOUT,3,previo,-0.641066756924876,42379,2024
NTE2,TOUT,3,diario,0.0958409553642367,42379,2024
NTE2,TOUT,3,hora_sin,0.13700094968004,42379,2024
NTE2,TOUT,3,hora_cos,-2.25792978167927,42379,2024
NTE2,TOUT,3,mes_sin,0.0523435396287445,42379,2024
NTE2,TOUT,3,mes_cos,-0.427630920523921,42379,2024
NTE2,WSR,1,intercepto,1.29138989748085,42490,2024
NTE2,WSR,1,ultimo,0.806540026393688,42490,2024
NTE2,WSR,1,previo,-0.0150909345831439,42490,2024
NTE2,WSR,1,diario,0.0427072391179257,42490,2024
NTE2,WSR,1,hora_sin,-0.251536560327051,42490,2024
NTE2,WSR,1,hora_cos,-0.502442079467578,42490,2024
NTE2,WSR,1,mes_sin,0.132841945731472,42490,2024
NTE2,WSR,1,mes_cos,-0.173947847116947,42490,2024
NTE2,WSR,2,intercepto,2.20687171491032,42451,2024
NTE2,WSR,2,ultimo,0.592991328297049,42451,2024
NTE2,WSR,2,previo,0.0399814551055492,42451,2024
NTE2,WSR,2,diario,0.083594017417806,42451,2024
NTE2,WSR,2,hora_sin,-0.534651376040175,42451,2024
NTE2,WSR,2,hora_cos,-0.84950170092778,42451,2024
NTE2,WSR,2,mes_sin,0.230339631833747,42451,2024
NTE2,WSR,2,mes_cos,-0.296116503054641,42451,2024
NTE2,WSR,3,intercepto,2.87464906331807,42422,2024
NTE2,WSR,3,ultimo,0.475053384728698,42422,2024
NTE2,WSR,3,previo,0.0445863237068235,42422,2024
NTE2,WSR,3,diario,0.11112387466875,42422,2024
NTE2,WSR,3,hora_sin,-0.806716385468593,42422,2024
NTE2,WSR,3,hora_cos,-1.03836191443182,42422,2024
NTE2,WSR,3,mes_sin,0.29676880644428,42422,2024
NTE2,WSR,3,mes_cos,-0.38423400921227,42422,2024
SE,CO,1,intercepto,0.0203382732494407,39781,2024
SE,CO,1,ultimo,1.08675079549158,39781,2024
SE,CO,1,previo,-0.155228828067928,39781,2024
SE,CO,1,diario,0.0567644812951696,39781,2024
SE,CO,1,hora_sin,0.0106748645412305,39781,2024
SE,CO,1,hora_cos,0.00293313572790255,39781,2024
SE,CO,1,mes_sin,0.00434554874896226,39781,2024
SE,CO,1,mes_cos,0.00313983838123362,39781,2024
SE,CO,2,intercepto,0.0477805049408287,39719,2024
SE,CO,2,ultimo,0.199466045320571,39719,2024
SE,CO,2,previo,0.586727115423476,39719,2024
SE,CO,2,diario,0.184640468375434,39719,2024
SE,CO,2,hora_sin,0.0332621669328041,39719,2024
SE,CO,2,hora_cos,-0.000535707788397161,39719,2024
SE,CO,2,mes_sin,0.00714787846764448,39719,2024
SE,CO,2,mes_cos,0.0060401679707623,39719,2024
SE,CO,3,intercepto,0.0596608684333745,39670,2024
SE,CO,3,ultimo,0.165096989952658,39670,2024
SE,CO,3,previo,0.556412820720156,39670,2024
SE,CO,3,diario,0.241771680424849,39670,2024
SE,CO,3,hora_sin,0.0412784692873386,39670,2024
SE,CO,3,hora_cos,-0.00597828064476398,39670,2024
SE,CO,3,mes_sin,0.00882101563748238,39670,2024
SE,CO,3,mes_cos,0.00724366285994363,39670,2024
SE,NO,1,intercepto,1.69811652150423,29002,2024
SE,NO,1,ultimo,1.04343250273981,29002,2024
SE,NO,1,previo,-0.288053541383499,29002,2024
SE,NO,1,diario,0.088612473507616,29002,2024
SE,NO,1,hora_sin,1.15908606842819,29002,2024
SE,NO,1,hora_cos,0.303820815102497,29002,2024
SE,NO,1,mes_sin,-0.13665515819075,29002,2024
SE,NO,1,mes_cos,1.21704885314471,29002,2024
SE,NO,2,intercepto,3.05229890734037,28780,2024
SE,NO,2,ultimo,0.773339003587915,28780,2024
SE,NO,2,previo,-0.270551294620739,28780,2024
SE,NO,2,diario,0.217498097150751,28780,2024
SE,NO,2,hora_sin,2.15178893174351,28780,2024
SE,NO,2,hora_cos,0.304089095575555,28780,2024
SE,NO,2,mes_sin,-0.252412444137826,28780,2024
SE,NO,2,mes_cos,2.18331601577264,28780,2024
SE,NO,3,intercepto,4.01242419226856,28661,2024
SE,NO,3,ultimo,0.524822501487761,28661,2024
SE,NO,3,previo,-0.200844942088902,28661,2024
SE,NO,3,diario,0.305880888461942,28661,2024
SE,NO,3,hora_sin,2.74882128348508,28661,2024
SE,NO,3,hora_cos,0.0393117093327203,28661,2024
SE,NO,3,mes_sin,-0.342724124356486,28661,2024
SE,NO,3,mes_cos,2.89443437270812,28661,2024
SE,NO2,1,intercepto,1.55524105532261,31168,2024
SE,NO2,1,ultimo,1.09220365287113,31168,2024
SE,NO2,1,previo,-0.273492894195914,31168,2024
SE,NO2,1,diario,0.0676262204585702,31168,2024
SE,NO2,1,hora_sin,0.293303740492568,31168,2024
SE,NO2,1,hora_cos,-0.00355960345118942,31168,2024
SE,NO2,1,mes_sin,-0.210785820462467,31168,2024
SE,NO2,1,mes_cos,0.737392711754668,31168,2024
SE,NO2,2,intercepto,2.95997198123259,31055,2024
SE,NO2,2,ultimo,0.902653791796859,31055,2024
SE,NO2,2,previo,-0.283164555174286,31055,2024
SE,NO2,2,diario,0.164736109557738,31055,2024
SE,NO2,2,hora_sin,0.558136418675967,31055,2024
SE,NO2,2,hora_cos,-0.0710355230853771,31055,2024
SE,NO2,2,mes_sin,-0.405747596695256,31055,2024
SE,NO2,2,mes_cos,1.39949217733913,31055,2024
SE,NO2,3,intercepto,4.0304682370117,30998,2024
SE,NO2,3,ultimo,0.689240782337247,30998,2024
SE,NO2,3,previo,-0.229494267088613,30998,2024
SE,NO2,3,diario,0.247039361013916,30998,2024
SE,NO2,3,hora_sin,0.739710838858096,30998,2024
SE,NO2,3,hora_cos,-0.193113298201105,30998,2024
SE,NO2,3,mes_sin,-0.540980642269265,30998,2024
SE,NO2,3,mes_cos,1.90545071597295,30998,2024
SE,NOX,1,intercepto,2.9996565602242,31163,2024
SE,NOX,1,ultimo,1.09373634428932,31163,2024
SE,NOX,1,previo,-0.290772736374993,31163,2024
SE,NOX,1,diario,0.0723020393427633,31163,2024
SE,NOX,1,hora_sin,1.24050331611122,31163,2024
SE,NOX,1,hora_cos,0.32329742287513,31163,2024
SE,NOX,1,mes_sin,-0.38664508865598,31163,2024
SE,NOX,1,mes_cos,1.77611240516855,31163,2024
SE,NOX,2,intercepto,5.56933552046206,31048,2024
SE,NOX,2,ultimo,0.892941382733367,31048,2024
SE,NOX,2,previo,-0.308696756100127,31048,2024
SE,NOX,2,diario,0.184306408139184,31048,2024
SE,NOX,2,hora_sin,2.36178386873421,31048,2024
SE,NOX,2,hora_cos,0.332700688823676,31048,2024
SE,NOX,2,mes_sin,-0.728036312383894,31048,2024
SE,NOX,2,mes_cos,3.28631502584257,31048,2024
SE,NOX,3,intercepto,7.56200818774617,30993,2024
SE,NOX,3,ultimo,0.677096605241645,30993,2024
SE,NOX,3,previo,-0.267357191686728,30993,2024
SE,NOX,3,diario,0.275133091717225,30993,2024
SE,NOX,3,hora_sin,3.0914067494629,30993,2024
SE,NOX,3,hora_cos,0.0241857079919307,30993,2024
SE,NOX,3,mes_sin,-0.997084264595384,30993,2024
SE,NOX,3,mes_cos,4.46224006585165,30993,2024
SE,PM10,1,intercepto,6.32338472110065,40205,2024
SE,PM10,1,ultimo,0.783791004187895,40205,2024
SE,PM10,1,previo,0.0372140850958693,40205,2024
SE,PM10,1,diario,0.0562824200134716,40205,2024
SE,PM10,1,hora_sin,1.93647525162503,40205,2024
SE,PM10,1,hora_cos,-3.11593201762168,40205,2024
SE,PM10,1,mes_sin,0.599034071364166,40205,2024
SE,PM10,1,mes_cos,1.04719746696679,40205,2024
SE,PM10,2,intercepto,10.757458895098,40120,2024
SE,PM10,2,ultimo,0.625844096808456,40120,2024
SE,PM10,2,previo,0.0582288001155805,40120,2024
SE,PM10,2,diario,0.107012262411903,40120,2024
SE,PM10,2,hora_sin,2.77166740941127,40120,2024
SE,PM10,2,hora_cos,-5.73941943778019,40120,2024
SE,PM10,2,mes_sin,1.03631229522396,40120,2024
SE,PM10,2,mes_cos,1.83648828863834,40120,2024
SE,PM10,3,intercepto,14.1156805226921,40053,2024
SE,PM10,3,ultimo,0.50882220458271,40053,2024
SE,PM10,3,previo,0.0712060153268252,40053,2024
SE,PM10,3,diario,0.146556317178598,40053,2024
SE,PM10,3,hora_sin,2.83483466194176,40053,2024
SE,PM10,3,hora_cos,-7.95897520061245,40053,2024
SE,PM10,3,mes_sin,1.37868495022088,40053,2024
SE,PM10,3,mes_cos,2.42635860808538,40053,2024
SE,PM2.5,1,intercepto,1.43895325188775,33609,2024
SE,PM2.5,1,ultimo,1.01038694193334,33609,2024
SE,PM2.5,1,previo,-0.12275329331595,33609,2024
SE,PM2.5,1,diario,0.0306499858750981,33609,2024
SE,PM2.5,1,hora_sin,0.643633436858264,33609,2024
SE,PM2.5,1,hora_cos,-0.392345458405832,33609,2024
SE,PM2.5,1,mes_sin,0.078640315199653,33609,2024
SE,PM2.5,1,mes_cos,0.255918523743021,33609,2024
SE,PM2.5,2,intercepto,2.76100864751457,33445,2024
SE,PM2.5,2,ultimo,0.868434768943293,33445,2024
SE,PM2.5,2,previo,-0.0933787261020168,33445,2024
SE,PM2.5,2,diario,0.0698047612947158,33445,2024
SE,PM2.5,2,hora_sin,1.17685997765536,33445,2024
SE,PM2.5,2,hora_cos,-0.928746403498444,33445,2024
SE,PM2.5,2,mes_sin,0.143390282827147,33445,2024
SE,PM2.5,2,mes_cos,0.519025983483743,33445,2024
SE,PM2.5,3,intercepto,3.8661567677825,33303,2024
SE,PM2.5,3,ultimo,0.750359607322896,33303,2024
SE,PM2.5,3,previo,-0.0724275520275835,33303,2024
SE,PM2.5,3,diario,0.105666521698134,33303,2024
SE,PM2.5,3,hora_sin,1.48324519653179,33303,2024
SE,PM2.5,3,hora_cos,-1.48170898945954,33303,2024
SE,PM2.5,3,mes_sin,0.213812081113948,33303,2024
SE,PM2.5,3,mes_cos,0.735233072988169,33303,2024
SE,PRS,1,intercepto,10.6714843147572,39777,2024
SE,PRS,1,ultimo,0.73364894532943,39777,2024
SE,PRS,1,previo,0.245844477813987,39777,2024
SE,PRS,1,diario,0.00576884735813383,39777,2024
SE,PRS,1,hora_sin,0.154240450853006,39777,2024
SE,PRS,1,hora_cos,0.16694332984173,39777,2024
SE,PRS,1,mes_sin,-0.0238096667468463,39777,2024
SE,PRS,1,mes_cos,0.0281717044350252,39777,2024
SE,PRS,2,intercepto,16.8775712353756,39725,2024
SE,PRS,2,ultimo,0.756652408157787,39725,2024
SE,PRS,2,previo,0.203913010500362,39725,2024
SE,PRS,2,diario,0.0161241208513122,39725,2024
SE,PRS,2,hora_sin,0.298499800173594,39725,2024
SE,PRS,2,hora_cos,0.253940729359271,39725,2024
SE,PRS,2,mes_sin,-0.0395800314272776,39725,2024
SE,PRS,2,mes_cos,0.0431472727963373,39725,2024
SE,PRS,3,intercepto,24.7428039142135,39686,2024
SE,PRS,3,ultimo,0.894046264906429,39686,2024
SE,PRS,3,previo,0.0336297431894789,39686,2024
SE,PRS,3,diario,0.0381462558452549,39686,2024
SE,PRS,3,hora_sin,0.42741583553007,39686,2024
SE,PRS,3,hora_cos,0.289052936941755,39686,2024
SE,PRS,3,mes_sin,-0.0600133477761944,39686,2024
SE,PRS,3,mes_cos,0.0612179478209289,39686,2024
SE,RAINF,1,intercepto,0.0121950145739698,41999,2024
SE,RAINF,1,ultimo,1.03962253194878,41999,2024
SE,RAINF,1,previo,-0.168475330973337,41999,2024
SE,RAINF,1,diario,0.0231230800809184,41999,2024
SE,RAINF,1,hora_sin,0.0113926357654641,41999,2024
SE,RAINF,1,hora_cos,0.00802534977666342,41999,2024
SE,RAINF,1,mes_sin,0.00747520307836258,41999,2024
SE,RAINF,1,mes_cos,-0.0104206197044117,41999,2024
SE,RAINF,2,intercepto,0.0232161650946612,41961,2024
SE,RAINF,2,ultimo,0.831479810240489,41961,2024
SE,RAINF,2,previo,-0.0859428729412883,41961,2024
SE,RAINF,2,diario,0.0538202742826273,41961,2024
SE,RAINF,2,hora_sin,0.0251721188971296,41961,2024
SE,RAINF,2,hora_cos,0.014856369464684,41961,2024
SE,RAINF,2,mes_sin,0.0147827917353824,41961,2024
SE,RAINF,2,mes_cos,-0.0197643933907114,41961,2024
SE,RAINF,3,intercepto,0.0312065694543612,41934,2024
SE,RAINF,3,ultimo,0.674621160655501,41934,2024
SE,RAINF,3,previo,-0.0265362991693553,41934,2024
SE,RAINF,3,diario,0.0738091257337156,41934,2024
SE,RAINF,3,hora_sin,0.0382815670043986,41934,2024
SE,RAINF,3,hora_cos,0.0161255974136865,41934,2024
SE,RAINF,3,mes_sin,0.0189597607547273,41934,2024
SE,RAINF,3,mes_cos,-0.0264970549062471,41934,2024
SE,RH,1,intercepto,1.78888920918489,41777,2024
SE,RH,1,ultimo,1.30172229326728,41777,2024
SE,RH,1,previo,-0.351518332041998,41777,2024
SE,RH,1,diario,0.019983902780873,41777,2024
SE,RH,1,hora_sin,-0.388423313939799,41777,2024
SE,RH,1,hora_cos,2.55568628743954,41777,2024
SE,RH,1,mes_sin,-0.0670627871430503,41777,2024
SE,RH,1,mes_cos,-0.0439997221195015,41777,2024
SE,RH,2,intercepto,3.78625574517504,41725,2024
SE,RH,2,ultimo,1.28955159296011,41725,2024
SE,RH,2,previo,-0.408783556218505,41725,2024
SE,RH,2,diario,0.056010418269392,41725,2024
SE,RH,2,hora_sin,-0.0155320883259091,41725,2024
SE,RH,2,hora_cos,5.92131970118199,41725,2024
SE,RH,2,mes_sin,-0.150811241312659,41725,2024
SE,RH,2,mes_cos,-0.0838485775954407,41725,2024
SE,RH,3,intercepto,5.64218143304072,41687,2024
SE,RH,3,ultimo,1.23911319593062,41687,2024
SE,RH,3,previo,-0.431509147825653,41687,2024
SE,RH,3,diario,0.0981064573667663,41687,2024
SE,RH,3,hora_sin,1.13200910230169,41687,2024
SE,RH,3,hora_cos,8.74407123164241,41687,2024
SE,RH,3,mes_sin,-0.226320911626676,41687,2024
SE,RH,3,mes_cos,-0.118948347968829,41687,2024
SE,SO2,1,intercepto,0.540381370776546,36441,2024
SE,SO2,1,ultimo,0.811858338071923,36441,2024
SE,SO2,1,previo,-0.0714960581565794,36441,2024
SE,SO2,1,diario,0.137895201806765,36441,2024
SE,SO2,1,hora_sin,0.0642427312031049,36441,2024
SE,SO2,1,hora_cos,-0.132531830269548,36441,2024
SE,SO2,1,mes_sin,0.0685226137970848,36441,2024
SE,SO2,1,mes_cos,0.0730879666691115,36441,2024
SE,SO2,2,intercepto,0.90491304799608,36148,2024
SE,SO2,2,ultimo,0.490118115915143,36148,2024
SE,SO2,2,previo,0.0638117822860781,36148,2024
SE,SO2,2,diario,0.241696856946335,36148,2024
SE,SO2,2,hora_sin,0.0916149537010404,36148,2024
SE,SO2,2,hora_cos,-0.251705595386147,36148,2024
SE,SO2,2,mes_sin,0.114817536807814,36148,2024
SE,SO2,2,mes_cos,0.131006491094633,36148,2024
SE,SO2,3,intercepto,1.07392576843492,36072,2024
SE,SO2,3,ultimo,0.335342101167062,36072,2024
SE,SO2,3,previo,0.133229488118152,36072,2024
SE,SO2,3,diario,0.288837096337537,36072,2024
SE,SO2,3,hora_sin,0.0937718204533107,36072,2024
SE,SO2,3,hora_cos,-0.335543893027444,36072,2024
SE,SO2,3,mes_sin,0.135817055145945,36072,2024
SE,SO2,3,mes_cos,0.161332653375369,36072,2024
SE,SR,1,intercepto,0.0314961103074291,43131,2024
SE,SR,1,ultimo,1.17022885756653,43131,2024
SE,SR,1,previo,-0.426481105511785,43131,2024
SE,SR,1,diario,0.01528819236354,43131,2024
SE,SR,1,hora_sin,0.0015667139859372,43131,2024
SE,SR,1,hora_cos,-0.0469239630100524,43131,2024
SE,SR,1,mes_sin,0.000831110997798071,43131,2024
SE,SR,1,mes_cos,-0.00754363389209956,43131,2024
SE,SR,2,intercepto,0.0840629466728749,43115,2024
SE,SR,2,ultimo,0.0382301089851497,43115,2024
SE,SR,2,previo,0.230259698229612,43115,2024
SE,SR,2,diario,0.0675115928614921,43115,2024
SE,SR,2,hora_sin,-0.00982346495335042,43115,2024
SE,SR,2,hora_cos,-0.149971895758431,43115,2024
SE,SR,2,mes_sin,0.00695931481590197,43115,2024
SE,SR,2,mes_cos,-0.0234667203041987,43115,2024
SE,SR,3,intercepto,0.116103993801488,43103,2024
SE,SR,3,ultimo,0.0318378852260612,43103,2024
SE,SR,3,previo,-0.0248959880591891,43103,2024
SE,SR,3,diario,0.0729443872490101,43103,2024
SE,SR,3,hora_sin,-0.0544207165648644,43103,2024
SE,SR,3,hora_cos,-0.173973270510512,43103,2024
SE,SR,3,mes_sin,0.0105266420018783,43103,2024
SE,SR,3,mes_cos,-0.0330869974334892,43103,2024
SE,TOUT,1,intercepto,0.57975619880444,37819,2024
SE,TOUT,1,ultimo,0.977283697115342,37819,2024
SE,TOUT,1,previo,-0.0285067942311343,37819,2024
SE,TOUT,1,diario,0.0262753406869448,37819,2024
SE,TOUT,1,hora_sin,0.139116330961271,37819,2024
SE,TOUT,1,hora_cos,-1.01173936399645,37819,2024
SE,TOUT,1,mes_sin,0.0188826123115111,37819,2024
SE,TOUT,1,mes_cos,-0.154011513707673,37819,2024
SE,TOUT,2,intercepto,1.1468089730027,37676,2024
SE,TOUT,2,ultimo,0.949958314564268,37676,2024
SE,TOUT,2,previo,-0.065756240968923,37676,2024
SE,TOUT,2,diario,0.0669220026042443,37676,2024
SE,TOUT,2,hora_sin,0.0215121231969468,37676,2024
SE,TOUT,2,hora_cos,-1.9081717254656,37676,2024
SE,TOUT,2,mes_sin,0.0444800120250728,37676,2024
SE,TOUT,2,mes_cos,-0.30786573055611,37676,2024
SE,TOUT,3,intercepto,1.71070027916235,37569,2024
SE,TOUT,3,ultimo,0.845470697547311,37569,2024
SE,TOUT,3,previo,-0.033038250695037,37569,2024
SE,TOUT,3,diario,0.114976789437247,37569,2024
SE,TOUT,3,hora_sin,-0.342266110217396,37569,2024
SE,TOUT,3,hora_cos,-2.67656592440087,37569,2024
SE,TOUT,3,mes_sin,0.0699200531592143,37569,2024
SE,TOUT,3,mes_cos,-0.469553876469937,37569,2024
SE,WSR,1,intercepto,1.36147043627166,41864,2024
SE,WSR,1,ultimo,0.925885818569148,41864,2024
SE,WSR,1,previo,-0.149277543764111,41864,2024
SE,WSR,1,diario,0.0936617222983368,41864,2024
SE,WSR,1,hora_sin,-0.4705703786953,41864,2024
SE,WSR,1,hora_cos,-0.616105276202263,41864,2024
SE,WSR,1,mes_sin,0.209105168160513,41864,2024
SE,WSR,1,mes_cos,-0.19583497929549,41864,2024
SE,WSR,2,intercepto,2.43575428195263,41816,2024
SE,WSR,2,ultimo,0.690939256631174,41816,2024
SE,WSR,2,previo,-0.123554633360656,41816,2024
SE,WSR,2,diario,0.200443948528629,41816,2024
SE,WSR,2,hora_sin,-0.969939715412916,41816,2024
SE,WSR,2,hora_cos,-0.978386965790495,41816,2024
SE,WSR,2,mes_sin,0.381348492283859,41816,2024
SE,WSR,2,mes_cos,-0.352660721219422,41816,2024
SE,WSR,3,intercepto,3.22459858061113,41784,2024
SE,WSR,3,ultimo,0.515171825126209,41784,2024
SE,WSR,3,previo,-0.10050658371137,41784,2024
SE,WSR,3,diario,0.277901526058198,41784,2024
SE,WSR,3,hora_sin,-1.3868762016501,41784,2024
SE,WSR,3,hora_cos,-1.06931378183908,41784,2024
SE,WSR,3,mes_sin,0.506441005794608,41784,2024
SE,WSR,3,mes_cos,-0.466031677254119,41784,2024
SE2,CO,1,intercepto,0.0746706199451312,29905,2024
SE2,CO,1,ultimo,1.045768453599,29905,2024
SE2,CO,1,previo,-0.212100867795398,29905,2024
SE2,CO,1,diario,0.115773416593302,29905,2024
SE2,CO,1,hora_sin,-0.0157729433865,29905,2024
SE2,CO,1,hora_cos,0.00652027480527543,29905,2024
SE2,CO,1,mes_sin,0.00652451044339857,29905,2024
SE2,CO,1,mes_cos,0.0257096521074561,29905,2024
SE2,CO,2,intercepto,0.131498796027344,29860,2024
SE2,CO,2,ultimo,0.82504412302458,29860,2024
SE2,CO,2,previo,-0.168446804680731,29860,2024
SE2,CO,2,diario,0.254459075219561,29860,2024
SE2,CO,2,hora_sin,-0.0280864304963624,29860,2024
SE2,CO,2,hora_cos,0.016548113368369,29860,2024
SE2,CO,2,mes_sin,0.0112414208112605,29860,2024
SE2,CO,2,mes_cos,0.045241628793903,29860,2024
SE2,CO,3,intercepto,0.171293705270095,29828,2024
SE2,CO,3,ultimo,0.619968705934109,29828,2024
SE2,CO,3,previo,-0.0923842464256459,29828,2024
SE2,CO,3,diario,0.356436416866644,29828,2024
SE2,CO,3,hora_sin,-0.0343543880793459,29828,2024
SE2,CO,3,hora_cos,0.0271801833758242,29828,2024
SE2,CO,3,mes_sin,0.0141993278210634,29828,2024
SE2,CO,3,mes_cos,0.0586533407921808,29828,2024
SE2,NO,1,intercepto,1.98723648185441,30071,2024
SE2,NO,1,ultimo,0.952823576975242,30071,2024
SE2,NO,1,previo,-0.19287467185726,30071,2024
SE2,NO,1,diario,0.117244111406834,30071,2024
SE2,NO,1,hora_sin,0.212188500716214,30071,2024
SE2,NO,1,hora_cos,1.0876342053915,30071,2024
SE2,NO,1,mes_sin,-0.368342198841137,30071,2024
SE2,NO,1,mes_cos,2.08585011883603,30071,2024
SE2,NO,2,intercepto,3.60519102567516,29866,2024
SE2,NO,2,ultimo,0.706974463883872,29866,2024
SE2,NO,2,previo,-0.17012858269156,29866,2024
SE2,NO,2,diario,0.242526159615019,29866,2024
SE2,NO,2,hora_sin,0.660039640008706,29866,2024
SE2,NO,2,hora_cos,1.89603326145159,29866,2024
SE2,NO,2,mes_sin,-0.629942889851753,29866,2024
SE2,NO,2,mes_cos,3.7696808600961,29866,2024
SE2,NO,3,intercepto,4.74256524302342,29747,2024
SE2,NO,3,ultimo,0.485933937594502,29747,2024
SE2,NO,3,previo,-0.104978065905197,29747,2024
SE2,NO,3,diario,0.328544564807923,29747,2024
SE2,NO,3,hora_sin,1.17802137517174,29747,2024
SE2,NO,3,hora_cos,2.32320208754492,29747,2024
SE2,NO,3,mes_sin,-0.825147739228296,29747,2024
SE2,NO,3,mes_cos,4.95314595401088,29747,2024
SE2,NO2,1,intercepto,1.08951176612597,30881,2024
SE2,NO2,1,ultimo,1.02688129782242,30881,2024
SE2,NO2,1,previo,-0.22794866666566,30881,2024
SE2,NO2,1,diario,0.112594937847337,30881,2024
SE2,NO2,1,hora_sin,-0.361161312096438,30881,2024
SE2,NO2,1,hora_cos,-0.013052612985714,30881,2024
SE2,NO2,1,mes_sin,-0.0131039967119916,30881,2024
SE2,NO2,1,mes_cos,0.582303273815794,30881,2024
SE2,NO2,2,intercepto,1.88280792518475,30731,2024
SE2,NO2,2,ultimo,0.796328827641139,30731,2024
SE2,NO2,2,previo,-0.204360831211711,30731,2024
SE2,NO2,2,diario,0.256586918090524,30731,2024
SE2,NO2,2,hora_sin,-0.643408069376737,30731,2024
SE2,NO2,2,hora_cos,0.0722866463056202,30731,2024
SE2,NO2,2,mes_sin,-0.0141162939768807,30731,2024
SE2,NO2,2,mes_cos,1.00638889938563,30731,2024
SE2,NO2,3,intercepto,2.40400923965644,30636,2024
SE2,NO2,3,ultimo,0.583711599112879,30636,2024
SE2,NO2,3,previo,-0.140682138715772,30636,2024
SE2,NO2,3,diario,0.364640333852801,30636,2024
SE2,NO2,3,hora_sin,-0.80631508593935,30636,2024
SE2,NO2,3,hora_cos,0.207568811621455,30636,2024
SE2,NO2,3,mes_sin,-0.0215025757592076,30636,2024
SE2,NO2,3,mes_cos,1.27404875215243,30636,2024
SE2,NOX,1,intercepto,3.06247386647462,31384,2024
SE2,NOX,1,ultimo,0.986898073297178,31384,2024
SE2,NOX,1,previo,-0.201567074442098,31384,2024
SE2,NOX,1,diario,0.105990752942428,31384,2024
SE2,NOX,1,hora_sin,-0.292455795882774,31384,2024
SE2,NOX,1,hora_cos,1.06039883817721,31384,2024
SE2,NOX,1,mes_sin,-0.328884651894274,31384,2024
SE2,NOX,1,mes_cos,2.55655634700955,31384,2024
SE2,NOX,2,intercepto,5.54225383712422,31275,2024
SE2,NOX,2,ultimo,0.772665996490732,31275,2024
SE2,NOX,2,previo,-0.198245032213167,31275,2024
SE2,NOX,2,diario,0.230156067024129,31275,2024
SE2,NOX,2,hora_sin,-0.263539046279333,31275,2024
SE2,NOX,2,hora_cos,1.98507535038125,31275,2024
SE2,NOX,2,mes_sin,-0.564158720170816,31275,2024
SE2,NOX,2,mes_cos,4.6263088437847,31275,2024
SE2,NOX,3,intercepto,7.37543057371664,31199,2024
SE2,NOX,3,ultimo,0.565884667014183,31199,2024
SE2,NOX,3,previo,-0.149486731020791,31199,2024
SE2,NOX,3,diario,0.323600080623422,31199,2024
SE2,NOX,3,hora_sin,0.0112489334976864,31199,2024
SE2,NOX,3,hora_cos,2.58605538644054,31199,2024
SE2,NOX,3,mes_sin,-0.761505636841327,31199,2024
SE2,NOX,3,mes_cos,6.14227001421963,31199,2024
SE2,PM10,1,intercepto,8.22243360653978,39321,2024
SE2,PM10,1,ultimo,0.877257934150226,39321,2024
SE2,PM10,1,previo,-0.0836085643627376,39321,2024
SE2,PM10,1,diario,0.0841159175407662,39321,2024
SE2,PM10,1,hora_sin,-0.791169587763721,39321,2024
SE2,PM10,1,hora_cos,-0.0117056744304793,39321,2024
SE2,PM10,1,mes_sin,0.110212714280729,39321,2024
SE2,PM10,1,mes_cos,2.3735927288183,39321,2024
SE2,PM10,2,intercepto,14.4978653635281,39206,2024
SE2,PM10,2,ultimo,0.640136507719605,39206,2024
SE2,PM10,2,previo,-0.0338850684975338,39206,2024
SE2,PM10,2,diario,0.177361771571321,39206,2024
SE2,PM10,2,hora_sin,-1.4350714103543,39206,2024
SE2,PM10,2,hora_cos,0.228242637003904,39206,2024
SE2,PM10,2,mes_sin,0.11514639847817,39206,2024
SE2,PM10,2,mes_cos,4.13463370200387,39206,2024
SE2,PM10,3,intercepto,18.865492672554,39155,2024
SE2,PM10,3,ultimo,0.498031376848581,39155,2024
SE2,PM10,3,previo,-0.0211393794829153,39155,2024
SE2,PM10,3,diario,0.241963134607296,39155,2024
SE2,PM10,3,hora_sin,-1.79982150711746,39155,2024
SE2,PM10,3,hora_cos,0.524938900730206,39155,2024
SE2,PM10,3,mes_sin,0.164016046603619,39155,2024
SE2,PM10,3,mes_cos,5.36191786342548,39155,2024
SE2,PM2.5,1,intercepto,2.23653829964879,32183,2024
SE2,PM2.5,1,ultimo,1.06446079355501,32183,2024
SE2,PM2.5,1,previo,-0.189123656899924,32183,2024
SE2,PM2.5,1,diario,0.0412207407917618,32183,2024
SE2,PM2.5,1,hora_sin,-0.319286891662157,32183,2024
SE2,PM2.5,1,hora_cos,0.348914047273772,32183,2024
SE2,PM2.5,1,mes_sin,0.185195546964255,32183,2024
SE2,PM2.5,1,mes_cos,0.481363959826773,32183,2024
SE2,PM2.5,2,intercepto,4.57018638960916,31920,2024
SE2,PM2.5,2,ultimo,0.936920201797194,31920,2024
SE2,PM2.5,2,previo,-0.209518503160809,31920,2024
SE2,PM2.5,2,diario,0.105915752174146,31920,2024
SE2,PM2.5,2,hora_sin,-0.51963681509241,31920,2024
SE2,PM2.5,2,hora_cos,0.804070427472557,31920,2024
SE2,PM2.5,2,mes_sin,0.354396643961646,31920,2024
SE2,PM2.5,2,mes_cos,1.0366251387,31920,2024
SE2,PM2.5,3,intercepto,6.75842518461198,31826,2024
SE2,PM2.5,3,ultimo,0.802564509554628,31826,2024
SE2,PM2.5,3,previo,-0.210399149399133,31826,2024
SE2,PM2.5,3,diario,0.164213280612553,31826,2024
SE2,PM2.5,3,hora_sin,-0.582231163529582,31826,2024
SE2,PM2.5,3,hora_cos,1.2168870974233,31826,2024
SE2,PM2.5,3,mes_sin,0.522516993454252,31826,2024
SE2,PM2.5,3,mes_cos,1.586480437034,31826,2024
SE2,PRS,1,intercepto,102.343930377908,39744,2024
SE2,PRS,1,ultimo,0.453402158703628,39744,2024
SE2,PRS,1,previo,0.335848129291446,39744,2024
SE2,PRS,1,diario,0.0690384102727366,39744,2024
SE2,PRS,1,hora_sin,0.0896863515291883,39744,2024
SE2,PRS,1,hora_cos,0.0618482017324003,39744,2024
SE2,PRS,1,mes_sin,-0.071155008823328,39744,2024
SE2,PRS,1,mes_cos,0.116777355732903,39744,2024
SE2,PRS,2,intercepto,119.72857135061,39678,2024
SE2,PRS,2,ultimo,0.405071829878065,39678,2024
SE2,PRS,2,previo,0.352970129957274,39678,2024
SE2,PRS,2,diario,0.0761740040803283,39678,2024
SE2,PRS,2,hora_sin,0.143398837299888,39678,2024
SE2,PRS,2,hora_cos,0.0981623487426296,39678,2024
SE2,PRS,2,mes_sin,-0.0829068067825612,39678,2024
SE2,PRS,2,mes_cos,0.136768702406817,39678,2024
SE2,PRS,3,intercepto,132.170121183712,39638,2024
SE2,PRS,3,ultimo,0.408274834165404,39638,2024
SE2,PRS,3,previo,0.329036119297236,39638,2024
SE2,PRS,3,diario,0.0796771248279055,39638,2024
SE2,PRS,3,hora_sin,0.200144343596262,39638,2024
SE2,PRS,3,hora_cos,0.118779954324624,39638,2024
SE2,PRS,3,mes_sin,-0.0928160757379674,39638,2024
SE2,PRS,3,mes_cos,0.151280309741913,39638,2024
SE2,RAINF,1,intercepto,0.0120316508901212,33820,2024
SE2,RAINF,1,ultimo,1.12305900213161,33820,2024
SE2,RAINF,1,previo,-0.338853641062538,33820,2024
SE2,RAINF,1,diario,0.000235168040798668,33820,2024
SE2,RAINF,1,hora_sin,0.0142294430656257,33820,2024
SE2,RAINF,1,hora_cos,-0.0146334714628749,33820,2024
SE2,RAINF,1,mes_sin,0.0186229801186763,33820,2024
SE2,RAINF,1,mes_cos,-0.0105600776952963,33820,2024
SE2,RAINF,2,intercepto,0.0263168364804709,33814,2024
SE2,RAINF,2,ultimo,0.993065106648027,33814,2024
SE2,RAINF,2,previo,-0.46478629319041,33814,2024
SE2,RAINF,2,diario,0.000306557060019135,33814,2024
SE2,RAINF,2,hora_sin,0.0233875720354908,33814,2024
SE2,RAINF,2,hora_cos,-0.0350245349013214,33814,2024
SE2,RAINF,2,mes_sin,0.0407287219435536,33814,2024
SE2,RAINF,2,mes_cos,-0.0231034842687938,33814,2024
SE2,RAINF,3,intercepto,0.0402674295844288,33811,2024
SE2,RAINF,3,ultimo,0.836395585634083,33811,2024
SE2,RAINF,3,previo,-0.558137258666951,33811,2024
SE2,RAINF,3,diario,0.000540879835224294,33811,2024
SE2,RAINF,3,hora_sin,0.0229629939469347,33811,2024
SE2,RAINF,3,hora_cos,-0.0542143179558371,33811,2024
SE2,RAINF,3,mes_sin,0.0622979384569617,33811,2024
SE2,RAINF,3,mes_cos,-0.0353522104368956,33811,2024
SE2,RH,1,intercepto,1.89763095587264,30603,2024
SE2,RH,1,ultimo,1.36668345624059,30603,2024
SE2,RH,1,previo,-0.422257025786444,30603,2024
SE2,RH,1,diario,0.0236615816345614,30603,2024
SE2,RH,1,hora_sin,-0.428815419488775,30603,2024
SE2,RH,1,hora_cos,2.42933323216478,30603,2024
SE2,RH,1,mes_sin,-0.110785103799822,30603,2024
SE2,RH,1,mes_cos,0.00630622568712729,30603,2024
SE2,RH,2,intercepto,3.95686322845165,30536,2024
SE2,RH,2,ultimo,1.40120193704762,30536,2024
SE2,RH,2,previo,-0.541796231741484,30536,2024
SE2,RH,2,diario,0.0740649682977179,30536,2024
SE2,RH,2,hora_sin,-0.210104460394256,30536,2024
SE2,RH,2,hora_cos,5.67650091804689,30536,2024
SE2,RH,2,mes_sin,-0.239139690585847,30536,2024
SE2,RH,2,mes_cos,-0.00323391198236267,30536,2024
SE2,RH,3,intercepto,5.81171438105681,30493,2024
SE2,RH,3,ultimo,1.34539498898056,30493,2024
SE2,RH,3,previo,-0.579532174861102,30493,2024
SE2,RH,3,diario,0.136409490897701,30493,2024
SE2,RH,3,hora_sin,0.770601886791189,30493,2024
SE2,RH,3,hora_cos,8.39130167588453,30493,2024
SE2,RH,3,mes_sin,-0.351043219456892,30493,2024
SE2,RH,3,mes_cos,-0.0197286534792577,30493,2024
SE2,SO2,1,intercepto,1.51841561822617,37485,2024
SE2,SO2,1,ultimo,0.671648846232332,37485,2024
SE2,SO2,1,previo,-0.0758193418485866,37485,2024
SE2,SO2,1,diario,0.114263667916181,37485,2024
SE2,SO2,1,hora_sin,-0.18490507162393,37485,2024
SE2,SO2,1,hora_cos,-0.556965310670379,37485,2024
SE2,SO2,1,mes_sin,-0.0925784983010819,37485,2024
SE2,SO2,1,mes_cos,0.184325380216805,37485,2024
SE2,SO2,2,intercepto,2.40244889447321,37310,2024
SE2,SO2,2,ultimo,0.331497945686632,37310,2024
SE2,SO2,2,previo,0.0218711572545172,37310,2024
SE2,SO2,2,diario,0.188411166931514,37310,2024
SE2,SO2,2,hora_sin,-0.377225499885272,37310,2024
SE2,SO2,2,hora_cos,-0.883244634979547,37310,2024
SE2,SO2,2,mes_sin,-0.138881649242194,37310,2024
SE2,SO2,2,mes_cos,0.292581998443612,37310,2024
SE2,SO2,3,intercepto,2.79507487737419,37249,2024
SE2,SO2,3,ultimo,0.206152613894969,37249,2024
SE2,SO2,3,previo,0.0405275341307662,37249,2024
SE2,SO2,3,diario,0.2206792720061,37249,2024
SE2,SO2,3,hora_sin,-0.504769381624442,37249,2024
SE2,SO2,3,hora_cos,-1.02213195246685,37249,2024
SE2,SO2,3,mes_sin,-0.155634770145976,37249,2024
SE2,SO2,3,mes_cos,0.342704045465699,37249,2024
SE2,SR,1,intercepto,0.0118858706960305,43012,2024
SE2,SR,1,ultimo,0.890385040597551,43012,2024
SE2,SR,1,previo,-0.276733501145027,43012,2024
SE2,SR,1,diario,0.288660342395014,43012,2024
SE2,SR,1,hora_sin,0.0102860668426572,43012,2024
SE2,SR,1,hora_cos,-0.0215011105829685,43012,2024
SE2,SR,1,mes_sin,0.0015765776565742,43012,2024
SE2,SR,1,mes_cos,-0.00392560398824463,43012,2024
SE2,SR,2,intercepto,0.0201908801278651,42991,2024
SE2,SR,2,ultimo,0.640850406123675,42991,2024
SE2,SR,2,previo,-0.328210572966792,42991,2024
SE2,SR,2,diario,0.52138251808419,42991,2024
SE2,SR,2,hora_sin,0.00558098878256661,42991,2024
SE2,SR,2,hora_cos,-0.032498170519079,42991,2024
SE2,SR,2,mes_sin,0.00269309808322062,42991,2024
SE2,SR,2,mes_cos,-0.0066786031567468,42991,2024
SE2,SR,3,intercepto,0.0257410756015994,42972,2024
SE2,SR,3,ultimo,0.418456097821202,42972,2024
SE2,SR,3,previo,-0.281934479785011,42972,2024
SE2,SR,3,diario,0.651784504098587,42972,2024
SE2,SR,3,hora_sin,-0.00312007912076036,42972,2024
SE2,SR,3,hora_cos,-0.0367009804636246,42972,2024
SE2,SR,3,mes_sin,0.00339030387402074,42972,2024
SE2,SR,3,mes_cos,-0.00851616632671582,42972,2024
SE2,TOUT,1,intercepto,0.602624479984334,39826,2024
SE2,TOUT,1,ultimo,1.13900987045132,39826,2024
SE2,TOUT,1,previo,-0.190392674418957,39826,2024
SE2,TOUT,1,diario,0.0261486475436361,39826,2024
SE2,TOUT,1,hora_sin,0.149482971325938,39826,2024
SE2,TOUT,1,hora_cos,-0.942712736758089,39826,2024
SE2,TOUT,1,mes_sin,0.0194199593747799,39826,2024
SE2,TOUT,1,mes_cos,-0.167813461627103,39826,2024
SE2,TOUT,2,intercepto,1.18285197369093,39771,2024
SE2,TOUT,2,ultimo,1.2203216750876,39771,2024
SE2,TOUT,2,previo,-0.348198027016449,39771,2024
SE2,TOUT,2,diario,0.0782806293501581,39771,2024
SE2,TOUT,2,hora_sin,0.0946793322719536,39771,2024
SE2,TOUT,2,hora_cos,-1.78407120246428,39771,2024
SE2,TOUT,2,mes_sin,0.0399867248592926,39771,2024
SE2,TOUT,2,mes_cos,-0.330111763931767,39771,2024
SE2,TOUT,3,intercepto,1.74445797243433,39736,2024
SE2,TOUT,3,ultimo,1.16510264549518,39736,2024
SE2,TOUT,3,previo,-0.382604307289838,39736,2024
SE2,TOUT,3,diario,0.144457672295327,39736,2024
SE2,TOUT,3,hora_sin,-0.192367232865869,39736,2024
SE2,TOUT,3,hora_cos,-2.53056287217002,39736,2024
SE2,TOUT,3,mes_sin,0.0644451299661698,39736,2024
SE2,TOUT,3,mes_cos,-0.482758236876902,39736,2024
SE2,WSR,1,intercepto,0.750053334192917,37375,2024
SE2,WSR,1,ultimo,0.857864497580029,37375,2024
SE2,WSR,1,previo,-0.0823677548748723,37375,2024
SE2,WSR,1,diario,0.0866832031029314,37375,2024
SE2,WSR,1,hora_sin,-0.283012449567422,37375,2024
SE2,WSR,1,hora_cos,-0.469695897275586,37375,2024
SE2,WSR,1,mes_sin,0.108406421360001,37375,2024
SE2,WSR,1,mes_cos,-0.145200985003582,37375,2024
SE2,WSR,2,intercepto,1.29833333484636,37103,2024
SE2,WSR,2,ultimo,0.625645983249138,37103,2024
SE2,WSR,2,previo,-0.0365003093061685,37103,2024
SE2,WSR,2,diario,0.172650414641948,37103,2024
SE2,WSR,2,hora_sin,-0.597673597706469,37103,2024
SE2,WSR,2,hora_cos,-0.776171993971149,37103,2024
SE2,WSR,2,mes_sin,0.186588715007149,37103,2024
SE2,WSR,2,mes_cos,-0.252705061130703,37103,2024
SE2,WSR,3,intercepto,1.69473427475874,36928,2024
SE2,WSR,3,ultimo,0.475730331032937,36928,2024
SE2,WSR,3,previo,-0.0167108732983625,36928,2024
SE2,WSR,3,diario,0.229763403719065,36928,2024
SE2,WSR,3,hora_sin,-0.879720903624152,36928,2024
SE2,WSR,3,hora_cos,-0.906017027928796,36928,2024
SE2,WSR,3,mes_sin,0.242309143581833,36928,2024
SE2,WSR,3,mes_cos,-0.332715193123988,36928,2024
SE3,CO,1,intercepto,0.0339044292850968,38990,2024
SE3,CO,1,ultimo,0.800302598270922,38990,2024
SE3,CO,1,previo,0.0670169258671928,38990,2024
SE3,CO,1,diario,0.106776255490932,38990,2024
SE3,CO,1,hora_sin,-0.00955365229685271,38990,2024
SE3,CO,1,hora_cos,-0.00700081933006889,38990,2024
SE3,CO,1,mes_sin,0.00181772500688403,38990,2024
SE3,CO,1,mes_cos,0.0102843100727801,38990,2024
SE3,CO,2,intercepto,0.0548647354163735,38910,2024
SE3,CO,2,ultimo,0.655922624294799,38910,2024
SE3,CO,2,previo,0.0996552173191121,38910,2024
SE3,CO,2,diario,0.202190024671511,38910,2024
SE3,CO,2,hora_sin,-0.0177515886927283,38910,2024
SE3,CO,2,hora_cos,-0.00947577734338862,38910,2024
SE3,CO,2,mes_sin,0.00269181209506891,38910,2024
SE3,CO,2,mes_cos,0.0167425134214469,38910,2024
SE3,CO,3,intercepto,0.0714836724605044,38849,2024
SE3,CO,3,ultimo,0.549821927016337,38849,2024
SE3,CO,3,previo,0.121344075325165,38849,2024
SE3,CO,3,diario,0.27375328082803,38849,2024
SE3,CO,3,hora_sin,-0.025167575090993,38849,2024
SE3,CO,3,hora_cos,-0.00901813910670474,38849,2024
SE3,CO,3,mes_sin,0.00341907609163409,38849,2024
SE3,CO,3,mes_cos,0.0215837268703778,38849,2024
SE3,NO,1,intercepto,1.63555542467552,39629,2024
SE3,NO,1,ultimo,0.843829462784597,39629,2024
SE3,NO,1,previo,-0.122140752643159,39629,2024
SE3,NO,1,diario,0.100022858175731,39629,2024
SE3,NO,1,hora_sin,0.631560566064197,39629,2024
SE3,NO,1,hora_cos,0.643237214030027,39629,2024
SE3,NO,1,mes_sin,-0.355316700051887,39629,2024
SE3,NO,1,mes_cos,1.19153070341903,39629,2024
SE3,NO,2,intercepto,2.72690098341865,39481,2024
SE3,NO,2,ultimo,0.553776816484341,39481,2024
SE3,NO,2,previo,-0.0531225636419557,39481,2024
SE3,NO,2,diario,0.203574850505901,39481,2024
SE3,NO,2,hora_sin,1.19397949603067,39481,2024
SE3,NO,2,hora_cos,1.01266184757732,39481,2024
SE3,NO,2,mes_sin,-0.58976416574916,39481,2024
SE3,NO,2,mes_cos,1.98204541809696,39481,2024
SE3,NO,3,intercepto,3.44347687589434,39410,2024
SE3,NO,3,ultimo,0.379595796830564,39410,2024
SE3,NO,3,previo,-0.0150099810178391,39410,2024
SE3,NO,3,diario,0.261045811489376,39410,2024
SE3,NO,3,hora_sin,1.62330696351995,39410,2024
SE3,NO,3,hora_cos,1.12752910946699,39410,2024
SE3,NO,3,mes_sin,-0.753332956312505,39410,2024
SE3,NO,3,mes_cos,2.50102589752524,39410,2024
SE3,NO2,1,intercepto,1.31146285875082,40398,2024
SE3,NO2,1,ultimo,0.977302869804247,40398,2024
SE3,NO2,1,previo,-0.206342961530857,40398,2024
SE3,NO2,1,diario,0.106670411624291,40398,2024
SE3,NO2,1,hora_sin,-0.277090196231272,40398,2024
SE3,NO2,1,hora_cos,0.248232531159621,40398,2024
SE3,NO2,1,mes_sin,-0.209906679726896,40398,2024
SE3,NO2,1,mes_cos,0.696153576316658,40398,2024
SE3,NO2,2,intercepto,2.2317099985595,40289,2024
SE3,NO2,2,ultimo,0.709377981905897,40289,2024
SE3,NO2,2,previo,-0.15906993946956,40289,2024
SE3,NO2,2,diario,0.241640225689658,40289,2024
SE3,NO2,2,hora_sin,-0.447013059870673,40289,2024
SE3,NO2,2,hora_cos,0.509300630399895,40289,2024
SE3,NO2,2,mes_sin,-0.361965132402172,40289,2024
SE3,NO2,2,mes_cos,1.17912650380122,40289,2024
SE3,NO2,3,intercepto,2.84754972813481,40234,2024
SE3,NO2,3,ultimo,0.509994570945239,40234,2024
SE3,NO2,3,previo,-0.108109910862272,40234,2024
SE3,NO2,3,diario,0.333123697701016,40234,2024
SE3,NO2,3,hora_sin,-0.492359990440984,40234,2024
SE3,NO2,3,hora_cos,0.72240685798412,40234,2024
SE3,NO2,3,mes_sin,-0.465082370412455,40234,2024
SE3,NO2,3,mes_cos,1.49213145285165,40234,2024
SE3,NOX,1,intercepto,2.8395350894226,40464,2024
SE3,NOX,1,ultimo,0.906723420348064,40464,2024
SE3,NOX,1,previo,-0.150525012240015,40464,2024
SE3,NOX,1,diario,0.0995880120318522,40464,2024
SE3,NOX,1,hora_sin,0.179247594221942,40464,2024
SE3,NOX,1,hora_cos,0.911466582422166,40464,2024
SE3,NOX,1,mes_sin,-0.529610227836312,40464,2024
SE3,NOX,1,mes_cos,1.77548891299654,40464,2024
SE3,NOX,2,intercepto,4.77900484255694,40361,2024
SE3,NOX,2,ultimo,0.636266531886506,40361,2024
SE3,NOX,2,previo,-0.0934106071644895,40361,2024
SE3,NOX,2,diario,0.215052780968318,40361,2024
SE3,NOX,2,hora_sin,0.474075994822972,40361,2024
SE3,NOX,2,hora_cos,1.59104065245614,40361,2024
SE3,NOX,2,mes_sin,-0.892126075352158,40361,2024
SE3,NOX,2,mes_cos,2.97671512075136,40361,2024
SE3,NOX,3,intercepto,6.15956714002784,40306,2024
SE3,NOX,3,ultimo,0.461923913076062,40306,2024
SE3,NOX,3,previo,-0.0615725153317407,40306,2024
SE3,NOX,3,diario,0.287381215321827,40306,2024
SE3,NOX,3,hora_sin,0.828623584785038,40306,2024
SE3,NOX,3,hora_cos,1.9586064902877,40306,2024
SE3,NOX,3,mes_sin,-1.16142330204138,40306,2024
SE3,NOX,3,mes_cos,3.82451402415783,40306,2024
SE3,PM10,1,intercepto,11.3068514364889,40248,2024
SE3,PM10,1,ultimo,0.724090727306275,40248,2024
SE3,PM10,1,previo,-0.00605071975409139,40248,2024
SE3,PM10,1,diario,0.114351748285897,40248,2024
SE3,PM10,1,hora_sin,-1.55398420957504,40248,2024
SE3,PM10,1,hora_cos,-0.17219939770323,40248,2024
SE3,PM10,1,mes_sin,0.136072850356334,40248,2024
SE3,PM10,1,mes_cos,2.48813970285199,40248,2024
SE3,PM10,2,intercepto,18.1314468902642,40183,2024
SE3,PM10,2,ultimo,0.487818272558918,40183,2024
SE3,PM10,2,previo,0.0369277516446517,40183,2024
SE3,PM10,2,diario,0.206056742898106,40183,2024
SE3,PM10,2,hora_sin,-2.57060176729289,40183,2024
SE3,PM10,2,hora_cos,-0.0799388250831752,40183,2024
SE3,PM10,2,mes_sin,0.190849129425314,40183,2024
SE3,PM10,2,mes_cos,4.0056323078706,40183,2024
SE3,PM10,3,intercepto,22.3922634963132,40115,2024
SE3,PM10,3,ultimo,0.348883079043501,40115,2024
SE3,PM10,3,previo,0.0579216963550918,40115,2024
SE3,PM10,3,diario,0.260373550644654,40115,2024
SE3,PM10,3,hora_sin,-3.23671458721029,40115,2024
SE3,PM10,3,hora_cos,0.120693892401099,40115,2024
SE3,PM10,3,mes_sin,0.264655915052932,40115,2024
SE3,PM10,3,mes_cos,4.96587139730593,40115,2024
SE3,PM2.5,1,intercepto,2.17640511316395,33685,2024
SE3,PM2.5,1,ultimo,0.86316377001776,33685,2024
SE3,PM2.5,1,previo,-0.0384993622452576,33685,2024
SE3,PM2.5,1,diario,0.0588817644364795,33685,2024
SE3,PM2.5,1,hora_sin,0.186322009915178,33685,2024
SE3,PM2.5,1,hora_cos,-0.316288561872341,33685,2024
SE3,PM2.5,1,mes_sin,0.120515424515575,33685,2024
SE3,PM2.5,1,mes_cos,0.313013066029158,33685,2024
SE3,PM2.5,2,intercepto,3.79426485650296,33411,2024
SE3,PM2.5,2,ultimo,0.67422539909389,33411,2024
SE3,PM2.5,2,previo,0.00797073817462001,33411,2024
SE3,PM2.5,2,diario,0.11748399122334,33411,2024
SE3,PM2.5,2,hora_sin,0.242438660946911,33411,2024
SE3,PM2.5,2,hora_cos,-0.5923457306878,33411,2024
SE3,PM2.5,2,mes_sin,0.191376007696399,33411,2024
SE3,PM2.5,2,mes_cos,0.549309295394256,33411,2024
SE3,PM2.5,3,intercepto,5.03305362689599,33236,2024
SE3,PM2.5,3,ultimo,0.559235891494604,33236,2024
SE3,PM2.5,3,previo,0.0139829619042041,33236,2024
SE3,PM2.5,3,diario,0.163740380867264,33236,2024
SE3,PM2.5,3,hora_sin,0.1847002592171,33236,2024
SE3,PM2.5,3,hora_cos,-0.813531345252123,33236,2024
SE3,PM2.5,3,mes_sin,0.236627992998032,33236,2024
SE3,PM2.5,3,mes_cos,0.707453205706572,33236,2024
SE3,PRS,1,intercepto,38.7726894645753,41268,2024
SE3,PRS,1,ultimo,0.58293270621253,41268,2024
SE3,PRS,1,previo,0.339714706365225,41268,2024
SE3,PRS,1,diario,0.024329236135694,41268,2024
SE3,PRS,1,hora_sin,0.138143973561358,41268,2024
SE3,PRS,1,hora_cos,0.254633820258462,41268,2024
SE3,PRS,1,mes_sin,-0.0676130629673179,41268,2024
SE3,PRS,1,mes_cos,0.113001658865776,41268,2024
SE3,PRS,2,intercepto,52.2543084313728,41177,2024
SE3,PRS,2,ultimo,0.585251409906999,41177,2024
SE3,PRS,2,previo,0.314041051143316,41177,2024
SE3,PRS,2,diario,0.0292421665035126,41177,2024
SE3,PRS,2,hora_sin,0.263286868370952,41177,2024
SE3,PRS,2,hora_cos,0.40796516125534,41177,2024
SE3,PRS,2,mes_sin,-0.0971057103630167,41177,2024
SE3,PRS,2,mes_cos,0.153290366970281,41177,2024
SE3,PRS,3,intercepto,66.5717740953139,41127,2024
SE3,PRS,3,ultimo,0.583692885490484,41127,2024
SE3,PRS,3,previo,0.281469739319626,41127,2024
SE3,PRS,3,diario,0.0437867420129905,41127,2024
SE3,PRS,3,hora_sin,0.419749483803762,41127,2024
SE3,PRS,3,hora_cos,0.50920117099356,41127,2024
SE3,PRS,3,mes_sin,-0.124920942615239,41127,2024
SE3,PRS,3,mes_cos,0.201093069393913,41127,2024
SE3,RAINF,1,intercepto,0.00100666550605331,41617,2024
SE3,RAINF,1,ultimo,0.50461967786058,41617,2024
SE3,RAINF,1,previo,0.0399584646327994,41617,2024
SE3,RAINF,1,diario,0.00294206788308909,41617,2024
SE3,RAINF,1,hora_sin,-0.000638939862094127,41617,2024
SE3,RAINF,1,hora_cos,1.04998978647647e-05,41617,2024
SE3,RAINF,1,mes_sin,0.000275989394295761,41617,2024
SE3,RAINF,1,mes_cos,-0.00122432595136504,41617,2024
SE3,RAINF,2,intercepto,0.00142657340152995,41561,2024
SE3,RAINF,2,ultimo,0.251702784176535,41561,2024
SE3,RAINF,2,previo,0.111665852705999,41561,2024
SE3,RAINF,2,diario,0.0096869112908502,41561,2024
SE3,RAINF,2,hora_sin,-0.000926890817173538,41561,2024
SE3,RAINF,2,hora_cos,9.55453566169215e-05,41561,2024
SE3,RAINF,2,mes_sin,0.000380448622761984,41561,2024
SE3,RAINF,2,mes_cos,-0.0017289891009014,41561,2024
SE3,RAINF,3,intercepto,0.00157382381295078,41523,2024
SE3,RAINF,3,ultimo,0.169830017463757,41523,2024
SE3,RAINF,3,previo,0.143374032607382,41523,2024
SE3,RAINF,3,diario,0.00891083613981781,41523,2024
SE3,RAINF,3,hora_sin,-0.00112620092773261,41523,2024
SE3,RAINF,3,hora_cos,0.000133257079754421,41523,2024
SE3,RAINF,3,mes_sin,0.000437223889326976,41523,2024
SE3,RAINF,3,mes_cos,-0.00191289464259524,41523,2024
SE3,RH,1,intercepto,1.89201323297005,41080,2024
SE3,RH,1,ultimo,1.32360930155785,41080,2024
SE3,RH,1,previo,-0.379196443253521,41080,2024
SE3,RH,1,diario,0.0239307768416501,41080,2024
SE3,RH,1,hora_sin,-0.586834753573168,41080,2024
SE3,RH,1,hora_cos,2.71808870518091,41080,2024
SE3,RH,1,mes_sin,-0.0929318959481517,41080,2024
SE3,RH,1,mes_cos,-0.00155120579213309,41080,2024
SE3,RH,2,intercepto,3.99719597796749,41004,2024
SE3,RH,2,ultimo,1.34642426989341,41004,2024
SE3,RH,2,previo,-0.486454813368967,41004,2024
SE3,RH,2,diario,0.0730935072278622,41004,2024
SE3,RH,2,hora_sin,-0.443757984463212,41004,2024
SE3,RH,2,hora_cos,6.18624442173902,41004,2024
SE3,RH,2,mes_sin,-0.192497570910268,41004,2024
SE3,RH,2,mes_cos,-0.000701289292896706,41004,2024
SE3,RH,3,intercepto,5.88490826629696,40954,2024
SE3,RH,3,ultimo,1.27187804896078,40954,2024
SE3,RH,3,previo,-0.502202386169027,40954,2024
SE3,RH,3,diario,0.131900256312695,40954,2024
SE3,RH,3,hora_sin,0.560317562384911,40954,2024
SE3,RH,3,hora_cos,9.20114192152318,40954,2024
SE3,RH,3,mes_sin,-0.264561645063104,40954,2024
SE3,RH,3,mes_cos,-0.0062084212254536,40954,2024
SE3,SO2,1,intercepto,2.38743564922708,37660,2024
SE3,SO2,1,ultimo,0.652415953403385,37660,2024
SE3,SO2,1,previo,-0.112709410910837,37660,2024
SE3,SO2,1,diario,0.108696403424978,37660,2024
SE3,SO2,1,hora_sin,-0.248991285552262,37660,2024
SE3,SO2,1,hora_cos,-1.20066989940895,37660,2024
SE3,SO2,1,mes_sin,-0.107889235160462,37660,2024
SE3,SO2,1,mes_cos,0.0274860497417637,37660,2024
SE3,SO2,2,intercepto,3.81004042801357,37443,2024
SE3,SO2,2,ultimo,0.298915072529235,37443,2024
SE3,SO2,2,previo,-0.040287075523883,37443,2024
SE3,SO2,2,diario,0.180601133750148,37443,2024
SE3,SO2,2,hora_sin,-0.585648351468693,37443,2024
SE3,SO2,2,hora_cos,-1.86276378647538,37443,2024
SE3,SO2,2,mes_sin,-0.139599905346388,37443,2024
SE3,SO2,2,mes_cos,0.0279372099233435,37443,2024
SE3,SO2,3,intercepto,4.4117339792314,37350,2024
SE3,SO2,3,ultimo,0.146405207766883,37350,2024
SE3,SO2,3,previo,-0.0109202392319639,37350,2024
SE3,SO2,3,diario,0.213311350574677,37350,2024
SE3,SO2,3,hora_sin,-0.82039244081578,37350,2024
SE3,SO2,3,hora_cos,-2.07325514762945,37350,2024
SE3,SO2,3,mes_sin,-0.150153371345192,37350,2024
SE3,SO2,3,mes_cos,0.0454301068776762,37350,2024
SE3,SR,1,intercepto,0.0218052755877806,43258,2024
SE3,SR,1,ultimo,1.02256283246364,43258,2024
SE3,SR,1,previo,-0.362348045153025,43258,2024
SE3,SR,1,diario,0.207893685969074,43258,2024
SE3,SR,1,hora_sin,0.0103873654730444,43258,2024
SE3,SR,1,hora_cos,-0.0335442309403454,43258,2024
SE3,SR,1,mes_sin,0.00305986323109632,43258,2024
SE3,SR,1,mes_cos,-0.0058172891037302,43258,2024
SE3,SR,2,intercepto,0.0391922345488672,43242,2024
SE3,SR,2,ultimo,0.791072341645681,43242,2024
SE3,SR,2,previo,-0.455783268034304,43242,2024
SE3,SR,2,diario,0.427247997302675,43242,2024
SE3,SR,2,hora_sin,0.00122091019740644,43242,2024
SE3,SR,2,hora_cos,-0.0538424047649637,43242,2024
SE3,SR,2,mes_sin,0.00560594838884878,43242,2024
SE3,SR,2,mes_cos,-0.0104049533227437,43242,2024
SE3,SR,3,intercepto,0.0516089743156041,43234,2024
SE3,SR,3,ultimo,0.528423504772357,43234,2024
SE3,SR,3,previo,-0.404639440464743,43234,2024
SE3,SR,3,diario,0.563989952419091,43234,2024
SE3,SR,3,hora_sin,-0.0144687662268501,43234,2024
SE3,SR,3,hora_cos,-0.0627743550014963,43234,2024
SE3,SR,3,mes_sin,0.00734508004182513,43234,2024
SE3,SR,3,mes_cos,-0.0137142665901786,43234,2024
SE3,TOUT,1,intercepto,0.606107826592358,41560,2024
SE3,TOUT,1,ultimo,1.20160026176979,41560,2024
SE3,TOUT,1,previo,-0.252932696640771,41560,2024
SE3,TOUT,1,diario,0.0255372117220626,41560,2024
SE3,TOUT,1,hora_sin,0.213863715080998,41560,2024
SE3,TOUT,1,hora_cos,-0.876018204038378,41560,2024
SE3,TOUT,1,mes_sin,0.0186607020098211,41560,2024
SE3,TOUT,1,mes_cos,-0.1743641749763,41560,2024
SE3,TOUT,2,intercepto,1.25152406995655,41501,2024
SE3,TOUT,2,ultimo,1.23547313355295,41501,2024
SE3,TOUT,2,previo,-0.368863460688144,41501,2024
SE3,TOUT,2,diario,0.0799670654044177,41501,2024
SE3,TOUT,2,hora_sin,0.210352665990191,41501,2024
SE3,TOUT,2,hora_cos,-1.78146681113274,41501,2024
SE3,TOUT,2,mes_sin,0.0395936235509497,41501,2024
SE3,TOUT,2,mes_cos,-0.359867139252748,41501,2024
SE3,TOUT,3,intercepto,1.83360796560556,41461,2024
SE3,TOUT,3,ultimo,1.1602192740495,41461,2024
SE3,TOUT,3,previo,-0.385019995372686,41461,2024
SE3,TOUT,3,diario,0.146642698687275,41461,2024
SE3,TOUT,3,hora_sin,-0.0411268733443186,41461,2024
SE3,TOUT,3,hora_cos,-2.57500699275414,41461,2024
SE3,TOUT,3,mes_sin,0.0623158558881067,41461,2024
SE3,TOUT,3,mes_cos,-0.526378931911333,41461,2024
SE3,WSR,1,intercepto,0.528920295884908,41008,2024
SE3,WSR,1,ultimo,0.889193035764668,41008,2024
SE3,WSR,1,previo,-0.0713797083354083,41008,2024
SE3,WSR,1,diario,0.100709480398098,41008,2024
SE3,WSR,1,hora_sin,-0.130873539366811,41008,2024
SE3,WSR,1,hora_cos,-0.349480470198103,41008,2024
SE3,WSR,1,mes_sin,0.0357708438526848,41008,2024
SE3,WSR,1,mes_cos,-0.130183708284063,41008,2024
SE3,WSR,2,intercepto,0.90618227485639,40907,2024
SE3,WSR,2,ultimo,0.651111149938691,40907,2024
SE3,WSR,2,previo,0.0131406772998317,40907,2024
SE3,WSR,2,diario,0.196012756383469,40907,2024
SE3,WSR,2,hora_sin,-0.317764790359139,40907,2024
SE3,WSR,2,hora_cos,-0.617792083463401,40907,2024
SE3,WSR,2,mes_sin,0.0614470508724901,40907,2024
SE3,WSR,2,mes_cos,-0.223313458375867,40907,2024
SE3,WSR,3,intercepto,1.16996692141142,40833,2024
SE3,WSR,3,ultimo,0.513179113903012,40833,2024
SE3,WSR,3,previo,0.048683857396411,40833,2024
SE3,WSR,3,diario,0.257755908461098,40833,2024
SE3,WSR,3,hora_sin,-0.510003388650569,40833,2024
SE3,WSR,3,hora_cos,-0.76705208593788,40833,2024
SE3,WSR,3,mes_sin,0.0812958647994685,40833,2024
SE3,WSR,3,mes_cos,-0.286067233613365,40833,2024
SO,CO,1,intercepto,0.0455808057828206,36192,2024
SO,CO,1,ultimo,1.00273697130706,36192,2024
SO,CO,1,previo,-0.170029252584385,36192,2024
SO,CO,1,diario,0.138640448018337,36192,2024
SO,CO,1,hora_sin,0.00870682313541935,36192,2024
SO,CO,1,hora_cos,0.0101587219629942,36192,2024
SO,CO,1,mes_sin,0.00686766037577145,36192,2024
SO,CO,1,mes_cos,0.00802268340175795,36192,2024
SO,CO,2,intercepto,0.072015784759309,36157,2024
SO,CO,2,ultimo,0.712052022043009,36157,2024
SO,CO,2,previo,-0.0446675844299792,36157,2024
SO,CO,2,diario,0.287768982733696,36157,2024
SO,CO,2,hora_sin,0.0193265667214623,36157,2024
SO,CO,2,hora_cos,0.016669491543328,36157,2024
SO,CO,2,mes_sin,0.0114663841551725,36157,2024
SO,CO,2,mes_cos,0.0131129721168123,36157,2024
SO,CO,3,intercepto,0.0933882644239617,36130,2024
SO,CO,3,ultimo,0.522944088739206,36130,2024
SO,CO,3,previo,0.0523233757485404,36130,2024
SO,CO,3,diario,0.366501965338292,36130,2024
SO,CO,3,hora_sin,0.0293948566301342,36130,2024
SO,CO,3,hora_cos,0.0181540374990633,36130,2024
SO,CO,3,mes_sin,0.0150016840737696,36130,2024
SO,CO,3,mes_cos,0.0176608365426895,36130,2024
SO,NO,1,intercepto,1.97815721731477,36779,2024
SO,NO,1,ultimo,0.959034255240222,36779,2024
SO,NO,1,previo,-0.258330758044742,36779,2024
SO,NO,1,diario,0.151924132869924,36779,2024
SO,NO,1,hora_sin,1.36444838581851,36779,2024
SO,NO,1,hora_cos,0.849642904460722,36779,2024
SO,NO,1,mes_sin,-0.833781210824845,36779,2024
SO,NO,1,mes_cos,1.24160884772103,36779,2024
SO,NO,2,intercepto,3.21588663774616,36680,2024
SO,NO,2,ultimo,0.60430517313292,36680,2024
SO,NO,2,previo,-0.165249648274734,36680,2024
SO,NO,2,diario,0.321309711594414,36680,2024
SO,NO,2,hora_sin,2.49792087372028,36680,2024
SO,NO,2,hora_cos,1.28014595695599,36680,2024
SO,NO,2,mes_sin,-1.3510120335535,36680,2024
SO,NO,2,mes_cos,2.00512481358914,36680,2024
SO,NO,3,intercepto,4.12176293394493,36648,2024
SO,NO,3,ultimo,0.357423635933297,36648,2024
SO,NO,3,previo,-0.060202589594642,36648,2024
SO,NO,3,diario,0.393887702541551,36648,2024
SO,NO,3,hora_sin,3.44348145845594,36648,2024
SO,NO,3,hora_cos,1.26957287881181,36648,2024
SO,NO,3,mes_sin,-1.72430469272769,36648,2024
SO,NO,3,mes_cos,2.58961217236572,36648,2024
SO,NO2,1,intercepto,0.748496854110913,36590,2024
SO,NO2,1,ultimo,0.993723868291457,36590,2024
SO,NO2,1,previo,-0.130100623742094,36590,2024
SO,NO2,1,diario,0.0886839816883391,36590,2024
SO,NO2,1,hora_sin,0.207246078586551,36590,2024
SO,NO2,1,hora_cos,0.288600693503344,36590,2024
SO,NO2,1,mes_sin,-0.166049067612095,36590,2024
SO,NO2,1,mes_cos,0.143178797485608,36590,2024
SO,NO2,2,intercepto,1.30223367371226,36524,2024
SO,NO2,2,ultimo,0.766343772461475,36524,2024
SO,NO2,2,previo,-0.0350822007636449,36524,2024
SO,NO2,2,diario,0.185921878770158,36524,2024
SO,NO2,2,hora_sin,0.473396189278057,36524,2024
SO,NO2,2,hora_cos,0.515958240029611,36524,2024
SO,NO2,2,mes_sin,-0.283147958633481,36524,2024
SO,NO2,2,mes_cos,0.241930673703949,36524,2024
SO,NO2,3,intercepto,1.71652176842694,36468,2024
SO,NO2,3,ultimo,0.642128191481343,36468,2024
SO,NO2,3,previo,-0.00797683155931722,36468,2024
SO,NO2,3,diario,0.256384488227699,36468,2024
SO,NO2,3,hora_sin,0.715330992957374,36468,2024
SO,NO2,3,hora_cos,0.59742179413287,36468,2024
SO,NO2,3,mes_sin,-0.379371507349615,36468,2024
SO,NO2,3,mes_cos,0.318921683238259,36468,2024
SO,NOX,1,intercepto,3.90138844960499,34651,2024
SO,NOX,1,ultimo,1.00892250045793,34651,2024
SO,NOX,1,previo,-0.256434718664798,34651,2024
SO,NOX,1,diario,0.124801169562276,34651,2024
SO,NOX,1,hora_sin,1.50704215344088,34651,2024
SO,NOX,1,hora_cos,1.2467854727461,34651,2024
SO,NOX,1,mes_sin,-1.26943171194675,34651,2024
SO,NOX,1,mes_cos,2.11316297315202,34651,2024
SO,NOX,2,intercepto,6.51167663969472,34482,2024
SO,NOX,2,ultimo,0.687182012158066,34482,2024
SO,NOX,2,previo,-0.169721396681474,34482,2024
SO,NOX,2,diario,0.278458926708024,34482,2024
SO,NOX,2,hora_sin,2.95488728767174,34482,2024
SO,NOX,2,hora_cos,2.0573995425574,34482,2024
SO,NOX,2,mes_sin,-2.10105584889079,34482,2024
SO,NOX,2,mes_cos,3.51841899431038,34482,2024
SO,NOX,3,intercepto,8.40429995026656,34428,2024
SO,NOX,3,ultimo,0.434070201551212,34428,2024
SO,NOX,3,previo,-0.0534906482649421,34428,2024
SO,NOX,3,diario,0.355596651901143,34428,2024
SO,NOX,3,hora_sin,4.2819886074879,34428,2024
SO,NOX,3,hora_cos,2.24351723689697,34428,2024
SO,NOX,3,mes_sin,-2.70222086938564,34428,2024
SO,NOX,3,mes_cos,4.55120981664904,34428,2024
SO,PM10,1,intercepto,10.3626739757877,40705,2024
SO,PM10,1,ultimo,0.831896682157897,40705,2024
SO,PM10,1,previo,-0.0673158754061972,40705,2024
SO,PM10,1,diario,0.080935274635259,40705,2024
SO,PM10,1,hora_sin,3.61382310516569,40705,2024
SO,PM10,1,hora_cos,-1.25035226928991,40705,2024
SO,PM10,1,mes_sin,0.0926767651732366,40705,2024
SO,PM10,1,mes_cos,3.05157841864402,40705,2024
SO,PM10,2,intercepto,17.8134747142814,40645,2024
SO,PM10,2,ultimo,0.558008560367911,40645,2024
SO,PM10,2,previo,0.0138938715004228,40645,2024
SO,PM10,2,diario,0.162616327091259,40645,2024
SO,PM10,2,hora_sin,6.13358291566333,40645,2024
SO,PM10,2,hora_cos,-2.9946392106057,40645,2024
SO,PM10,2,mes_sin,0.133776048530345,40645,2024
SO,PM10,2,mes_cos,5.36467670469505,40645,2024
SO,PM10,3,intercepto,22.7586487228825,40611,2024
SO,PM10,3,ultimo,0.405451447381358,40611,2024
SO,PM10,3,previo,0.0491993345021268,40611,2024
SO,PM10,3,diario,0.205613082384925,40611,2024
SO,PM10,3,hora_sin,7.55411727493715,40611,2024
SO,PM10,3,hora_cos,-4.67214353978644,40611,2024
SO,PM10,3,mes_sin,0.159103847639145,40611,2024
SO,PM10,3,mes_cos,6.82897610444325,40611,2024
SO,PM2.5,1,intercepto,2.36701012526573,36174,2024
SO,PM2.5,1,ultimo,1.01530375811646,36174,2024
SO,PM2.5,1,previo,-0.148500649036079,36174,2024
SO,PM2.5,1,diario,0.0377996405508382,36174,2024
SO,PM2.5,1,hora_sin,0.870247066033631,36174,2024
SO,PM2.5,1,hora_cos,0.285072186662815,36174,2024
SO,PM2.5,1,mes_sin,-0.102212167244413,36174,2024
SO,PM2.5,1,mes_cos,0.661398249032579,36174,2024
SO,PM2.5,2,intercepto,4.26989874066134,36036,2024
SO,PM2.5,2,ultimo,0.866878315605517,36036,2024
SO,PM2.5,2,previo,-0.125998649894885,36036,2024
SO,PM2.5,2,diario,0.0895626945157617,36036,2024
SO,PM2.5,2,hora_sin,1.75748400002826,36036,2024
SO,PM2.5,2,hora_cos,0.434829341523156,36036,2024
SO,PM2.5,2,mes_sin,-0.242700327882223,36036,2024
SO,PM2.5,2,mes_cos,1.25805166810435,36036,2024
SO,PM2.5,3,intercepto,5.88066384974788,35929,2024
SO,PM2.5,3,ultimo,0.725791640945647,35929,2024
SO,PM2.5,3,previo,-0.0948379769388142,35929,2024
SO,PM2.5,3,diario,0.137277489114987,35929,2024
SO,PM2.5,3,hora_sin,2.44518472199512,35929,2024
SO,PM2.5,3,hora_cos,0.351425441353933,35929,2024
SO,PM2.5,3,mes_sin,-0.375119636167113,35929,2024
SO,PM2.5,3,mes_cos,1.7830107504779,35929,2024
SO,PRS,1,intercepto,12.9486703518631,40033,2024
SO,PRS,1,ultimo,0.972911342115791,40033,2024
SO,PRS,1,previo,0.0100808323252393,40033,2024
SO,PRS,1,diario,-0.00146926799608263,40033,2024
SO,PRS,1,hora_sin,0.0881648089785297,40033,2024
SO,PRS,1,hora_cos,0.178248555620934,40033,2024
SO,PRS,1,mes_sin,-0.0276240555921492,40033,2024
SO,PRS,1,mes_cos,0.020623088587689,40033,2024
SO,PRS,2,intercepto,23.4904084356877,39991,2024
SO,PRS,2,ultimo,1.02475880402113,39991,2024
SO,PRS,2,previo,-0.0656265120201853,39991,2024
SO,PRS,2,diario,0.00734740692103337,39991,2024
SO,PRS,2,hora_sin,0.202601039900501,39991,2024
SO,PRS,2,hora_cos,0.31295459126106,39991,2024
SO,PRS,2,mes_sin,-0.0502809807094409,39991,2024
SO,PRS,2,mes_cos,0.03697936321617,39991,2024
SO,PRS,3,intercepto,34.0936562714213,39971,2024
SO,PRS,3,ultimo,0.971564924783806,39971,2024
SO,PRS,3,previo,-0.0432747318983787,39971,2024
SO,PRS,3,diario,0.0230564984101772,39971,2024
SO,PRS,3,hora_sin,0.355012781826162,39971,2024
SO,PRS,3,hora_cos,0.414795833071491,39971,2024
SO,PRS,3,mes_sin,-0.0722814190248862,39971,2024
SO,PRS,3,mes_cos,0.0525319422762614,39971,2024
SO,RAINF,1,intercepto,0.000450136126491969,41880,2024
SO,RAINF,1,ultimo,0.966373469007287,41880,2024
SO,RAINF,1,previo,-0.149463791571471,41880,2024
SO,RAINF,1,diario,-1.35851251275958e-05,41880,2024
SO,RAINF,1,hora_sin,-0.000737163510115801,41880,2024
SO,RAINF,1,hora_cos,-7.99395652841267e-05,41880,2024
SO,RAINF,1,mes_sin,0.000190732556592922,41880,2024
SO,RAINF,1,mes_cos,-0.000395556207144661,41880,2024
SO,RAINF,2,intercepto,0.000934566847214713,41862,2024
SO,RAINF,2,ultimo,1.04460811776202,41862,2024
SO,RAINF,2,previo,-0.391589495489311,41862,2024
SO,RAINF,2,diario,-6.9865616309553e-05,41862,2024
SO,RAINF,2,hora_sin,-0.00145365795580816,41862,2024
SO,RAINF,2,hora_cos,0.000141425840445019,41862,2024
SO,RAINF,2,mes_sin,0.000653905157767242,41862,2024
SO,RAINF,2,mes_cos,-0.000920680864114957,41862,2024
SO,RAINF,3,intercepto,0.00169826411622197,41848,2024
SO,RAINF,3,ultimo,0.831901629286222,41848,2024
SO,RAINF,3,previo,-0.38769840248546,41848,2024
SO,RAINF,3,diario,-0.000166156733124592,41848,2024
SO,RAINF,3,hora_sin,-0.00234867521321327,41848,2024
SO,RAINF,3,hora_cos,0.00073978672372423,41848,2024
SO,RAINF,3,mes_sin,0.00134091073931175,41848,2024
SO,RAINF,3,mes_cos,-0.00161958057602056,41848,2024
SO,RH,1,intercepto,1.57980068421573,41491,2024
SO,RH,1,ultimo,1.24117205562866,41491,2024
SO,RH,1,previo,-0.290518916487471,41491,2024
SO,RH,1,diario,0.0211150625980719,41491,2024
SO,RH,1,hora_sin,-0.602461428631239,41491,2024
SO,RH,1,hora_cos,2.30267753465683,41491,2024
SO,RH,1,mes_sin,-0.0725100615308766,41491,2024
SO,RH,1,mes_cos,-0.0569989437502575,41491,2024
SO,RH,2,intercepto,3.22854200151769,41462,2024
SO,RH,2,ultimo,1.21064844306083,41462,2024
SO,RH,2,previo,-0.327843077932119,41462,2024
SO,RH,2,diario,0.0594557542935418,41462,2024
SO,RH,2,hora_sin,-0.589519313226418,41462,2024
SO,RH,2,hora_cos,5.21556655331802,41462,2024
SO,RH,2,mes_sin,-0.142667273214531,41462,2024
SO,RH,2,mes_cos,-0.118169559369258,41462,2024
SO,RH,3,intercepto,4.74438032765338,41438,2024
SO,RH,3,ultimo,1.12359269791331,41438,2024
SO,RH,3,previo,-0.30895175707032,41438,2024
SO,RH,3,diario,0.100559560473411,41438,2024
SO,RH,3,hora_sin,0.189844701378843,41438,2024
SO,RH,3,hora_cos,7.83649936570186,41438,2024
SO,RH,3,mes_sin,-0.201375238105108,41438,2024
SO,RH,3,mes_cos,-0.180317213118846,41438,2024
SO,SO2,1,intercepto,1.04249783911321,38189,2024
SO,SO2,1,ultimo,0.679903316510645,38189,2024
SO,SO2,1,previo,0.0406942982125397,38189,2024
SO,SO2,1,diario,0.113043301277645,38189,2024
SO,SO2,1,hora_sin,0.101740137068369,38189,2024
SO,SO2,1,hora_cos,-0.249552200967381,38189,2024
SO,SO2,1,mes_sin,0.154056222945479,38189,2024
SO,SO2,1,mes_cos,0.136360252494703,38189,2024
SO,SO2,2,intercepto,1.60181948600622,38085,2024
SO,SO2,2,ultimo,0.419663635305065,38085,2024
SO,SO2,2,previo,0.139541502946472,38085,2024
SO,SO2,2,diario,0.184909679874912,38085,2024
SO,SO2,2,hora_sin,0.145637132232056,38085,2024
SO,SO2,2,hora_cos,-0.43669471441274,38085,2024
SO,SO2,2,mes_sin,0.232804584971712,38085,2024
SO,SO2,2,mes_cos,0.210533147133793,38085,2024
SO,SO2,3,intercepto,1.88753548977573,38042,2024
SO,SO2,3,ultimo,0.337824718000946,38042,2024
SO,SO2,3,previo,0.139100422868853,38042,2024
SO,SO2,3,diario,0.222045769543081,38042,2024
SO,SO2,3,hora_sin,0.142675124716438,38042,2024
SO,SO2,3,hora_cos,-0.562777631473346,38042,2024
SO,SO2,3,mes_sin,0.279491864665618,38042,2024
SO,SO2,3,mes_cos,0.247780206171974,38042,2024
SO,SR,1,intercepto,0.0115402389473046,41864,2024
SO,SR,1,ultimo,1.03394208289717,41864,2024
SO,SR,1,previo,-0.1703650586264,41864,2024
SO,SR,1,diario,0.0737567275954942,41864,2024
SO,SR,1,hora_sin,0.0398281596985055,41864,2024
SO,SR,1,hora_cos,-0.0316556380861905,41864,2024
SO,SR,1,mes_sin,-6.97848183794589e-05,41864,2024
SO,SR,1,mes_cos,-0.0045685769877093,41864,2024
SO,SR,2,intercepto,0.0207292447887475,41822,2024
SO,SR,2,ultimo,0.843539415303505,41822,2024
SO,SR,2,previo,-0.114969208617642,41822,2024
SO,SR,2,diario,0.158824769918346,41822,2024
SO,SR,2,hora_sin,0.0710893254515141,41822,2024
SO,SR,2,hora_cos,-0.0717373670075441,41822,2024
SO,SR,2,mes_sin,4.85113937351754e-05,41822,2024
SO,SR,2,mes_cos,-0.00852911093327388,41822,2024
SO,SR,3,intercepto,0.0253579000641952,41795,2024
SO,SR,3,ultimo,0.710409168674174,41795,2024
SO,SR,3,previo,-0.0825050503529952,41795,2024
SO,SR,3,diario,0.235403662159661,41795,2024
SO,SR,3,hora_sin,0.0858234143329573,41795,2024
SO,SR,3,hora_cos,-0.105884763905235,41795,2024
SO,SR,3,mes_sin,-0.000239300903873302,41795,2024
SO,SR,3,mes_cos,-0.0105077936005681,41795,2024
SO,TOUT,1,intercepto,0.510411944036848,41641,2024
SO,TOUT,1,ultimo,1.26027227051381,41641,2024
SO,TOUT,1,previo,-0.304111295969524,41641,2024
SO,TOUT,1,diario,0.0210371235849195,41641,2024
SO,TOUT,1,hora_sin,0.216132693608368,41641,2024
SO,TOUT,1,hora_cos,-0.677371674324224,41641,2024
SO,TOUT,1,mes_sin,0.0203115840332371,41641,2024
SO,TOUT,1,mes_cos,-0.150116394461601,41641,2024
SO,TOUT,2,intercepto,0.997996205231935,41621,2024
SO,TOUT,2,ultimo,1.26760090645345,41621,2024
SO,TOUT,2,previo,-0.379221673111926,41621,2024
SO,TOUT,2,diario,0.0670423725622068,41621,2024
SO,TOUT,2,hora_sin,0.268781477074428,41621,2024
SO,TOUT,2,hora_cos,-1.51112509738958,41621,2024
SO,TOUT,2,mes_sin,0.0421065012588267,41621,2024
SO,TOUT,2,mes_cos,-0.292051679821148,41621,2024
SO,TOUT,3,intercepto,1.43930138146089,41607,2024
SO,TOUT,3,ultimo,1.17927389025125,41607,2024
SO,TOUT,3,previo,-0.361737407600926,41607,2024
SO,TOUT,3,diario,0.118206384642307,41607,2024
SO,TOUT,3,hora_sin,0.0860692840968476,41607,2024
SO,TOUT,3,hora_cos,-2.29606287344128,41607,2024
SO,TOUT,3,mes_sin,0.0630240094200977,41607,2024
SO,TOUT,3,mes_cos,-0.42023438893562,41607,2024
SO,WSR,1,intercepto,0.796709900293545,41661,2024
SO,WSR,1,ultimo,0.923662032333084,41661,2024
SO,WSR,1,previo,-0.0798453597552491,41661,2024
SO,WSR,1,diario,0.0756113068451271,41661,2024
SO,WSR,1,hora_sin,-0.252940124475457,41661,2024
SO,WSR,1,hora_cos,-1.08155271538656,41661,2024
SO,WSR,1,mes_sin,0.137170360605657,41661,2024
SO,WSR,1,mes_cos,-0.156676786387729,41661,2024
SO,WSR,2,intercepto,1.40144984808037,41635,2024
SO,WSR,2,ultimo,0.74307989816565,41635,2024
SO,WSR,2,previo,-0.0476782573707101,41635,2024
SO,WSR,2,diario,0.162993173200812,41635,2024
SO,WSR,2,hora_sin,-0.691233249481158,41635,2024
SO,WSR,2,hora_cos,-1.89656789660535,41635,2024
SO,WSR,2,mes_sin,0.238689678419182,41635,2024
SO,WSR,2,mes_cos,-0.269196507397375,41635,2024
SO,WSR,3,intercepto,1.85266646304293,41619,2024
SO,WSR,3,ultimo,0.617267978079069,41619,2024
SO,WSR,3,previo,-0.0395133263773827,41619,2024
SO,WSR,3,diario,0.2352307433057,41619,2024
SO,WSR,3,hora_sin,-1.19407218950102,41619,2024
SO,WSR,3,hora_cos,-2.34773830612259,41619,2024
SO,WSR,3,mes_sin,0.312892648456224,41619,2024
SO,WSR,3,mes_cos,-0.354296341254252,41619,2024
SO2,CO,1,intercepto,0.0123100587877559,41360,2024
SO2,CO,1,ultimo,1.00467005337625,41360,2024
SO2,CO,1,previo,-0.114724158609727,41360,2024
SO2,CO,1,diario,0.102228238164489,41360,2024
SO2,CO,1,hora_sin,0.0237322471613217,41360,2024
SO2,CO,1,hora_cos,-0.00299810883391881,41360,2024
SO2,CO,1,mes_sin,0.00308781593013722,41360,2024
SO2,CO,1,mes_cos,0.00542659156535315,41360,2024
SO2,CO,2,intercepto,0.0215666359258034,41308,2024
SO2,CO,2,ultimo,0.816505892274297,41308,2024
SO2,CO,2,previo,-0.0424986867710064,41308,2024
SO2,CO,2,diario,0.212346523451187,41308,2024
SO2,CO,2,hora_sin,0.0443343883800943,41308,2024
SO2,CO,2,hora_cos,-0.0129684421165614,41308,2024
SO2,CO,2,mes_sin,0.00511192622396077,41308,2024
SO2,CO,2,mes_cos,0.00973344299149671,41308,2024
SO2,CO,3,intercepto,0.0286053523045035,41276,2024
SO2,CO,3,ultimo,0.677361415112382,41276,2024
SO2,CO,3,previo,0.0102154832843688,41276,2024
SO2,CO,3,diario,0.29437577276019,41276,2024
SO2,CO,3,hora_sin,0.0570273987069266,41276,2024
SO2,CO,3,hora_cos,-0.0262015773317529,41276,2024
SO2,CO,3,mes_sin,0.00671495542205479,41276,2024
SO2,CO,3,mes_cos,0.0130427489632547,41276,2024
SO2,NO,1,intercepto,1.14133358853759,35963,2024
SO2,NO,1,ultimo,0.858306181677486,35963,2024
SO2,NO,1,previo,-0.0939716512067254,35963,2024
SO2,NO,1,diario,0.0873674013709371,35963,2024
SO2,NO,1,hora_sin,1.11356943425726,35963,2024
SO2,NO,1,hora_cos,-0.245110979826603,35963,2024
SO2,NO,1,mes_sin,-0.135846841722192,35963,2024
SO2,NO,1,mes_cos,0.557718404282694,35963,2024
SO2,NO,2,intercepto,1.92265696223465,35818,2024
SO2,NO,2,ultimo,0.6017291207579,35818,2024
SO2,NO,2,previo,-0.0322983461956811,35818,2024
SO2,NO,2,diario,0.179434908035357,35818,2024
SO2,NO,2,hora_sin,1.89349629837631,35818,2024
SO2,NO,2,hora_cos,-0.634420154567344,35818,2024
SO2,NO,2,mes_sin,-0.247766645865203,35818,2024
SO2,NO,2,mes_cos,0.947311983100916,35818,2024
SO2,NO,3,intercepto,2.51763070857085,35759,2024
SO2,NO,3,ultimo,0.44466594953759,35759,2024
SO2,NO,3,previo,-0.001547717323697,35759,2024
SO2,NO,3,diario,0.227004639975511,35759,2024
SO2,NO,3,hora_sin,2.33206257036686,35759,2024
SO2,NO,3,hora_cos,-1.07553338980874,35759,2024
SO2,NO,3,mes_sin,-0.30003117468364,35759,2024
SO2,NO,3,mes_cos,1.23752557397334,35759,2024
SO2,NO2,1,intercepto,2.07320777738285,37401,2024
SO2,NO2,1,ultimo,0.944336426678256,37401,2024
SO2,NO2,1,previo,-0.131317591183625,37401,2024
SO2,NO2,1,diario,0.061774303651615,37401,2024
SO2,NO2,1,hora_sin,0.562429040432178,37401,2024
SO2,NO2,1,hora_cos,-0.365305777629686,37401,2024
SO2,NO2,1,mes_sin,-0.0599795222011507,37401,2024
SO2,NO2,1,mes_cos,0.764998302440619,37401,2024
SO2,NO2,2,intercepto,3.69063752857558,37315,2024
SO2,NO2,2,ultimo,0.714467394479626,37315,2024
SO2,NO2,2,previo,-0.0735286101320648,37315,2024
SO2,NO2,2,diario,0.136100183373885,37315,2024
SO2,NO2,2,hora_sin,0.978045212543222,37315,2024
SO2,NO2,2,hora_cos,-0.798425874529006,37315,2024
SO2,NO2,2,mes_sin,-0.115024304694058,37315,2024
SO2,NO2,2,mes_cos,1.35973690599375,37315,2024
SO2,NO2,3,intercepto,4.9083764626328,37260,2024
SO2,NO2,3,ultimo,0.568519342961241,37260,2024
SO2,NO2,3,previo,-0.0543653135342524,37260,2024
SO2,NO2,3,diario,0.189402188724848,37260,2024
SO2,NO2,3,hora_sin,1.15208320747013,37260,2024
SO2,NO2,3,hora_cos,-1.20014210328491,37260,2024
SO2,NO2,3,mes_sin,-0.155855668899818,37260,2024
SO2,NO2,3,mes_cos,1.80796826790447,37260,2024
SO2,NOX,1,intercepto,3.13806557270768,37402,2024
SO2,NOX,1,ultimo,0.887841353185443,37402,2024
SO2,NOX,1,previo,-0.0919315466017866,37402,2024
SO2,NOX,1,diario,0.0738450981904634,37402,2024
SO2,NOX,1,hora_sin,1.63989326574802,37402,2024
SO2,NOX,1,hora_cos,-0.572492841650236,37402,2024
SO2,NOX,1,mes_sin,-0.180722499082984,37402,2024
SO2,NOX,1,mes_cos,1.26639855818039,37402,2024
SO2,NOX,2,intercepto,5.34014475212547,37316,2024
SO2,NOX,2,ultimo,0.644057005012927,37316,2024
SO2,NOX,2,previo,-0.0217855124798451,37316,2024
SO2,NOX,2,diario,0.155891204611041,37316,2024
SO2,NOX,2,hora_sin,2.86267204256475,37316,2024
SO2,NOX,2,hora_cos,-1.34097430502834,37316,2024
SO2,NOX,2,mes_sin,-0.332099130162583,37316,2024
SO2,NOX,2,mes_cos,2.15540603459018,37316,2024
SO2,NOX,3,intercepto,7.02370732315161,37261,2024
SO2,NOX,3,ultimo,0.495582165547431,37261,2024
SO2,NOX,3,previo,0.00953540059743843,37261,2024
SO2,NOX,3,diario,0.203244565853169,37261,2024
SO2,NOX,3,hora_sin,3.55046983357396,37261,2024
SO2,NOX,3,hora_cos,-2.17030521583333,37261,2024
SO2,NOX,3,mes_sin,-0.422488014733622,37261,2024
SO2,NOX,3,mes_cos,2.82475967676523,37261,2024
SO2,PM10,1,intercepto,8.87525225344556,39771,2024
SO2,PM10,1,ultimo,0.752447399839093,39771,2024
SO2,PM10,1,previo,0.0436548160593569,39771,2024
SO2,PM10,1,diario,0.0606702485124014,39771,2024
SO2,PM10,1,hora_sin,2.6689744296579,39771,2024
SO2,PM10,1,hora_cos,-2.97380545403641,39771,2024
SO2,PM10,1,mes_sin,1.2850418773129,39771,2024
SO2,PM10,1,mes_cos,1.13462690630966,39771,2024
SO2,PM10,2,intercepto,14.9054233798835,39689,2024
SO2,PM10,2,ultimo,0.580015938357344,39689,2024
SO2,PM10,2,previo,0.0709638251548599,39689,2024
SO2,PM10,2,diario,0.108289723463078,39689,2024
SO2,PM10,2,hora_sin,4.09583969167111,39689,2024
SO2,PM10,2,hora_cos,-5.62606432074363,39689,2024
SO2,PM10,2,mes_sin,2.11581783856126,39689,2024
SO2,PM10,2,mes_cos,1.90074757085678,39689,2024
SO2,PM10,3,intercepto,19.554178379722,39638,2024
SO2,PM10,3,ultimo,0.45136385387674,39638,2024
SO2,PM10,3,previo,0.0910147573735137,39638,2024
SO2,PM10,3,diario,0.14214398521658,39638,2024
SO2,PM10,3,hora_sin,4.56761937339176,39638,2024
SO2,PM10,3,hora_cos,-7.99566336053547,39638,2024
SO2,PM10,3,mes_sin,2.7892864027946,39638,2024
SO2,PM10,3,mes_cos,2.51215068408617,39638,2024
SO2,PM2.5,1,intercepto,2.51660195404093,33089,2024
SO2,PM2.5,1,ultimo,0.755186597954714,33089,2024
SO2,PM2.5,1,previo,0.0387990670954467,33089,2024
SO2,PM2.5,1,diario,0.0719259589776351,33089,2024
SO2,PM2.5,1,hora_sin,1.12463538809093,33089,2024
SO2,PM2.5,1,hora_cos,-0.894387431183712,33089,2024
SO2,PM2.5,1,mes_sin,0.356423651754688,33089,2024
SO2,PM2.5,1,mes_cos,0.169654477326768,33089,2024
SO2,PM2.5,2,intercepto,4.01598446243566,32804,2024
SO2,PM2.5,2,ultimo,0.568935405237113,32804,2024
SO2,PM2.5,2,previo,0.0819197336426155,32804,2024
SO2,PM2.5,2,diario,0.13831334104958,32804,2024
SO2,PM2.5,2,hora_sin,1.78158706370604,32804,2024
SO2,PM2.5,2,hora_cos,-1.65996616186681,32804,2024
SO2,PM2.5,2,mes_sin,0.547947296535074,32804,2024
SO2,PM2.5,2,mes_cos,0.290450910340549,32804,2024
SO2,PM2.5,3,intercepto,5.06180147642107,32634,2024
SO2,PM2.5,3,ultimo,0.474286339234302,32634,2024
SO2,PM2.5,3,previo,0.0747276410404323,32634,2024
SO2,PM2.5,3,diario,0.186633507384497,32634,2024
SO2,PM2.5,3,hora_sin,2.05498048800553,32634,2024
SO2,PM2.5,3,hora_cos,-2.31034068710833,32634,2024
SO2,PM2.5,3,mes_sin,0.670638906945553,32634,2024
SO2,PM2.5,3,mes_cos,0.364724632403073,32634,2024
SO2,PRS,1,intercepto,13.9887969320165,42763,2024
SO2,PRS,1,ultimo,1.08189793533799,42763,2024
SO2,PRS,1,previo,-0.0900765757392181,42763,2024
SO2,PRS,1,diario,-0.0114171619299415,42763,2024
SO2,PRS,1,hora_sin,0.03177388604112,42763,2024
SO2,PRS,1,hora_cos,0.0670634209122896,42763,2024
SO2,PRS,1,mes_sin,-0.0108836946070561,42763,2024
SO2,PRS,1,mes_cos,0.0106832326040785,42763,2024
SO2,PRS,2,intercepto,26.5896674460639,42734,2024
SO2,PRS,2,ultimo,1.27276828246853,42734,2024
SO2,PRS,2,previo,-0.303518391359958,42734,2024
SO2,PRS,2,diario,-0.00649744527146436,42734,2024
SO2,PRS,2,hora_sin,0.0690855876544418,42734,2024
SO2,PRS,2,hora_cos,0.117006518654097,42734,2024
SO2,PRS,2,mes_sin,-0.0209087721785881,42734,2024
SO2,PRS,2,mes_cos,0.0202452692426243,42734,2024
SO2,PRS,3,intercepto,39.8155649401132,42719,2024
SO2,PRS,3,ultimo,1.42378221628795,42719,2024
SO2,PRS,3,previo,-0.491154454741755,42719,2024
SO2,PRS,3,diario,0.0115966817840645,42719,2024
SO2,PRS,3,hora_sin,0.114326652062112,42719,2024
SO2,PRS,3,hora_cos,0.155017361484909,42719,2024
SO2,PRS,3,mes_sin,-0.0313541592052557,42719,2024
SO2,PRS,3,mes_cos,0.0297710062304786,42719,2024
SO2,RAINF,1,intercepto,0.000968576463179168,42780,2024
SO2,RAINF,1,ultimo,0.412647927070523,42780,2024
SO2,RAINF,1,previo,0.201681030910199,42780,2024
SO2,RAINF,1,diario,0.00794676716798053,42780,2024
SO2,RAINF,1,hora_sin,-0.000649642498422346,42780,2024
SO2,RAINF,1,hora_cos,0.000180060088610313,42780,2024
SO2,RAINF,1,mes_sin,-0.000167181324973914,42780,2024
SO2,RAINF,1,mes_cos,-0.00105447667110611,42780,2024
SO2,RAINF,2,intercepto,0.00129155514766476,42753,2024
SO2,RAINF,2,ultimo,0.350988672948857,42753,2024
SO2,RAINF,2,previo,0.129033952971587,42753,2024
SO2,RAINF,2,diario,0.018870879304886,42753,2024
SO2,RAINF,2,hora_sin,-0.000913308980317057,42753,2024
SO2,RAINF,2,hora_cos,0.000309711195650574,42753,2024
SO2,RAINF,2,mes_sin,-0.000223010457427484,42753,2024
SO2,RAINF,2,mes_cos,-0.00141930932563231,42753,2024
SO2,RAINF,3,intercepto,0.0015511485854185,42740,2024
SO2,RAINF,3,ultimo,0.228106197805274,42740,2024
SO2,RAINF,3,previo,0.158853626973174,42740,2024
SO2,RAINF,3,diario,0.0242415955034095,42740,2024
SO2,RAINF,3,hora_sin,-0.00105377104155519,42740,2024
SO2,RAINF,3,hora_cos,0.000484354990908336,42740,2024
SO2,RAINF,3,mes_sin,-0.000313043586212699,42740,2024
SO2,RAINF,3,mes_cos,-0.0017091209426107,42740,2024
SO2,RH,1,intercepto,1.44528821597069,42214,2024
SO2,RH,1,ultimo,1.33114934443555,42214,2024
SO2,RH,1,previo,-0.375247441911863,42214,2024
SO2,RH,1,diario,0.0171422136120001,42214,2024
SO2,RH,1,hora_sin,-0.516035105778982,42214,2024
SO2,RH,1,hora_cos,1.97706034120133,42214,2024
SO2,RH,1,mes_sin,-0.0634535710343121,42214,2024
SO2,RH,1,mes_cos,-0.0598569492054163,42214,2024
SO2,RH,2,intercepto,3.06044878828899,42158,2024
SO2,RH,2,ultimo,1.31324797639507,42158,2024
SO2,RH,2,previo,-0.421360921016095,42158,2024
SO2,RH,2,diario,0.0510362418524033,42158,2024
SO2,RH,2,hora_sin,-0.475992307857465,42158,2024
SO2,RH,2,hora_cos,4.81453852479049,42158,2024
SO2,RH,2,mes_sin,-0.132890818912185,42158,2024
SO2,RH,2,mes_cos,-0.133868751838528,42158,2024
SO2,RH,3,intercepto,4.54093485899761,42124,2024
SO2,RH,3,ultimo,1.24070156252887,42124,2024
SO2,RH,3,previo,-0.414857749422748,42124,2024
SO2,RH,3,diario,0.0895237172253604,42124,2024
SO2,RH,3,hora_sin,0.292678285728881,42124,2024
SO2,RH,3,hora_cos,7.37072882605746,42124,2024
SO2,RH,3,mes_sin,-0.196047744222001,42124,2024
SO2,RH,3,mes_cos,-0.204401142480662,42124,2024
SO2,SO2,1,intercepto,0.786684950949702,36186,2024
SO2,SO2,1,ultimo,0.809652242318058,36186,2024
SO2,SO2,1,previo,-0.0726232090735836,36186,2024
SO2,SO2,1,diario,0.07988235705975,36186,2024
SO2,SO2,1,hora_sin,0.119338506601383,36186,2024
SO2,SO2,1,hora_cos,-0.144475807161348,36186,2024
SO2,SO2,1,mes_sin,0.0385960101536545,36186,2024
SO2,SO2,1,mes_cos,0.0955160669191103,36186,2024
SO2,SO2,2,intercepto,1.34859446885559,35915,2024
SO2,SO2,2,ultimo,0.521965463732982,35915,2024
SO2,SO2,2,previo,0.0230253268324449,35915,2024
SO2,SO2,2,diario,0.142185766044439,35915,2024
SO2,SO2,2,hora_sin,0.190856056058397,35915,2024
SO2,SO2,2,hora_cos,-0.28127782216785,35915,2024
SO2,SO2,2,mes_sin,0.0658825226720499,35915,2024
SO2,SO2,2,mes_cos,0.168900306108807,35915,2024
SO2,SO2,3,intercepto,1.67641566766075,35857,2024
SO2,SO2,3,ultimo,0.372006773299899,35857,2024
SO2,SO2,3,previo,0.0607623643784652,35857,2024
SO2,SO2,3,diario,0.178568459147388,35857,2024
SO2,SO2,3,hora_sin,0.216133223885115,35857,2024
SO2,SO2,3,hora_cos,-0.380253645982697,35857,2024
SO2,SO2,3,mes_sin,0.0824413277885555,35857,2024
SO2,SO2,3,mes_cos,0.212954027400157,35857,2024
SO2,SR,1,intercepto,0.022563550105652,43603,2024
SO2,SR,1,ultimo,1.00403525495552,43603,2024
SO2,SR,1,previo,-0.37454645119807,43603,2024
SO2,SR,1,diario,0.236116365848601,43603,2024
SO2,SR,1,hora_sin,0.00958900232692364,43603,2024
SO2,SR,1,hora_cos,-0.0364078781079514,43603,2024
SO2,SR,1,mes_sin,0.00325461010427919,43603,2024
SO2,SR,1,mes_cos,-0.00729117118854588,43603,2024
SO2,SR,2,intercepto,0.0395191385893723,43597,2024
SO2,SR,2,ultimo,0.724396611509623,43597,2024
SO2,SR,2,previo,-0.425684805158218,43597,2024
SO2,SR,2,diario,0.465693288772526,43597,2024
SO2,SR,2,hora_sin,-0.000326396540644954,43597,2024
SO2,SR,2,hora_cos,-0.0587076812369634,43597,2024
SO2,SR,2,mes_sin,0.00567087596718659,43597,2024
SO2,SR,2,mes_cos,-0.012730217955546,43597,2024
SO2,SR,3,intercepto,0.0517183865107168,43594,2024
SO2,SR,3,ultimo,0.467244902887464,43594,2024
SO2,SR,3,previo,-0.368399269010893,43594,2024
SO2,SR,3,diario,0.592945157993532,43594,2024
SO2,SR,3,hora_sin,-0.0173611766004105,43594,2024
SO2,SR,3,hora_cos,-0.0685666338673827,43594,2024
SO2,SR,3,mes_sin,0.00743156663069686,43594,2024
SO2,SR,3,mes_cos,-0.0166620705806177,43594,2024
SO2,TOUT,1,intercepto,0.492592337250308,42787,2024
SO2,TOUT,1,ultimo,1.40003698901182,42787,2024
SO2,TOUT,1,previo,-0.437680546639889,42787,2024
SO2,TOUT,1,diario,0.0160043953609288,42787,2024
SO2,TOUT,1,hora_sin,0.189315458217112,42787,2024
SO2,TOUT,1,hora_cos,-0.544762906395921,42787,2024
SO2,TOUT,1,mes_sin,0.0165924416505095,42787,2024
SO2,TOUT,1,mes_cos,-0.143485800738619,42787,2024
SO2,TOUT,2,intercepto,1.00101962189358,42761,2024
SO2,TOUT,2,ultimo,1.42647826087059,42761,2024
SO2,TOUT,2,previo,-0.528436067282072,42761,2024
SO2,TOUT,2,diario,0.0579925749102389,42761,2024
SO2,TOUT,2,hora_sin,0.244983327692554,42761,2024
SO2,TOUT,2,hora_cos,-1.37530800681284,42761,2024
SO2,TOUT,2,mes_sin,0.0381320605911694,42761,2024
SO2,TOUT,2,mes_cos,-0.290928640362569,42761,2024
SO2,TOUT,3,intercepto,1.44953196647843,42748,2024
SO2,TOUT,3,ultimo,1.34338419287528,42748,2024
SO2,TOUT,3,previo,-0.51407629671631,42748,2024
SO2,TOUT,3,diario,0.107025240746152,42748,2024
SO2,TOUT,3,hora_sin,0.0666013209872723,42748,2024
SO2,TOUT,3,hora_cos,-2.17390188512654,42748,2024
SO2,TOUT,3,mes_sin,0.0575855361447394,42748,2024
SO2,TOUT,3,mes_cos,-0.420189104897605,42748,2024
SO2,WSR,1,intercepto,0.360048580175389,34968,2024
SO2,WSR,1,ultimo,1.10123813094197,34968,2024
SO2,WSR,1,previo,-0.253800188247274,34968,2024
SO2,WSR,1,diario,0.121555674457029,34968,2024
SO2,WSR,1,hora_sin,0.0143251127065459,34968,2024
SO2,WSR,1,hora_cos,-0.187763791302805,34968,2024
SO2,WSR,1,mes_sin,0.00481825571648877,34968,2024
SO2,WSR,1,mes_cos,-0.130816709092256,34968,2024
SO2,WSR,2,intercepto,0.58785381544948,34739,2024
SO2,WSR,2,ultimo,0.921717396076625,34739,2024
SO2,WSR,2,previo,-0.247376104956767,34739,2024
SO2,WSR,2,diario,0.27553830026558,34739,2024
SO2,WSR,2,hora_sin,-0.0159825871193005,34739,2024
SO2,WSR,2,hora_cos,-0.363350028296087,34739,2024
SO2,WSR,2,mes_sin,0.00872457835233091,34739,2024
SO2,WSR,2,mes_cos,-0.207150877951592,34739,2024
SO2,WSR,3,intercepto,0.757781031052847,34529,2024
SO2,WSR,3,ultimo,0.794994149391356,34529,2024
SO2,WSR,3,previo,-0.259585096672054,34529,2024
SO2,WSR,3,diario,0.400362365025955,34529,2024
SO2,WSR,3,hora_sin,-0.0604866994220994,34529,2024
SO2,WSR,3,hora_cos,-0.442233018695056,34529,2024
SO2,WSR,3,mes_sin,0.0153810463176599,34529,2024
SO2,WSR,3,mes_cos,-0.268686908045021,34529,2024
SUR,CO,1,intercepto,0.0101505845632678,32118,2024
SUR,CO,1,ultimo,0.991708155535098,32118,2024
SUR,CO,1,previo,-0.117237352801361,32118,2024
SUR,CO,1,diario,0.115608731891076,32118,2024
SUR,CO,1,hora_sin,0.0146370371642668,32118,2024
SUR,CO,1,hora_cos,-0.00519822994988522,32118,2024
SUR,CO,1,mes_sin,0.00171384504718793,32118,2024
SUR,CO,1,mes_cos,0.00179352439909774,32118,2024
SUR,CO,2,intercepto,0.0168245848085234,32094,2024
SUR,CO,2,ultimo,0.796386844731597,32094,2024
SUR,CO,2,previo,-0.0560287100571191,32094,2024
SUR,CO,2,diario,0.243346526623124,32094,2024
SUR,CO,2,hora_sin,0.0253343092287282,32094,2024
SUR,CO,2,hora_cos,-0.0134953704186886,32094,2024
SUR,CO,2,mes_sin,0.00286204018624467,32094,2024
SUR,CO,2,mes_cos,0.00312396061294499,32094,2024
SUR,CO,3,intercepto,0.0214461692044991,32076,2024
SUR,CO,3,ultimo,0.642074008828625,32076,2024
SUR,CO,3,previo,-0.000241411039245607,32076,2024
SUR,CO,3,diario,0.337364209764326,32076,2024
SUR,CO,3,hora_sin,0.0308498151450635,32076,2024
SUR,CO,3,hora_cos,-0.0225610238760469,32076,2024
SUR,CO,3,mes_sin,0.0037805223085865,32076,2024
SUR,CO,3,mes_cos,0.00411766240294914,32076,2024
SUR,NO,1,intercepto,1.44823125912955,29895,2024
SUR,NO,1,ultimo,0.974958756321543,29895,2024
SUR,NO,1,previo,-0.30389946753484,29895,2024
SUR,NO,1,diario,0.128341601738621,29895,2024
SUR,NO,1,hora_sin,0.953522436422324,29895,2024
SUR,NO,1,hora_cos,-0.315754683088282,29895,2024
SUR,NO,1,mes_sin,-0.240396487597989,29895,2024
SUR,NO,1,mes_cos,0.675598306298562,29895,2024
SUR,NO,2,intercepto,2.43081297391209,29710,2024
SUR,NO,2,ultimo,0.616939428299292,29710,2024
SUR,NO,2,previo,-0.244804721167217,29710,2024
SUR,NO,2,diario,0.293000473281633,29710,2024
SUR,NO,2,hora_sin,1.56717725402021,29710,2024
SUR,NO,2,hora_cos,-0.710254867575904,29710,2024
SUR,NO,2,mes_sin,-0.401875917905927,29710,2024
SUR,NO,2,mes_cos,1.15107275135224,29710,2024
SUR,NO,3,intercepto,3.10788423729292,29605,2024
SUR,NO,3,ultimo,0.344695672313898,29605,2024
SUR,NO,3,previo,-0.14586527188687,29605,2024
SUR,NO,3,diario,0.370470052988425,29605,2024
SUR,NO,3,hora_sin,1.82350996941214,29605,2024
SUR,NO,3,hora_cos,-1.12777529903502,29605,2024
SUR,NO,3,mes_sin,-0.515821438930988,29605,2024
SUR,NO,3,mes_cos,1.49749673732465,29605,2024
SUR,NO2,1,intercepto,1.38654767473205,30560,2024
SUR,NO2,1,ultimo,0.95300005985779,30560,2024
SUR,NO2,1,previo,-0.135521882009664,30560,2024
SUR,NO2,1,diario,0.0998523495118435,30560,2024
SUR,NO2,1,hora_sin,0.473098927759547,30560,2024
SUR,NO2,1,hora_cos,0.591823727970208,30560,2024
SUR,NO2,1,mes_sin,-0.201118954650425,30560,2024
SUR,NO2,1,mes_cos,0.758866980442824,30560,2024
SUR,NO2,2,intercepto,2.54335629092602,30419,2024
SUR,NO2,2,ultimo,0.768607335711028,30419,2024
SUR,NO2,2,previo,-0.133568644869886,30419,2024
SUR,NO2,2,diario,0.21382748505437,30419,2024
SUR,NO2,2,hora_sin,0.96496703601704,30419,2024
SUR,NO2,2,hora_cos,0.940454912449668,30419,2024
SUR,NO2,2,mes_sin,-0.359353568758833,30419,2024
SUR,NO2,2,mes_cos,1.39453388698586,30419,2024
SUR,NO2,3,intercepto,3.45753339539367,30333,2024
SUR,NO2,3,ultimo,0.60242523203965,30333,2024
SUR,NO2,3,previo,-0.108902516292385,30333,2024
SUR,NO2,3,diario,0.301673100959302,30333,2024
SUR,NO2,3,hora_sin,1.40628115637791,30333,2024
SUR,NO2,3,hora_cos,1.05953911804401,30333,2024
SUR,NO2,3,mes_sin,-0.474119703035791,30333,2024
SUR,NO2,3,mes_cos,1.89885875310151,30333,2024
SUR,NOX,1,intercepto,2.35630489770311,31437,2024
SUR,NOX,1,ultimo,1.00221719779407,31437,2024
SUR,NOX,1,previo,-0.204628630467618,31437,2024
SUR,NOX,1,diario,0.103267070695169,31437,2024
SUR,NOX,1,hora_sin,1.34312212127855,31437,2024
SUR,NOX,1,hora_cos,0.617821316176511,31437,2024
SUR,NOX,1,mes_sin,-0.341198727461323,31437,2024
SUR,NOX,1,mes_cos,1.24960739229984,31437,2024
SUR,NOX,2,intercepto,4.22534604985877,31192,2024
SUR,NOX,2,ultimo,0.782362677027984,31192,2024
SUR,NOX,2,previo,-0.191249181225923,31192,2024
SUR,NOX,2,diario,0.231982198324014,31192,2024
SUR,NOX,2,hora_sin,2.52594371317839,31192,2024
SUR,NOX,2,hora_cos,0.816418652575287,31192,2024
SUR,NOX,2,mes_sin,-0.607793591969266,31192,2024
SUR,NOX,2,mes_cos,2.2458240548881,31192,2024
SUR,NOX,3,intercepto,5.67397029277495,31010,2024
SUR,NOX,3,ultimo,0.587027153802352,31010,2024
SUR,NOX,3,previo,-0.147475499312738,31010,2024
SUR,NOX,3,diario,0.32313396352934,31010,2024
SUR,NOX,3,hora_sin,3.36270561065309,31010,2024
SUR,NOX,3,hora_cos,0.639342032493999,31010,2024
SUR,NOX,3,mes_sin,-0.813524476898415,31010,2024
SUR,NOX,3,mes_cos,3.03555165182382,31010,2024
SUR,PM10,1,intercepto,5.62618808475197,41333,2024
SUR,PM10,1,ultimo,0.854294362603715,41333,2024
SUR,PM10,1,previo,-0.016859440427621,41333,2024
SUR,PM10,1,diario,0.0464732843894985,41333,2024
SUR,PM10,1,hora_sin,1.35497152882294,41333,2024
SUR,PM10,1,hora_cos,-2.31004761805257,41333,2024
SUR,PM10,1,mes_sin,0.627008836147663,41333,2024
SUR,PM10,1,mes_cos,0.81145720934634,41333,2024
SUR,PM10,2,intercepto,10.3148180065626,41264,2024
SUR,PM10,2,ultimo,0.586986396018302,41264,2024
SUR,PM10,2,previo,0.100709851174117,41264,2024
SUR,PM10,2,diario,0.0975507875464202,41264,2024
SUR,PM10,2,hora_sin,1.97729911563098,41264,2024
SUR,PM10,2,hora_cos,-4.68382303916438,41264,2024
SUR,PM10,2,mes_sin,1.10914490897208,41264,2024
SUR,PM10,2,mes_cos,1.46739314494946,41264,2024
SUR,PM10,3,intercepto,13.5112950584803,41224,2024
SUR,PM10,3,ultimo,0.47972020329073,41224,2024
SUR,PM10,3,previo,0.105266441074245,41224,2024
SUR,PM10,3,diario,0.134042274598457,41224,2024
SUR,PM10,3,hora_sin,1.93862084942546,41224,2024
SUR,PM10,3,hora_cos,-6.406045272773,41224,2024
SUR,PM10,3,mes_sin,1.4595112058275,41224,2024
SUR,PM10,3,mes_cos,1.91670393056353,41224,2024
SUR,PM2.5,1,intercepto,3.79279861223475,22940,2024
SUR,PM2.5,1,ultimo,0.494534298234299,22940,2024
SUR,PM2.5,1,previo,0.167831430047048,22940,2024
SUR,PM2.5,1,diario,0.10445310807332,22940,2024
SUR,PM2.5,1,hora_sin,-0.0635242444860031,22940,2024
SUR,PM2.5,1,hora_cos,-1.63546598294174,22940,2024
SUR,PM2.5,1,mes_sin,0.580780550226837,22940,2024
SUR,PM2.5,1,mes_cos,0.405154945915413,22940,2024
SUR,PM2.5,2,intercepto,5.08947712382078,22721,2024
SUR,PM2.5,2,ultimo,0.353565751869757,22721,2024
SUR,PM2.5,2,previo,0.190698505858511,22721,2024
SUR,PM2.5,2,diario,0.146119933304927,22721,2024
SUR,PM2.5,2,hora_sin,-0.133900170391936,22721,2024
SUR,PM2.5,2,hora_cos,-2.37388378702747,22721,2024
SUR,PM2.5,2,mes_sin,0.778292337206536,22721,2024
SUR,PM2.5,2,mes_cos,0.564473741511363,22721,2024
SUR,PM2.5,3,intercepto,6.02390365892564,22595,2024
SUR,PM2.5,3,ultimo,0.308956730200447,22595,2024
SUR,PM2.5,3,previo,0.156470146349653,22595,2024
SUR,PM2.5,3,diario,0.169457942738089,22595,2024
SUR,PM2.5,3,hora_sin,-0.341137498639254,22595,2024
SUR,PM2.5,3,hora_cos,-2.96880600484265,22595,2024
SUR,PM2.5,3,mes_sin,0.896688338373783,22595,2024
SUR,PM2.5,3,mes_cos,0.633425396595681,22595,2024
SUR,PRS,1,intercepto,6.78805472526721,41785,2024
SUR,PRS,1,ultimo,1.34733504491695,41785,2024
SUR,PRS,1,previo,-0.350607320081011,41785,2024
SUR,PRS,1,diario,-0.00628259054215734,41785,2024
SUR,PRS,1,hora_sin,0.0440959174522425,41785,2024
SUR,PRS,1,hora_cos,0.116853468597839,41785,2024
SUR,PRS,1,mes_sin,-0.0181537086688922,41785,2024
SUR,PRS,1,mes_cos,0.017588183342242,41785,2024
SUR,PRS,2,intercepto,14.3558530084457,41754,2024
SUR,PRS,2,ultimo,1.61541653260318,41754,2024
SUR,PRS,2,previo,-0.636373103982985,41754,2024
SUR,PRS,2,diario,0.000749948162716564,41754,2024
SUR,PRS,2,hora_sin,0.113488719885004,41754,2024
SUR,PRS,2,hora_cos,0.233315597793394,41754,2024
SUR,PRS,2,mes_sin,-0.038308394873183,41754,2024
SUR,PRS,2,mes_cos,0.0366736086809416,41754,2024
SUR,PRS,3,intercepto,21.9854369108078,41734,2024
SUR,PRS,3,ultimo,1.67413841668594,41734,2024
SUR,PRS,3,previo,-0.724162858814672,41734,2024
SUR,PRS,3,diario,0.0190774658279952,41734,2024
SUR,PRS,3,hora_sin,0.23208305945864,41734,2024
SUR,PRS,3,hora_cos,0.343389923237961,41734,2024
SUR,PRS,3,mes_sin,-0.059552460551305,41734,2024
SUR,PRS,3,mes_cos,0.0576378913976762,41734,2024
SUR,RAINF,1,intercepto,0.000285010738383328,42775,2024
SUR,RAINF,1,ultimo,0.513547980413081,42775,2024
SUR,RAINF,1,previo,0.149548197925084,42775,2024
SUR,RAINF,1,diario,0.0676871969594884,42775,2024
SUR,RAINF,1,hora_sin,-0.000139445980099135,42775,2024
SUR,RAINF,1,hora_cos,2.4614896715913e-05,42775,2024
SUR,RAINF,1,mes_sin,-4.05742430035364e-06,42775,2024
SUR,RAINF,1,mes_cos,-0.000375522387487768,42775,2024
SUR,RAINF,2,intercepto,0.000381857098941293,42747,2024
SUR,RAINF,2,ultimo,0.312909333415726,42747,2024
SUR,RAINF,2,previo,0.247585520371484,42747,2024
SUR,RAINF,2,diario,0.0703442952941282,42747,2024
SUR,RAINF,2,hora_sin,-0.000235756608849283,42747,2024
SUR,RAINF,2,hora_cos,2.60644188995342e-05,42747,2024
SUR,RAINF,2,mes_sin,1.35148644393808e-05,42747,2024
SUR,RAINF,2,mes_cos,-0.000508571834877893,42747,2024
SUR,RAINF,3,intercepto,0.00046186255734376,42729,2024
SUR,RAINF,3,ultimo,0.3488151220289,42729,2024
SUR,RAINF,3,previo,0.148986282533133,42729,2024
SUR,RAINF,3,diario,0.0638652740802881,42729,2024
SUR,RAINF,3,hora_sin,-0.000266899797400288,42729,2024
SUR,RAINF,3,hora_cos,6.09445607618483e-05,42729,2024
SUR,RAINF,3,mes_sin,-2.72337206243023e-06,42729,2024
SUR,RAINF,3,mes_cos,-0.000612403019115598,42729,2024
SUR,RH,1,intercepto,1.69224390483497,41839,2024
SUR,RH,1,ultimo,1.32534425846426,41839,2024
SUR,RH,1,previo,-0.38098269255143,41839,2024
SUR,RH,1,diario,0.0260961957676312,41839,2024
SUR,RH,1,hora_sin,-0.655378100865233,41839,2024
SUR,RH,1,hora_cos,2.25949752377198,41839,2024
SUR,RH,1,mes_sin,-0.090001773097167,41839,2024
SUR,RH,1,mes_cos,-0.0472068986464936,41839,2024
SUR,RH,2,intercepto,3.50765719227128,41795,2024
SUR,RH,2,ultimo,1.32403091105624,41795,2024
SUR,RH,2,previo,-0.462023411973309,41795,2024
SUR,RH,2,diario,0.0768280974253305,41795,2024
SUR,RH,2,hora_sin,-0.742267055805029,41795,2024
SUR,RH,2,hora_cos,5.29898727032064,41795,2024
SUR,RH,2,mes_sin,-0.186136416613336,41795,2024
SUR,RH,2,mes_cos,-0.0964053859874978,41795,2024
SUR,RH,3,intercepto,5.14215245560696,41766,2024
SUR,RH,3,ultimo,1.24210370773162,41766,2024
SUR,RH,3,previo,-0.465646355937159,41766,2024
SUR,RH,3,diario,0.133894212447292,41766,2024
SUR,RH,3,hora_sin,-0.0298591435519636,41766,2024
SUR,RH,3,hora_cos,7.98600666571898,41766,2024
SUR,RH,3,mes_sin,-0.270718190209411,41766,2024
SUR,RH,3,mes_cos,-0.133385960504219,41766,2024
SUR,SO2,1,intercepto,0.580379797762148,27338,2024
SUR,SO2,1,ultimo,0.782019747147809,27338,2024
SUR,SO2,1,previo,-0.0942882596823867,27338,2024
SUR,SO2,1,diario,0.122196929951973,27338,2024
SUR,SO2,1,hora_sin,0.0761295102530985,27338,2024
SUR,SO2,1,hora_cos,-0.150979692135598,27338,2024
SUR,SO2,1,mes_sin,0.00674189591101774,27338,2024
SUR,SO2,1,mes_cos,0.00967290812410349,27338,2024
SUR,SO2,2,intercepto,0.943507392955657,27075,2024
SUR,SO2,2,ultimo,0.454256050796787,27075,2024
SUR,SO2,2,previo,0.012214533610113,27075,2024
SUR,SO2,2,diario,0.223658339504166,27075,2024
SUR,SO2,2,hora_sin,0.1062080418825,27075,2024
SUR,SO2,2,hora_cos,-0.269048586428543,27075,2024
SUR,SO2,2,mes_sin,0.0115540351546033,27075,2024
SUR,SO2,2,mes_cos,0.0195749856995053,27075,2024
SUR,SO2,3,intercepto,1.11733654005064,26971,2024
SUR,SO2,3,ultimo,0.29632595778243,26971,2024
SUR,SO2,3,previo,0.0615757767026511,26971,2024
SUR,SO2,3,diario,0.273535149358903,26971,2024
SUR,SO2,3,hora_sin,0.103016651689268,26971,2024
SUR,SO2,3,hora_cos,-0.337250235101733,26971,2024
SUR,SO2,3,mes_sin,0.00933015022850015,26971,2024
SUR,SO2,3,mes_cos,0.0263175992769724,26971,2024
SUR,SR,1,intercepto,0.0224056201259143,43394,2024
SUR,SR,1,ultimo,1.01378009055525,43394,2024
SUR,SR,1,previo,-0.3794237629841,43394,2024
SUR,SR,1,diario,0.227048160915668,43394,2024
SUR,SR,1,hora_sin,0.00930617099258468,43394,2024
SUR,SR,1,hora_cos,-0.0357219127742404,43394,2024
SUR,SR,1,mes_sin,0.00236665489980918,43394,2024
SUR,SR,1,mes_cos,-0.0071678293440467,43394,2024
SUR,SR,2,intercepto,0.0395150988981822,43385,2024
SUR,SR,2,ultimo,0.747769994306428,43385,2024
SUR,SR,2,previo,-0.448080338674191,43385,2024
SUR,SR,2,diario,0.455617100892505,43385,2024
SUR,SR,2,hora_sin,-0.00114163129400192,43385,2024
SUR,SR,2,hora_cos,-0.057347657529211,43385,2024
SUR,SR,2,mes_sin,0.00417490253641034,43385,2024
SUR,SR,2,mes_cos,-0.0126497092491837,43385,2024
SUR,SR,3,intercepto,0.0517576572475233,43377,2024
SUR,SR,3,ultimo,0.491214683141465,43377,2024
SUR,SR,3,previo,-0.397958921618057,43377,2024
SUR,SR,3,diario,0.586081198407717,43377,2024
SUR,SR,3,hora_sin,-0.0183404062556906,43377,2024
SUR,SR,3,hora_cos,-0.0664132326586675,43377,2024
SUR,SR,3,mes_sin,0.00547035928926349,43377,2024
SUR,SR,3,mes_cos,-0.0165073642430156,43377,2024
SUR,TOUT,1,intercepto,0.567186399906295,41877,2024
SUR,TOUT,1,ultimo,1.37776887992061,41877,2024
SUR,TOUT,1,previo,-0.427743891635673,41877,2024
SUR,TOUT,1,diario,0.0251951890492213,41877,2024
SUR,TOUT,1,hora_sin,0.242360420769375,41877,2024
SUR,TOUT,1,hora_cos,-0.610414841378796,41877,2024
SUR,TOUT,1,mes_sin,0.0232435323650943,41877,2024
SUR,TOUT,1,mes_cos,-0.159479872578449,41877,2024
SUR,TOUT,2,intercepto,1.17610535143264,41849,2024
SUR,TOUT,2,ultimo,1.42716552941454,41849,2024
SUR,TOUT,2,previo,-0.561563815156685,41849,2024
SUR,TOUT,2,diario,0.0828784419468057,41849,2024
SUR,TOUT,2,hora_sin,0.349014555086406,41849,2024
SUR,TOUT,2,hora_cos,-1.45255117394101,41849,2024
SUR,TOUT,2,mes_sin,0.0521005150697348,41849,2024
SUR,TOUT,2,mes_cos,-0.330039194540289,41849,2024
SUR,TOUT,3,intercepto,1.71869369393336,41830,2024
SUR,TOUT,3,ultimo,1.350161007382,41830,2024
SUR,TOUT,3,previo,-0.576996857979099,41830,2024
SUR,TOUT,3,diario,0.151599279923251,41830,2024
SUR,TOUT,3,hora_sin,0.220383596882137,41830,2024
SUR,TOUT,3,hora_cos,-2.23556827386264,41830,2024
SUR,TOUT,3,mes_sin,0.0766688132904338,41830,2024
SUR,TOUT,3,mes_cos,-0.484035126106832,41830,2024
SUR,WSR,1,intercepto,0.553110368184308,42003,2024
SUR,WSR,1,ultimo,0.820526138164318,42003,2024
SUR,WSR,1,previo,-0.0666902230220935,42003,2024
SUR,WSR,1,diario,0.156693687461427,42003,2024
SUR,WSR,1,hora_sin,-0.214509294435061,42003,2024
SUR,WSR,1,hora_cos,-0.430561551303883,42003,2024
SUR,WSR,1,mes_sin,0.0744369625951821,42003,2024
SUR,WSR,1,mes_cos,-0.157997211080712,42003,2024
SUR,WSR,2,intercepto,0.913905825404258,41926,2024
SUR,WSR,2,ultimo,0.557949601680135,41926,2024
SUR,WSR,2,previo,0.00364564529523678,41926,2024
SUR,WSR,2,diario,0.290654041230946,41926,2024
SUR,WSR,2,hora_sin,-0.456952873774298,41926,2024
SUR,WSR,2,hora_cos,-0.687026813734955,41926,2024
SUR,WSR,2,mes_sin,0.126282668673479,41926,2024
SUR,WSR,2,mes_cos,-0.260235167460034,41926,2024
SUR,WSR,3,intercepto,1.14617773177304,41887,2024
SUR,WSR,3,ultimo,0.410720596553766,41887,2024
SUR,WSR,3,previo,0.0334249750913974,41887,2024
SUR,WSR,3,diario,0.37046369940458,41887,2024
SUR,WSR,3,hora_sin,-0.674617745162438,41887,2024
SUR,WSR,3,hora_cos,-0.794823938197744,41887,2024
SUR,WSR,3,mes_sin,0.15644845896054,41887,2024
SUR,WSR,3,mes_cos,-0.324964072231678,41887,2024
