periodo,estacion,variable,longitud,metodo,n,MAE,RMSE
2025,CE,CO,1,persistencia,60,0.0873333333333333,0.166893179409266
2025,CE,CO,2,persistencia,120,0.0770833333333333,0.117498226936977
2025,CE,CO,3,persistencia,180,0.116222222222222,0.200546475633178
2026,CE,CO,1,persistencia,60,0.0778333333333334,0.141603907667362
2026,CE,CO,2,persistencia,120,0.120416666666667,0.205736481937453
2026,CE,CO,3,persistencia,180,0.0992222222222222,0.172906525807058
2025,CE,NO,1,persistencia,60,3.005,5.32072989980385
2025,CE,NO,2,persistencia,120,4.38583333333333,8.65358788788404
2025,CE,NO,3,persistencia,180,4.59222222222222,7.68777528865724
2026,CE,NO,1,persistencia,60,2.44166666666667,4.45651208906696
2026,CE,NO,2,persistencia,120,2.55666666666667,5.01519358217274
2026,CE,NO,3,persistencia,180,3.29722222222222,7.10721464428928
2025,CE,NO2,1,persistencia,60,2.89166666666667,4.02792336901618
2025,CE,NO2,2,persistencia,120,3.92416666666667,5.40165869586988
2025,CE,NO2,3,persistencia,180,4.97111111111111,7.30121755447527
2026,CE,NO2,1,persistencia,60,3.07666666666667,4.53008462025453
2026,CE,NO2,2,persistencia,120,3.0775,4.42847791759953
2026,CE,NO2,3,persistencia,180,3.71111111111111,5.93823767347406
2025,CE,NOX,1,persistencia,60,4.68666666666667,6.85776931662184
2025,CE,NOX,2,persistencia,120,7.3475,12.08850349161
2025,CE,NOX,3,persistencia,180,5.65944444444444,8.80568313962952
2026,CE,NOX,1,persistencia,60,3.52333333333333,5.50660209808796
2026,CE,NOX,2,persistencia,120,5.82083333333333,8.92318609018102
2026,CE,NOX,3,persistencia,180,7.98611111111111,14.3403606804168
2025,CE,PM10,1,persistencia,60,6.32483333333333,9.67827472572807
2025,CE,PM10,2,persistencia,120,7.19691666666667,11.9215136413125
2025,CE,PM10,3,persistencia,180,9.82662777777778,16.3811198862525
2026,CE,PM10,1,persistencia,60,5.9885,8.58986544326122
2026,CE,PM10,2,persistencia,120,5.25183333333333,7.32437915457686
2026,CE,PM10,3,persistencia,180,8.59787222222222,17.344836854074
2025,CE,PM2.5,1,persistencia,60,2.4145,4.621617141218
2025,CE,PM2.5,2,persistencia,120,2.55216666666667,3.81625732884983
2025,CE,PM2.5,3,persistencia,180,5.45977777777778,8.89755016220133
2026,CE,PM2.5,1,persistencia,60,1.77933333333333,2.60430796949977
2026,CE,PM2.5,2,persistencia,120,2.19966666666667,3.36322712088653
2026,CE,PM2.5,3,persistencia,180,2.40671666666667,3.36736007628132
2025,CE,PRS,1,persistencia,60,0.293333333333339,0.378153408023787
2025,CE,PRS,2,persistencia,120,0.377500000000011,0.482959625641739
2025,CE,PRS,3,persistencia,180,0.581111111111113,0.807052249444442
2026,CE,PRS,1,persistencia,60,0.296666666666656,0.367876790968559
2026,CE,PRS,2,persistencia,120,0.371666666666666,0.482182538049645
2026,CE,PRS,3,persistencia,180,0.582222222222219,0.75777451938041
2025,CE,RAINF,1,persistencia,60,0,0
2025,CE,RAINF,2,persistencia,120,0,0
2025,CE,RAINF,3,persistencia,180,0,0
2026,CE,RAINF,1,persistencia,60,0,0
2026,CE,RAINF,2,persistencia,120,0,0
2026,CE,RAINF,3,persistencia,180,0,0
2025,CE,RH,1,persistencia,60,3.13333333333333,4.16733328000853
2025,CE,RH,2,persistencia,120,4.55,6.08413236761551
2025,CE,RH,3,persistencia,180,6.22222222222222,8.59651092013498
2026,CE,RH,1,persistencia,60,3.75,5.45741086352616
2026,CE,RH,2,persistencia,120,3.85833333333333,5.26228720868281
2026,CE,RH,3,persistencia,180,5.84444444444444,8.046393256885
2025,CE,SO2,1,persistencia,60,0.551666666666667,1.04267284738151
2025,CE,SO2,2,persistencia,120,0.6025,1.52351020125673
2025,CE,SO2,3,persistencia,180,0.952222222222222,1.92993955000323
2026,CE,SO2,1,persistencia,60,0.36,0.764198926981712
2026,CE,SO2,2,persistencia,120,0.618333333333333,1.61972219840317
2026,CE,SO2,3,persistencia,180,0.728333333333333,1.51296250963319
2025,CE,SR,1,persistencia,60,0.0421833333333333,0.0850414604766405
2025,CE,SR,2,persistencia,120,0.079325,0.130604396301707
2025,CE,SR,3,persistencia,180,0.0974277777777778,0.175561527676197
2026,CE,SR,1,persistencia,60,0.0570666666666667,0.0964568988374255
2026,CE,SR,2,persistencia,120,0.073625,0.126997342491881
2026,CE,SR,3,persistencia,180,0.114355555555556,0.185777764486975
2025,CE,TOUT,1,persistencia,60,0.829333333333334,1.03781340647858
2025,CE,TOUT,2,persistencia,120,1.28833333333333,1.6711667580865
2025,CE,TOUT,3,persistencia,180,1.85183333333333,2.3924268246095
2026,CE,TOUT,1,persistencia,60,0.792666666666667,0.959543294142236
2026,CE,TOUT,2,persistencia,120,1.23416666666667,1.49695802657701
2026,CE,TOUT,3,persistencia,180,1.54561111111111,2.04538898772608
2025,CE,WSR,1,persistencia,60,1.12166666666667,1.51871656341794
2025,CE,WSR,2,persistencia,120,1.7,2.27709610395931
2025,CE,WSR,3,persistencia,180,2.22,2.93668369272401
2026,CE,WSR,1,persistencia,60,1.195,1.54483008774428
2026,CE,WSR,2,persistencia,120,2.24333333333333,2.99749895746437
2026,CE,WSR,3,persistencia,180,2.45572222222222,3.26644973769518
2025,NE,CO,1,persistencia,60,0.0906666666666667,0.210499406174934
2025,NE,CO,2,persistencia,120,0.176583333333333,0.338485597921093
2025,NE,CO,3,persistencia,180,0.172666666666667,0.313214516479255
2026,NE,CO,1,persistencia,60,0.077,0.151591556493098
2026,NE,CO,2,persistencia,120,0.0998333333333334,0.177946621209845
2026,NE,CO,3,persistencia,180,0.1035,0.206974233501017
2025,NE,NO,1,persistencia,60,1.12833333333333,2.01167426123946
2025,NE,NO,2,persistencia,120,4.24583333333333,10.4116641321164
2025,NE,NO,3,persistencia,180,4.01222222222222,10.5305376036659
2026,NE,NO,1,persistencia,60,2.76166666666667,6.91379056668627
2026,NE,NO,2,persistencia,120,1.59833333333333,6.93780705026211
2026,NE,NO,3,persistencia,180,7.43166666666667,16.5696928825559
2025,NE,NO2,1,persistencia,60,2.995,4.65336795593615
2025,NE,NO2,2,persistencia,120,3.25,4.6
2025,NE,NO2,3,persistencia,180,3.96277777777778,5.43638462378976
2026,NE,NO2,1,persistencia,60,2.10333333333333,3.13522992245651
2026,NE,NO2,2,persistencia,120,3.29416666666667,5.10998206128619
2026,NE,NO2,3,persistencia,180,3.19166666666667,4.73998945146506
2025,NE,NOX,1,persistencia,60,4.555,8.58955761375404
2025,NE,NOX,2,persistencia,120,8.2025,15.617882378863
2025,NE,NOX,3,persistencia,180,8.23833333333333,14.6426640715107
2026,NE,NOX,1,persistencia,60,3.25166666666667,7.66071145521093
2026,NE,NOX,2,persistencia,120,4.43916666666667,7.27710450660151
2026,NE,NOX,3,persistencia,180,7.30333333333333,13.1547752208508
2025,NE,PM10,1,persistencia,60,9.84033333333333,16.4205353140511
2025,NE,PM10,2,persistencia,120,10.7644666666667,15.8156931706033
2025,NE,PM10,3,persistencia,180,14.6065722222222,23.6527001544104
2026,NE,PM10,1,persistencia,60,7.68598333333333,10.6969849467034
2026,NE,PM10,2,persistencia,120,10.3439333333333,17.9024224464177
2026,NE,PM10,3,persistencia,180,9.33496666666667,14.4264486578568
2025,NE,PM2.5,1,persistencia,60,2.014,3.12249579663448
2025,NE,PM2.5,2,persistencia,120,3.67521666666667,5.78303325686443
2025,NE,PM2.5,3,persistencia,180,4.06338888888889,5.95291949849446
2026,NE,PM2.5,1,persistencia,60,2.02855,3.23373042321094
2026,NE,PM2.5,2,persistencia,120,3.725975,5.72026325661678
2026,NE,PM2.5,3,persistencia,180,3.42630555555556,5.64777894348251
2025,NE,PRS,1,persistencia,60,0.329999999999999,0.435507366948785
2025,NE,PRS,2,persistencia,120,0.56083333333334,0.704331834672648
2025,NE,PRS,3,persistencia,180,0.666111111111115,0.923309265630974
2026,NE,PRS,1,persistencia,60,0.338333333333338,0.416933248054573
2026,NE,PRS,2,persistencia,120,0.562500000000009,0.688537096555698
2026,NE,PRS,3,persistencia,180,0.644444444444444,0.850490054811539
2025,NE,RAINF,1,persistencia,60,0.000833333333333333,0.00465474668125631
2025,NE,RAINF,2,persistencia,120,0.000416666666666667,0.00241522945769824
2025,NE,RAINF,3,persistencia,180,0.00344444444444444,0.0247879899234376
2026,NE,RAINF,1,persistencia,60,0.00866666666666667,0.0354024481262713
2026,NE,RAINF,2,persistencia,120,0.00025,0.00204124145231932
2026,NE,RAINF,3,persistencia,180,0.000555555555555556,0.00408248290463863
2025,NE,RH,1,persistencia,60,2.91666666666667,4.48516071804196
2025,NE,RH,2,persistencia,120,4.30833333333333,6.33706030690362
2025,NE,RH,3,persistencia,180,6.27222222222222,9.0661151793061
2026,NE,RH,1,persistencia,60,3.08333333333333,4.34165866921848
2026,NE,RH,2,persistencia,120,4.63333333333333,6.35609943282828
2026,NE,RH,3,persistencia,180,7.32777777777778,10.0518102294507
2025,NE,SO2,1,persistencia,60,0.566666666666667,1.17770964163498
2025,NE,SO2,2,persistencia,120,1.1975,2.57353518206636
2025,NE,SO2,3,persistencia,180,0.971111111111111,5.46611785863097
2026,NE,SO2,1,persistencia,60,0.186666666666667,0.466547603859099
2026,NE,SO2,2,persistencia,120,0.311666666666667,0.712273355765421
2026,NE,SO2,3,persistencia,180,0.189444444444444,0.380569748316039
2025,NE,SR,1,persistencia,60,0.0276,0.0571025393480885
2025,NE,SR,2,persistencia,120,0.0503416666666667,0.100381397679052
2025,NE,SR,3,persistencia,180,0.0917666666666667,0.165488737448269
2026,NE,SR,1,persistencia,60,0.0205666666666667,0.0643713186649665
2026,NE,SR,2,persistencia,120,0.0248,0.0706295500009262
2026,NE,SR,3,persistencia,180,0.0456722222222222,0.136052502120811
2025,NE,TOUT,1,persistencia,60,1.55716666666667,3.82316731694198
2025,NE,TOUT,2,persistencia,120,1.52525,1.89648073195239
2025,NE,TOUT,3,persistencia,180,2.01011111111111,2.5056536073448
2026,NE,TOUT,1,persistencia,60,0.9145,1.18978219295242
2026,NE,TOUT,2,persistencia,120,1.32216666666667,1.77204213644409
2026,NE,TOUT,3,persistencia,180,1.59655555555556,2.13384837532775
2025,NE,WSR,1,persistencia,60,1.85833333333333,2.46086028318012
2025,NE,WSR,2,persistencia,120,1.51416666666667,1.99964580196927
2025,NE,WSR,3,persistencia,180,2.41833333333333,3.2702786153816
2026,NE,WSR,1,persistencia,60,1.63166666666667,2.27489926516905
2026,NE,WSR,2,persistencia,120,2.24166666666667,3.08736673126685
2026,NE,WSR,3,persistencia,180,2.63944444444444,3.39241801669547
2025,NE2,CO,1,persistencia,60,0.0993333333333333,0.141821484033038
2025,NE2,CO,2,persistencia,120,0.1225,0.192721733768319
2025,NE2,CO,3,persistencia,180,0.136444444444444,0.19151443229631
2026,NE2,CO,1,persistencia,60,0.139733333333333,0.220778018229473
2026,NE2,CO,2,persistencia,120,0.15825,0.231136683948409
2026,NE2,CO,3,persistencia,180,0.156277777777778,0.241413660664751
2025,NE2,NO,1,persistencia,60,8.315,14.9549044352235
2025,NE2,NO,2,persistencia,120,7.59,15.6109096467823
2025,NE2,NO,3,persistencia,180,11.6255555555556,30.9890446591838
2026,NE2,NO,1,persistencia,60,4.995,9.12334916573952
2026,NE2,NO,2,persistencia,120,5.76585833333333,11.42151801827
2026,NE2,NO,3,persistencia,180,8.22722222222222,16.6133664392394
2025,NE2,NO2,1,persistencia,60,2.44166666666667,3.62516666283543
2025,NE2,NO2,2,persistencia,120,3.62833333333333,5.13181254529041
2025,NE2,NO2,3,persistencia,180,4.41944444444444,6.65540298471016
2026,NE2,NO2,1,persistencia,60,1.94333333333333,2.65882179420384
2026,NE2,NO2,2,persistencia,120,2.7475,3.72825920057427
2026,NE2,NO2,3,persistencia,180,2.92111111111111,4.00295724017465
2025,NE2,NOX,1,persistencia,60,6.78333333333333,10.0724210926007
2025,NE2,NOX,2,persistencia,120,14.1691666666667,24.8217428208953
2025,NE2,NOX,3,persistencia,180,11.1883333333333,17.6148753425431
2026,NE2,NOX,1,persistencia,60,4.87611666666667,6.33709014322294
2026,NE2,NOX,2,persistencia,120,9.80405,16.2488465093167
2026,NE2,NOX,3,persistencia,180,12.6461111111111,27.2402816513421
2025,NE2,PM10,1,persistencia,60,8.38275,11.2487193530345
2025,NE2,PM10,2,persistencia,120,10.825,14.8422257989382
2025,NE2,PM10,3,persistencia,180,12.2361111111111,18.2101543711804
2026,NE2,PM10,1,persistencia,60,9.14166666666667,13.4444846188564
2026,NE2,PM10,2,persistencia,120,9.3375,12.1775921265248
2026,NE2,PM10,3,persistencia,180,10.8055555555556,18.1349110833221
2025,NE2,PM2.5,1,persistencia,60,4.73091666666667,6.67997682755462
2025,NE2,PM2.5,2,persistencia,120,6.71283333333333,9.06373444466095
2025,NE2,PM2.5,3,persistencia,180,7.69841666666667,10.2819492518037
2026,NE2,PM2.5,1,persistencia,60,4.05396666666667,6.36345434754846
2026,NE2,PM2.5,2,persistencia,120,4.878125,6.67980674308771
2026,NE2,PM2.5,3,persistencia,180,4.72236111111111,6.2153888432038
2025,NE2,PRS,1,persistencia,60,0.346666666666672,0.461519230368575
2025,NE2,PRS,2,persistencia,120,0.786666666666669,0.983869910099914
2025,NE2,PRS,3,persistencia,180,0.885555555555557,1.11828241314775
2026,NE2,PRS,1,persistencia,60,0.506666666666672,0.635872104540948
2026,NE2,PRS,2,persistencia,120,0.657500000000007,0.845527448795533
2026,NE2,PRS,3,persistencia,180,0.938888888888892,1.21445003556708
2025,NE2,RAINF,1,persistencia,60,0,0
2025,NE2,RAINF,2,persistencia,120,0,0
2025,NE2,RAINF,3,persistencia,180,0,0
2026,NE2,RAINF,1,persistencia,60,0,0
2026,NE2,RAINF,2,persistencia,120,0,0
2026,NE2,RAINF,3,persistencia,180,0,0
2025,NE2,RH,1,persistencia,60,3.26666666666667,4.16733328000853
2025,NE2,RH,2,persistencia,120,4.36666666666667,6.21959269834716
2025,NE2,RH,3,persistencia,180,7.31111111111111,10.5488282656311
2026,NE2,RH,1,persistencia,60,3.48333333333333,5.18491401407326
2026,NE2,RH,2,persistencia,120,4.63333333333333,6.44592894779333
2026,NE2,RH,3,persistencia,180,6.20555555555556,8.60716755578357
2025,NE2,SO2,1,persistencia,60,1.36166666666667,4.70650259392967
2025,NE2,SO2,2,persistencia,120,1.3875,3.82233567338087
2025,NE2,SO2,3,persistencia,180,1.95444444444444,7.39969969360619
2026,NE2,SO2,1,persistencia,60,1.14333333333333,2.53863480372161
2026,NE2,SO2,2,persistencia,120,1.96916666666667,5.00570507854122
2026,NE2,SO2,3,persistencia,180,1.22055555555556,2.43647058034545
2025,NE2,SR,1,persistencia,60,0.03915,0.0759608451769726
2025,NE2,SR,2,persistencia,120,0.0686833333333333,0.119212834879471
2025,NE2,SR,3,persistencia,180,0.0961944444444444,0.156176627217036
2026,NE2,SR,1,persistencia,60,0.0434166666666667,0.0820244882133785
2026,NE2,SR,2,persistencia,120,0.07745,0.13353501413487
2026,NE2,SR,3,persistencia,180,0.0841888888888889,0.151068564271695
2025,NE2,TOUT,1,persistencia,60,0.933,1.22329473145273
2025,NE2,TOUT,2,persistencia,120,1.48608333333333,2.06465513665923
2025,NE2,TOUT,3,persistencia,180,1.69794444444444,2.32795916821771
2026,NE2,TOUT,1,persistencia,60,0.962833333333333,1.22585684319173
2026,NE2,TOUT,2,persistencia,120,1.239,1.58073769698412
2026,NE2,TOUT,3,persistencia,180,1.47461111111111,1.97166103126836
2025,NE2,WSR,1,persistencia,60,1.86333333333333,2.49993333244442
2025,NE2,WSR,2,persistencia,120,2.35083333333333,3.11297017867716
2025,NE2,WSR,3,persistencia,180,2.33833333333333,3.32775366342589
2026,NE2,WSR,1,persistencia,60,1.85416666666667,2.43927072434912
2026,NE2,WSR,2,persistencia,120,2.49833333333333,3.08031383682464
2026,NE2,WSR,3,persistencia,180,2.76,3.67341802685183
2025,NE3,CO,1,persistencia,60,0.0234,0.0398430253202071
2025,NE3,CO,2,persistencia,120,0.0323583333333333,0.0537645329190164
2025,NE3,CO,3,persistencia,180,0.0444333333333333,0.0665072260067364
2026,NE3,CO,1,persistencia,60,0.0332833333333333,0.0532320392245121
2026,NE3,CO,2,persistencia,120,0.031025,0.0575239805066838
2026,NE3,CO,3,persistencia,180,0.0355222222222222,0.0637434964002865
2025,NE3,NO,1,persistencia,60,1.79,4.37260410586948
2025,NE3,NO,2,persistencia,120,2.70333333333333,6.18802607191233
2025,NE3,NO,3,persistencia,180,5.005,10.0299080531955
2026,NE3,NO,1,persistencia,60,1.05835,3.46192967144048
2026,NE3,NO,2,persistencia,120,3.75363333333333,9.5692633929333
2026,NE3,NO,3,persistencia,180,5.00364444444444,12.9190255299866
2025,NE3,NO2,1,persistencia,60,2.185,4.14328774445287
2025,NE3,NO2,2,persistencia,120,2.99666666666667,4.20245959726761
2025,NE3,NO2,3,persistencia,180,3.44722222222222,5.22931374295158
2026,NE3,NO2,1,persistencia,60,1.54496666666667,2.74395429991099
2026,NE3,NO2,2,persistencia,120,2.157925,3.57456790046014
2026,NE3,NO2,3,persistencia,180,3.10362777777778,4.84449056087887
2025,NE3,NOX,1,persistencia,60,3.255,5.14634174276576
2025,NE3,NOX,2,persistencia,120,5.12416666666667,8.27518881959801
2025,NE3,NOX,3,persistencia,180,6.50722222222222,12.8382999047555
2026,NE3,NOX,1,persistencia,60,3.15723333333333,7.09105660203988
2026,NE3,NOX,2,persistencia,120,4.80358333333333,9.23149630883315
2026,NE3,NOX,3,persistencia,180,3.82995555555556,8.01201483259846
2025,NE3,PM10,1,persistencia,60,11.15,21.0732848254213
2025,NE3,PM10,2,persistencia,120,9.05833333333333,12.236897755014
2025,NE3,PM10,3,persistencia,180,10.8055555555556,16.2195012938815
2026,NE3,PM10,1,persistencia,60,8.46113333333333,12.7807104379999
2026,NE3,PM10,2,persistencia,120,9.56435,14.9050142955316
2026,NE3,PM10,3,persistencia,180,11.8648166666667,20.4785753756619
2025,NE3,PRS,1,persistencia,60,0.383333333333333,0.61913918736689
2025,NE3,PRS,2,persistencia,120,0.5,0.752772652709081
2025,NE3,PRS,3,persistencia,180,0.694444444444445,1.00829889748361
2026,NE3,PRS,1,persistencia,60,0.45,0.670820393249937
2026,NE3,PRS,2,persistencia,120,0.683333333333333,0.930949336251263
2026,NE3,PRS,3,persistencia,180,0.811111111111111,1.14987922071069
2025,NE3,RAINF,1,persistencia,60,0.266666666666667,1.98963983340369
2025,NE3,RAINF,2,persistencia,120,0.0433333333333333,0.318328970301689
2025,NE3,RAINF,3,persistencia,180,0.0433333333333333,0.312338847336599
2026,NE3,RAINF,1,persistencia,60,0.0366666666666667,0.187971629064956
2026,NE3,RAINF,2,persistencia,120,0.05,0.4611579628139
2026,NE3,RAINF,3,persistencia,180,0.243333333333333,2.62860334694217
2025,NE3,RH,1,persistencia,60,4.9,7.88881064123949
2025,NE3,RH,2,persistencia,120,4.85,7.14026143312227
2025,NE3,RH,3,persistencia,180,7.22777777777778,10.0540207545704
2026,NE3,RH,1,persistencia,60,3.71666666666667,4.4328320518603
2026,NE3,RH,2,persistencia,120,6.08333333333333,9.20416572355511
2026,NE3,RH,3,persistencia,180,6.95555555555556,10.2111050658911
2025,NE3,SO2,1,persistencia,60,0.961666666666667,2.10241924141373
2025,NE3,SO2,2,persistencia,120,0.956666666666667,2.36840311884048
2025,NE3,SO2,3,persistencia,180,1.04055555555556,2.22719305155366
2026,NE3,SO2,1,persistencia,60,0.63335,1.29826423222188
2026,NE3,SO2,2,persistencia,120,0.808625,1.77939570969098
2026,NE3,SO2,3,persistencia,180,0.988238888888889,2.356258782477
2025,NE3,SR,1,persistencia,60,0.06185,0.106117937534927
2025,NE3,SR,2,persistencia,120,0.0928583333333333,0.16259743232905
2025,NE3,SR,3,persistencia,180,0.135305555555556,0.222735929846185
2026,NE3,SR,1,persistencia,60,0.0575166666666667,0.103232827466202
2026,NE3,SR,2,persistencia,120,0.0859583333333333,0.166851056334684
2026,NE3,SR,3,persistencia,180,0.124438888888889,0.225957604184699
2025,NE3,TOUT,1,persistencia,60,0.88,1.05419795737486
2025,NE3,TOUT,2,persistencia,120,1.68416666666667,2.49567960016238
2025,NE3,TOUT,3,persistencia,180,2.225,3.03601529786806
2026,NE3,TOUT,1,persistencia,60,1.185,1.51641023473201
2026,NE3,TOUT,2,persistencia,120,1.4,1.92985318958032
2026,NE3,TOUT,3,persistencia,180,1.93888888888889,2.68764663682643
2025,NE3,WSR,1,persistencia,60,1.63833333333333,2.18590179712325
2025,NE3,WSR,2,persistencia,120,2.5925,3.67091042295141
2025,NE3,WSR,3,persistencia,180,2.98,3.98711814611896
2026,NE3,WSR,1,persistencia,60,1.76698333333333,2.33405576554346
2026,NE3,WSR,2,persistencia,120,2.15748333333333,2.97733425791149
2026,NE3,WSR,3,persistencia,180,3.01042222222222,4.75198384887828
2025,NO,CO,1,persistencia,60,0.181,0.339548720117354
2025,NO,CO,2,persistencia,120,0.143416666666667,0.24585056436787
2025,NO,CO,3,persistencia,180,0.179944444444444,0.307199717881815
2026,NO,CO,1,persistencia,60,0.11135,0.224567547373465
2026,NO,CO,2,persistencia,120,0.111758333333333,0.232172906113813
2026,NO,CO,3,persistencia,180,0.107827777777778,0.177833614495248
2025,NO,NO,1,persistencia,60,3.90666666666667,13.7281705506111
2025,NO,NO,2,persistencia,120,7.1475,15.7177261926357
2025,NO,NO,3,persistencia,180,4.12055555555556,9.22649867380784
2026,NO,NO,1,persistencia,60,2.19785,4.36093742789323
2026,NO,NO,2,persistencia,120,4.586675,16.9220702124474
2026,NO,NO,3,persistencia,180,4.61036666666667,15.216013299226
2025,NO,NO2,1,persistencia,60,1.49,2.1411834733779
2025,NO,NO2,2,persistencia,120,2.26666666666667,3.84588524703134
2025,NO,NO2,3,persistencia,180,3.98722222222222,6.52679519791724
2026,NO,NO2,1,persistencia,60,2.71778333333333,4.98393940071506
2026,NO,NO2,2,persistencia,120,3.196225,5.45234840152999
2026,NO,NO2,3,persistencia,180,3.65759444444444,6.06661429510362
2025,NO,NOX,1,persistencia,60,3.21666666666667,5.90358648055005
2025,NO,NOX,2,persistencia,120,7.77916666666667,16.4348587865346
2025,NO,NOX,3,persistencia,180,7.14888888888889,17.103488922829
2026,NO,NOX,1,persistencia,60,5.50835,8.89839854786617
2026,NO,NOX,2,persistencia,120,8.70141666666667,18.7315529717462
2026,NO,NOX,3,persistencia,180,8.85705,23.8873448374518
2025,NO,PM10,1,persistencia,60,7.12778333333333,11.9736605994157
2025,NO,PM10,2,persistencia,120,11.697225,17.1210029128456
2025,NO,PM10,3,persistencia,180,12.6055555555556,18.7212001039819
2026,NO,PM10,1,persistencia,60,7.21111666666667,10.711379205468
2026,NO,PM10,2,persistencia,120,7.92921666666667,11.1140102865707
2026,NO,PM10,3,persistencia,180,10.4237666666667,15.1960651701536
2025,NO,PM2.5,1,persistencia,60,3.41666666666667,4.25636777859558
2025,NO,PM2.5,2,persistencia,120,3.86666666666667,4.95311349893512
2025,NO,PM2.5,3,persistencia,180,4.07777777777778,5.3166405433005
2026,NO,PM2.5,1,persistencia,60,3.01695,4.81822375812221
2026,NO,PM2.5,2,persistencia,120,2.398125,3.16740308849379
2026,NO,PM2.5,3,persistencia,180,4.21581111111111,5.84995453163717
2025,NO,PRS,1,persistencia,60,0.378333333333336,0.496487663492259
2025,NO,PRS,2,persistencia,120,0.456666666666668,0.628225012767455
2025,NO,PRS,3,persistencia,180,0.629999999999999,0.811788149704096
2026,NO,PRS,1,persistencia,60,0.353916666666669,0.445610349221529
2026,NO,PRS,2,persistencia,120,0.504708333333342,0.701883626394015
2026,NO,PRS,3,persistencia,180,0.596288888888893,0.786060599869166
2025,NO,RAINF,1,persistencia,60,0.00666666666666667,0.0516397779494322
2025,NO,RAINF,2,persistencia,120,0,0
2025,NO,RAINF,3,persistencia,180,0.00666666666666667,0.0516397779494322
2026,NO,RAINF,1,persistencia,60,0.0203833333333333,0.154935846938876
2026,NO,RAINF,2,persistencia,120,0.001975,0.0152995097960686
2026,NO,RAINF,3,persistencia,180,0.1103,0.749933004415135
2025,NO,RH,1,persistencia,60,3.53333333333333,4.61880215351701
2025,NO,RH,2,persistencia,120,5.11666666666667,7.22726319801163
2025,NO,RH,3,persistencia,180,6.43333333333333,8.68523651568185
2026,NO,RH,1,persistencia,60,3.85,5.28922769724781
2026,NO,RH,2,persistencia,120,5.26110833333333,7.38917263580076
2026,NO,RH,3,persistencia,180,6.21207777777778,8.687937115462
2025,NO,SO2,1,persistencia,60,0.553333333333333,0.967643184925794
2025,NO,SO2,2,persistencia,120,1.31416666666667,2.59748275579775
2025,NO,SO2,3,persistencia,180,1.16388888888889,2.18503750285639
2026,NO,SO2,1,persistencia,60,0.650783333333333,1.23638430514141
2026,NO,SO2,2,persistencia,120,0.856366666666667,1.87421402637657
2026,NO,SO2,3,persistencia,180,0.854822222222222,2.22109005520563
2025,NO,SR,1,persistencia,60,0.0498,0.0796048574732305
2025,NO,SR,2,persistencia,120,0.0550833333333333,0.0999012011939796
2025,NO,SR,3,persistencia,180,0.0987777777777778,0.164056765243687
2026,NO,SR,1,persistencia,60,0.0407166666666667,0.0690834036992002
2026,NO,SR,2,persistencia,120,0.0480416666666667,0.0856217943438858
2026,NO,SR,3,persistencia,180,0.0802055555555556,0.132424422890107
2025,NO,TOUT,1,persistencia,60,0.995666666666667,1.61990946249063
2025,NO,TOUT,2,persistencia,120,1.39825,1.99898745201998
2025,NO,TOUT,3,persistencia,180,2.19622222222222,2.98927583203692
2026,NO,TOUT,1,persistencia,60,0.855566666666667,1.24649924455118
2026,NO,TOUT,2,persistencia,120,1.24788333333333,1.77615673107227
2026,NO,TOUT,3,persistencia,180,1.44586666666667,2.07497064504002
2025,NO,WSR,1,persistencia,60,1.83333333333333,2.94855897007335
2025,NO,WSR,2,persistencia,120,2.47666666666667,3.8345360432087
2025,NO,WSR,3,persistencia,180,2.68833333333333,3.67366755890259
2026,NO,WSR,1,persistencia,60,1.7304,2.18912844148838
2026,NO,WSR,2,persistencia,120,2.37033333333333,4.10059822668189
2026,NO,WSR,3,persistencia,180,2.86059444444444,4.16867060677355
2025,NO2,CO,1,persistencia,60,0.0673333333333333,0.0989781120585085
2025,NO2,CO,2,persistencia,120,0.0903333333333333,0.184679903256057
2025,NO2,CO,3,persistencia,180,0.130722222222222,0.256134730171447
2026,NO2,CO,1,persistencia,60,0.0626666666666667,0.0896288643983251
2026,NO2,CO,2,persistencia,120,0.074,0.130390439322316
2026,NO2,CO,3,persistencia,180,0.111333333333333,0.24272068995727
2025,NO2,NO,1,persistencia,60,2.855,5.27486176754109
2025,NO2,NO,2,persistencia,120,5.62583333333333,10.1136582567009
2025,NO2,NO,3,persistencia,180,3.97055555555556,9.4981898860315
2026,NO2,NO,1,persistencia,60,3.28666666666667,7.233509982482
2026,NO2,NO,2,persistencia,120,3.48333333333333,7.90549387029889
2026,NO2,NO,3,persistencia,180,2.78888888888889,6.69959368585555
2025,NO2,NO2,1,persistencia,60,2.95166666666667,4.57371111170495
2025,NO2,NO2,2,persistencia,120,3.08166666666667,4.77514397688698
2025,NO2,NO2,3,persistencia,180,4.21055555555556,6.25985889084837
2026,NO2,NO2,1,persistencia,60,2.08,3.0668115907785
2026,NO2,NO2,2,persistencia,120,3.165,4.71129847635801
2026,NO2,NO2,3,persistencia,180,2.77944444444444,4.14891552095243
2025,NO2,NOX,1,persistencia,60,5.145,9.44297799072588
2025,NO2,NOX,2,persistencia,120,4.77,8.41975850801751
2025,NO2,NOX,3,persistencia,180,8.50944444444444,15.065086569062
2026,NO2,NOX,1,persistencia,60,4.29166666666667,8.74150063394915
2026,NO2,NOX,2,persistencia,120,5.73333333333333,9.59057697256357
2026,NO2,NOX,3,persistencia,180,7.79222222222222,13.5302664833739
2025,NO2,PM10,1,persistencia,60,10.0666666666667,15.0919404539862
2025,NO2,PM10,2,persistencia,120,12.1,18.6828798636613
2025,NO2,PM10,3,persistencia,180,12.3555555555556,21.3465453879545
2026,NO2,PM10,1,persistencia,60,4.56666666666667,6.42131866000538
2026,NO2,PM10,2,persistencia,120,6.0625,8.56190691376635
2026,NO2,PM10,3,persistencia,180,8,10.8294864964955
2025,NO2,PM2.5,1,persistencia,60,2.422,3.34901925942506
2025,NO2,PM2.5,2,persistencia,120,3.12416666666667,5.24448583434703
2025,NO2,PM2.5,3,persistencia,180,3.19511111111111,4.4306073072561
2026,NO2,PM2.5,1,persistencia,60,2.3155,4.10152431013967
2026,NO2,PM2.5,2,persistencia,120,1.82575,2.64228893827555
2026,NO2,PM2.5,3,persistencia,180,1.99369444444444,2.81936855125005
2025,NO2,PRS,1,persistencia,60,0.32000000000001,0.385573166424579
2025,NO2,PRS,2,persistencia,120,0.352500000000005,0.454514392878085
2025,NO2,PRS,3,persistencia,180,0.603333333333337,0.784077660552693
2026,NO2,PRS,1,persistencia,60,0.261666666666666,0.359861084308929
2026,NO2,PRS,2,persistencia,120,0.505833333333329,0.650064099403539
2026,NO2,PRS,3,persistencia,180,0.510555555555554,0.677700359877268
2025,NO2,RAINF,1,persistencia,60,5e-04,0.00387298334620742
2025,NO2,RAINF,2,persistencia,120,0.00425,0.0318198051533946
2025,NO2,RAINF,3,persistencia,180,0.004,0.0270185121722126
2026,NO2,RAINF,1,persistencia,60,5e-04,0.00387298334620742
2026,NO2,RAINF,2,persistencia,120,0.00125,0.00612372435695794
2026,NO2,RAINF,3,persistencia,180,0.00216666666666667,0.0134783777461038
2025,NO2,RH,1,persistencia,60,3.11666666666667,4.39507299901454
2025,NO2,RH,2,persistencia,120,5.01666666666667,7.59714858790235
2025,NO2,RH,3,persistencia,180,6.08333333333333,8.00381853311975
2026,NO2,RH,1,persistencia,60,3.16666666666667,4.4007575105505
2026,NO2,RH,2,persistencia,120,4.975,7.45150991410466
2026,NO2,RH,3,persistencia,180,6.86111111111111,9.32588988902519
2025,NO2,SO2,1,persistencia,60,0.0916666666666666,0.128452325786651
2025,NO2,SO2,2,persistencia,120,0.190833333333333,0.428271720601147
2025,NO2,SO2,3,persistencia,180,0.217222222222222,0.371857200787853
2026,NO2,SO2,1,persistencia,60,0.0666666666666668,0.1
2026,NO2,SO2,2,persistencia,120,0.0483333333333334,0.0795822425754222
2026,NO2,SO2,3,persistencia,180,0.0644444444444444,0.0894427190999916
2025,NO2,SR,1,persistencia,60,0.0107,0.0353562818557985
2025,NO2,SR,2,persistencia,120,0.00544166666666667,0.0181798881551382
2025,NO2,SR,3,persistencia,180,0.0218777777777778,0.105599084591992
2025,NO2,TOUT,1,persistencia,60,0.7875,1.02084197275256
2025,NO2,TOUT,2,persistencia,120,1.25283333333333,1.63326768575556
2025,NO2,TOUT,3,persistencia,180,1.55072222222222,2.01100209956242
2026,NO2,TOUT,1,persistencia,60,0.99,1.24903696235673
2026,NO2,TOUT,2,persistencia,120,1.32033333333333,1.82243747034935
2026,NO2,TOUT,3,persistencia,180,1.56805555555556,2.11225327290287
2025,NO2,WSR,1,persistencia,60,1.69,2.1409499449232
2025,NO2,WSR,2,persistencia,120,2.13,2.91561885940761
2025,NO2,WSR,3,persistencia,180,2.45666666666667,3.19362211637855
2026,NO2,WSR,1,persistencia,60,1.71833333333333,2.30943716086842
2026,NO2,WSR,2,persistencia,120,2.6575,3.6148651427128
2026,NO2,WSR,3,persistencia,180,2.34666666666667,3.01138580132876
2025,NO3,CO,1,persistencia,60,0.0986666666666667,0.174547032821147
2025,NO3,CO,2,persistencia,120,0.112916666666667,0.167901260666302
2025,NO3,CO,3,persistencia,180,0.110444444444444,0.211526200110845
2026,NO3,CO,1,persistencia,60,0.166916666666667,0.579244119521295
2026,NO3,CO,2,persistencia,120,0.0861666666666667,0.128335497817245
2026,NO3,CO,3,persistencia,180,0.137472222222222,0.250489797973668
2025,NO3,NO,1,persistencia,60,7.16,16.370542650342
2025,NO3,NO,2,persistencia,120,5.94,13.4580521126449
2025,NO3,NO,3,persistencia,180,9.245,20.6043212835452
2026,NO3,NO,1,persistencia,60,6.56333333333333,14.8168147724131
2026,NO3,NO,2,persistencia,120,5.33583333333333,13.6721279738501
2026,NO3,NO,3,persistencia,180,6.32333333333333,15.042314390486
2025,NO3,NO2,1,persistencia,60,3.375,4.96734335434949
2025,NO3,NO2,2,persistencia,120,3.23916666666667,4.96617726895312
2025,NO3,NO2,3,persistencia,180,4.34277777777778,5.92579577403369
2026,NO3,NO2,1,persistencia,60,3.18083333333333,5.52447961350207
2026,NO3,NO2,2,persistencia,120,3.73833333333333,5.39428710149296
2026,NO3,NO2,3,persistencia,180,3.92777777777778,5.59663589429698
2025,NO3,NOX,1,persistencia,60,8.81,14.6946135255973
2025,NO3,NOX,2,persistencia,120,8.095,16.4208708660655
2025,NO3,NOX,3,persistencia,180,12.2266666666667,21.1375679248531
2026,NO3,NOX,1,persistencia,60,7.08666666666667,13.9483929779264
2026,NO3,NOX,2,persistencia,120,8.30583333333333,19.1131597335448
2026,NO3,NOX,3,persistencia,180,11.9133333333333,26.2902289622759
2025,NO3,PM10,1,persistencia,60,12.65,21.1939456763797
2025,NO3,PM10,2,persistencia,120,10.925,17.4811803567913
2025,NO3,PM10,3,persistencia,180,13.1222222222222,19.4296451617396
2026,NO3,PM10,1,persistencia,60,8.24166666666667,12.1045790233834
2026,NO3,PM10,2,persistencia,120,10.0166666666667,15.3983224194499
2026,NO3,PM10,3,persistencia,180,11.1990111111111,17.5974227926832
2025,NO3,PM2.5,1,persistencia,60,4.8195,7.05729303628523
2025,NO3,PM2.5,2,persistencia,120,4.164,6.26928916757448
2025,NO3,PM2.5,3,persistencia,180,4.892,6.884230207914
2026,NO3,PM2.5,1,persistencia,60,2.718,4.46912780454233
2026,NO3,PM2.5,2,persistencia,120,3.09291666666667,4.3995133253577
2026,NO3,PM2.5,3,persistencia,180,3.45458333333333,4.90458109265658
2025,NO3,PRS,1,persistencia,60,0.335000000000004,0.413319892254575
2025,NO3,PRS,2,persistencia,120,0.484166666666668,0.62616557980564
2025,NO3,PRS,3,persistencia,180,0.670555555555557,0.894085504238209
2026,NO3,PRS,1,persistencia,60,0.350000000000006,0.450185147096911
2026,NO3,PRS,2,persistencia,120,0.465833333333332,0.635806574360468
2026,NO3,PRS,3,persistencia,180,0.574999999999997,0.767933735567214
2025,NO3,RH,1,persistencia,60,2.96666666666667,3.77712412645741
2025,NO3,RH,2,persistencia,120,4.70833333333333,6.7706474333454
2025,NO3,RH,3,persistencia,180,5.76666666666667,8.11308956084069
2026,NO3,RH,1,persistencia,60,3.38333333333333,4.52585166939145
2026,NO3,RH,2,persistencia,120,4.85,7.16240183178799
2026,NO3,RH,3,persistencia,180,7.31666666666667,9.59137343890042
2025,NO3,SO2,1,persistencia,60,0.97,3.22738284063109
2025,NO3,SO2,2,persistencia,120,1.18916666666667,4.21895524192108
2025,NO3,SO2,3,persistencia,180,1.26166666666667,3.36191909480285
2026,NO3,SO2,1,persistencia,60,0.346466666666667,0.953905515936109
2026,NO3,SO2,2,persistencia,120,0.508333333333333,1.13834675443528
2026,NO3,SO2,3,persistencia,180,0.337222222222222,0.898486381520487
2025,NO3,SR,1,persistencia,60,0.0493666666666667,0.0802354867457868
2025,NO3,SR,2,persistencia,120,0.0775166666666667,0.125749884029105
2025,NO3,SR,3,persistencia,180,0.116038888888889,0.184429375221098
2026,NO3,SR,1,persistencia,60,0.04215,0.0767575186328132
2026,NO3,SR,2,persistencia,120,0.0593083333333333,0.119700146198741
2026,NO3,SR,3,persistencia,180,0.0983,0.16881376984384
2025,NO3,TOUT,1,persistencia,60,0.8805,1.20695001277324
2025,NO3,TOUT,2,persistencia,120,1.14891666666667,1.51060832117396
2025,NO3,TOUT,3,persistencia,180,1.96722222222222,2.76650039661021
2026,NO3,TOUT,1,persistencia,60,0.954666666666667,1.36909946071618
2026,NO3,TOUT,2,persistencia,120,1.22575,1.63167168879036
2026,NO3,TOUT,3,persistencia,180,1.64275,2.13743307237651
2025,NO3,WSR,1,persistencia,60,1.86666666666667,2.57972866790289
2025,NO3,WSR,2,persistencia,120,2.32083333333333,3.12675284174067
2025,NO3,WSR,3,persistencia,180,2.71277777777778,3.61376227466304
2026,NO3,WSR,1,persistencia,60,1.48,2.22964870177643
2026,NO3,WSR,2,persistencia,120,1.8575,2.58132717802296
2026,NO3,WSR,3,persistencia,180,2.90916666666667,3.69526160553395
2025,NTE,CO,1,persistencia,60,0.0703333333333333,0.1093770237908
2025,NTE,CO,2,persistencia,120,0.107166666666667,0.210325145112672
2025,NTE,CO,3,persistencia,180,0.11,0.197874820137491
2026,NTE,CO,1,persistencia,60,0.085,0.176578594399208
2026,NTE,CO,2,persistencia,120,0.0973333333333333,0.196205674399765
2026,NTE,CO,3,persistencia,180,0.118777777777778,0.250982513777797
2025,NTE,NO,1,persistencia,60,4.44333333333333,12.8622056169746
2025,NTE,NO,2,persistencia,120,2.7275,7.46734557925372
2025,NTE,NO,3,persistencia,180,5.395,12.9590530346764
2026,NTE,NO,1,persistencia,60,2.15333333333333,5.63237664460276
2026,NTE,NO,2,persistencia,120,6.46666666666667,18.2616675032703
2026,NTE,NO,3,persistencia,180,3.37611111111111,8.48195142641126
2025,NTE,NO2,1,persistencia,60,3.01,5.27756256871168
2025,NTE,NO2,2,persistencia,120,2.82916666666667,5.13376892091311
2025,NTE,NO2,3,persistencia,180,3.85166666666667,6.22477576570701
2026,NTE,NO2,1,persistencia,60,2.115,3.62819973724344
2026,NTE,NO2,2,persistencia,120,2.42083333333333,4.24620418727126
2026,NTE,NO2,3,persistencia,180,2.72333333333333,4.62435581099321
2025,NTE,NOX,1,persistencia,60,4.65833333333333,8.32335068747357
2025,NTE,NOX,2,persistencia,120,9.99666666666667,18.6386605384257
2025,NTE,NOX,3,persistencia,180,6.63944444444444,11.7041896582188
2026,NTE,NOX,1,persistencia,60,3.56166666666667,9.48547134657349
2026,NTE,NOX,2,persistencia,120,6.8525,18.8195133660075
2026,NTE,NOX,3,persistencia,180,11.2661111111111,22.4560546153791
2025,NTE,PM10,1,persistencia,60,13.745,31.5200153341756
2025,NTE,PM10,2,persistencia,120,14.4009166666667,25.5472460192222
2025,NTE,PM10,3,persistencia,180,11.5133888888889,17.8370105398859
2026,NTE,PM10,1,persistencia,60,11.05,24.6025066473588
2026,NTE,PM10,2,persistencia,120,12.275,20.5813426837674
2026,NTE,PM10,3,persistencia,180,10.2388888888889,15.1611711655502
2025,NTE,PM2.5,1,persistencia,60,3.14666666666667,4.71961756925283
2025,NTE,PM2.5,2,persistencia,120,3.50966666666667,5.19516024776907
2025,NTE,PM2.5,3,persistencia,180,4.32894444444444,7.91288959019818
2026,NTE,PM2.5,1,persistencia,60,2.552,3.56969606549353
2026,NTE,PM2.5,2,persistencia,120,4.34303333333333,7.90144235250755
2026,NTE,PM2.5,3,persistencia,180,4.67827777777778,7.7436310389033
2025,NTE,PRS,1,persistencia,60,0.616666666666676,1.69272955114907
2025,NTE,PRS,2,persistencia,120,0.740833333333335,1.90790024197633
2025,NTE,PRS,3,persistencia,180,0.691666666666666,0.895699602421356
2026,NTE,PRS,1,persistencia,60,0.356666666666672,0.427395211328657
2026,NTE,PRS,2,persistencia,120,0.510833333333335,0.654790042685447
2026,NTE,PRS,3,persistencia,180,0.497222222222214,0.659755847096307
2025,NTE,RAINF,1,persistencia,60,0.104166666666667,0.644433860066338
2025,NTE,RAINF,2,persistencia,120,0.0725833333333333,0.547251465659679
2025,NTE,RAINF,3,persistencia,180,2.45066666666667,18.8102716029774
2026,NTE,RAINF,1,persistencia,60,0.0395,0.248317672884285
2026,NTE,RAINF,2,persistencia,120,0.332,1.73445812863845
2026,NTE,RAINF,3,persistencia,180,0.0956111111111111,0.456285120413882
2025,NTE,RH,1,persistencia,12,0.666666666666667,0.912870929175277
2025,NTE,RH,2,persistencia,18,0.944444444444444,1.26929551764398
2025,NTE,RH,3,persistencia,21,1.38095238095238,1.67616341969505
2025,NTE,SO2,1,persistencia,60,0.491666666666667,0.93674969975976
2025,NTE,SO2,2,persistencia,120,0.69,1.52561463023924
2025,NTE,SO2,3,persistencia,180,0.687777777777778,1.43743598891297
2026,NTE,SO2,1,persistencia,60,0.578333333333333,0.753325958665968
2026,NTE,SO2,2,persistencia,120,0.7325,1.14349610114479
2026,NTE,SO2,3,persistencia,180,0.661666666666667,1.17518320084809
2025,NTE,SR,1,persistencia,60,0.03265,0.0707638090175103
2025,NTE,SR,2,persistencia,120,0.0391083333333333,0.0920043024356289
2025,NTE,SR,3,persistencia,180,0.0382111111111111,0.103185377947761
2026,NTE,SR,1,persistencia,60,0,0
2026,NTE,SR,2,persistencia,120,0,0
2026,NTE,SR,3,persistencia,180,0,0
2025,NTE,TOUT,1,persistencia,60,0.8095,1.06546312309092
2025,NTE,TOUT,2,persistencia,120,1.10716666666667,1.65188024182546
2025,NTE,TOUT,3,persistencia,180,1.76566666666667,2.3933987920482
2026,NTE,TOUT,1,persistencia,60,0.845,1.18845978756821
2026,NTE,TOUT,2,persistencia,120,1.52358333333333,2.02261155440188
2026,NTE,TOUT,3,persistencia,180,1.49372222222222,2.18668178348433
2025,NTE,WSR,1,persistencia,60,1.34833333333333,1.9215011492754
2025,NTE,WSR,2,persistencia,120,1.99416666666667,2.77063470466005
2025,NTE,WSR,3,persistencia,180,2.12944444444444,2.86190495998732
2026,NTE,WSR,1,persistencia,60,1.3,1.71191900119914
2026,NTE,WSR,2,persistencia,120,1.935,2.49739864659209
2026,NTE,WSR,3,persistencia,180,2.02,2.59886727462391
2025,NTE2,CO,1,persistencia,60,0.133166666666667,0.196260880802399
2025,NTE2,CO,2,persistencia,120,0.1375,0.190359309377468
2025,NTE2,CO,3,persistencia,180,0.183444444444444,0.343307442389471
2026,NTE2,CO,1,persistencia,60,0.0941666666666667,0.135566711744931
2026,NTE2,CO,2,persistencia,120,0.111916666666667,0.176868595290402
2026,NTE2,CO,3,persistencia,180,0.165833333333333,0.264878378799697
2025,NTE2,NO,1,persistencia,60,5.91833333333333,12.9775382873641
2025,NTE2,NO,2,persistencia,120,9.24,18.7141301338498
2025,NTE2,NO,3,persistencia,180,9.05888888888889,17.4189551925481
2026,NTE2,NO,1,persistencia,60,3.14666666666667,6.0945877629254
2026,NTE2,NO,2,persistencia,120,4.32666666666667,8.42691125699881
2026,NTE2,NO,3,persistencia,180,9.53111111111111,19.0696617694179
2025,NTE2,NO2,1,persistencia,60,3.27333333333333,4.44285943959518
2025,NTE2,NO2,2,persistencia,120,4.465,6.7518269132633
2025,NTE2,NO2,3,persistencia,180,5.13166666666667,8.83626052128388
2026,NTE2,NO2,1,persistencia,60,3.06833333333333,4.01793894096629
2026,NTE2,NO2,2,persistencia,120,3.18333333333333,4.62085850609314
2026,NTE2,NO2,3,persistencia,180,3.63944444444444,5.32719959787087
2025,NTE2,NOX,1,persistencia,60,9.74166666666667,15.5187789468115
2025,NTE2,NOX,2,persistencia,120,13.2583333333333,20.0635199636887
2025,NTE2,NOX,3,persistencia,180,20.6444444444444,40.7527463287241
2026,NTE2,NOX,1,persistencia,60,7.28,10.7871528526607
2026,NTE2,NOX,2,persistencia,120,15.3233333333333,30.1973012039156
2026,NTE2,NOX,3,persistencia,180,10.3994444444444,17.5515162371296
2025,NTE2,PM10,1,persistencia,60,10.1666666666667,13.8250979502256
2025,NTE2,PM10,2,persistencia,120,13.675,19.3664228326589
2025,NTE2,PM10,3,persistencia,180,14.7388888888889,22.2164853706031
2026,NTE2,PM10,1,persistencia,60,11.5333333333333,18.4454149677727
2026,NTE2,PM10,2,persistencia,120,11.0407333333333,18.6394014281575
2026,NTE2,PM10,3,persistencia,180,14.4722222222222,21.422599696997
2025,NTE2,PM2.5,1,persistencia,60,7.9561,10.5112114398547
2025,NTE2,PM2.5,2,persistencia,120,5.93333333333333,9.15332362223326
2025,NTE2,PM2.5,3,persistencia,180,6.70555555555556,10.0036104593403
2026,NTE2,PM2.5,1,persistencia,60,4.38333333333333,5.48482755730144
2026,NTE2,PM2.5,2,persistencia,120,4.90833333333333,6.65895387179298
2026,NTE2,PM2.5,3,persistencia,180,5.26666666666667,7.29230949547383
2025,NTE2,PRS,1,persistencia,60,0.363333333333338,0.464399253516487
2025,NTE2,PRS,2,persistencia,120,0.485833333333328,0.632653143515461
2025,NTE2,PRS,3,persistencia,180,0.484444444444438,0.662654594122085
2026,NTE2,PRS,1,persistencia,60,0.323333333333339,0.397072621401518
2026,NTE2,PRS,2,persistencia,120,0.510833333333335,0.652878242860028
2026,NTE2,PRS,3,persistencia,180,0.58333333333333,0.724798822662763
2025,NTE2,RAINF,1,persistencia,60,0.014,0.0951314879522022
2025,NTE2,RAINF,2,persistencia,120,8.33333333333333e-05,0.000912870929175277
2025,NTE2,RAINF,3,persistencia,180,0.0985555555555555,0.708669332074009
2026,NTE2,RAINF,1,persistencia,60,0.139333333333333,1.07282182428708
2026,NTE2,RAINF,2,persistencia,120,0.00358333333333333,0.0297909382195325
2026,NTE2,RAINF,3,persistencia,180,0.185944444444444,1.43816878162629
2025,NTE2,RH,1,persistencia,60,3.61666666666667,5.3619026473818
2025,NTE2,RH,2,persistencia,120,4.65833333333333,6.36985086167643
2025,NTE2,RH,3,persistencia,180,5.68333333333333,7.55755692447412
2026,NTE2,RH,1,persistencia,60,3.38333333333333,4.63860611247244
2026,NTE2,RH,2,persistencia,120,5.21666666666667,6.93661781177734
2026,NTE2,RH,3,persistencia,180,6.54444444444444,8.74007373475126
2025,NTE2,SO2,1,persistencia,60,0.513333333333333,1.52282631970951
2025,NTE2,SO2,2,persistencia,120,0.939166666666667,2.28361920351592
2025,NTE2,SO2,3,persistencia,180,0.523888888888889,1.25501217346907
2026,NTE2,SO2,1,persistencia,60,0.54,0.994819916701845
2026,NTE2,SO2,2,persistencia,120,1.01416666666667,1.89444362984668
2026,NTE2,SO2,3,persistencia,180,0.978333333333333,1.75845576193053
2025,NTE2,SR,1,persistencia,60,0.0340166666666667,0.0600006944404257
2025,NTE2,SR,2,persistencia,120,0.0645833333333333,0.111327220391062
2025,NTE2,SR,3,persistencia,180,0.0804388888888889,0.130308501470762
2026,NTE2,SR,1,persistencia,60,0.0394833333333333,0.0675498581296314
2026,NTE2,SR,2,persistencia,120,0.070475,0.107062014739122
2026,NTE2,SR,3,persistencia,180,0.0956111111111111,0.149564255979384
2025,NTE2,TOUT,1,persistencia,60,0.880666666666667,1.09137986054352
2025,NTE2,TOUT,2,persistencia,120,1.0905,1.4163456499033
2025,NTE2,TOUT,3,persistencia,180,1.81955555555556,2.36896226694775
2026,NTE2,TOUT,1,persistencia,60,0.942666666666667,1.18245930162522
2026,NTE2,TOUT,2,persistencia,120,1.177,1.62655207929739
2026,NTE2,TOUT,3,persistencia,180,1.76488888888889,2.33097237697537
2025,NTE2,WSR,1,persistencia,60,1.09833333333333,1.46657196663966
2025,NTE2,WSR,2,persistencia,120,1.55416666666667,2.18088284875644
2025,NTE2,WSR,3,persistencia,180,1.46777777777778,1.95180827838073
2026,NTE2,WSR,1,persistencia,60,1.33333333333333,1.78624373103635
2026,NTE2,WSR,2,persistencia,120,1.80083333333333,2.43910844367363
2026,NTE2,WSR,3,persistencia,180,1.65777777777778,2.18710869515999
2025,SE,CO,1,persistencia,60,0.0523333333333334,0.0765288616579828
2025,SE,CO,2,persistencia,120,0.0708333333333333,0.110912878723197
2025,SE,CO,3,persistencia,180,0.0868888888888889,0.143944433723573
2026,SE,CO,1,persistencia,60,0.0855166666666667,0.135082752414955
2026,SE,CO,2,persistencia,120,0.09755,0.152762288103663
2026,SE,CO,3,persistencia,180,0.109027777777778,0.189217643645265
2025,SE,NO,1,persistencia,60,1.68,3.49141805001922
2025,SE,NO,2,persistencia,120,3.67916666666667,8.70982682567991
2025,SE,NO,3,persistencia,180,6.22833333333333,12.548091931091
2026,SE,NO,1,persistencia,60,5.14,10.8309741020833
2026,SE,NO,2,persistencia,120,3.9775,12.6389228694537
2026,SE,NO,3,persistencia,180,3.90350555555556,8.98934892494693
2025,SE,NO2,1,persistencia,60,2.42333333333333,3.73050488093323
2025,SE,NO2,2,persistencia,120,2.865,4.0116081563383
2025,SE,NO2,3,persistencia,180,4.79666666666667,6.69224260701232
2026,SE,NO2,1,persistencia,60,3.09223333333333,4.79804883259852
2026,SE,NO2,2,persistencia,120,3.32249166666667,5.10935295397894
2026,SE,NO2,3,persistencia,180,3.20872222222222,5.05684959128595
2025,SE,NOX,1,persistencia,60,4.42,9.37999644633906
2025,SE,NOX,2,persistencia,120,6.595,13.1231093876413
2025,SE,NOX,3,persistencia,180,11.0627777777778,17.9855420330393
2026,SE,NOX,1,persistencia,60,4.40166666666667,8.79580392384156
2026,SE,NOX,2,persistencia,120,9.244725,19.3297536772976
2026,SE,NOX,3,persistencia,180,10.1629666666667,18.3810183933801
2025,SE,PM10,1,persistencia,60,11.5,19.1380946456712
2025,SE,PM10,2,persistencia,120,10.9208333333333,15.8572138625716
2025,SE,PM10,3,persistencia,180,11.1851833333333,18.2427728291081
2026,SE,PM10,1,persistencia,60,9.64828333333333,14.4291234089254
2026,SE,PM10,2,persistencia,120,10.5130833333333,15.8390212792121
2026,SE,PM10,3,persistencia,180,10.3666888888889,17.2684061405022
2025,SE,PM2.5,1,persistencia,60,2.47511666666667,4.0458773440792
2025,SE,PM2.5,2,persistencia,120,2.64439166666667,4.33111450918429
2025,SE,PM2.5,3,persistencia,180,3.88301111111111,6.56402808833451
2026,SE,PM2.5,1,persistencia,60,1.687,2.8521245063987
2026,SE,PM2.5,2,persistencia,120,2.28250833333333,3.23093975106315
2026,SE,PM2.5,3,persistencia,180,2.59656666666667,3.94809434622156
2025,SE,PRS,1,persistencia,60,0.323333333333325,0.441965307839118
2025,SE,PRS,2,persistencia,120,0.500833333333336,0.65935574616439
2025,SE,PRS,3,persistencia,180,0.602777777777782,0.760956999807189
2026,SE,PRS,1,persistencia,60,0.323333333333341,0.400000000000007
2026,SE,PRS,2,persistencia,120,0.4875,0.64788116194253
2026,SE,PRS,3,persistencia,180,0.669444444444451,0.854692927313668
2025,SE,RAINF,1,persistencia,60,0,0
2025,SE,RAINF,2,persistencia,120,0.000333333333333333,0.00288675134594813
2025,SE,RAINF,3,persistencia,180,0.000388888888888889,0.00247206616236522
2026,SE,RAINF,1,persistencia,60,0.00228333333333333,0.0176866239476805
2026,SE,RAINF,2,persistencia,120,8.33333333333333e-05,0.000912870929175277
2026,SE,RAINF,3,persistencia,180,0.000111111111111111,0.00105409255338946
2025,SE,RH,1,persistencia,60,3.08333333333333,4.11298755975102
2025,SE,RH,2,persistencia,120,4.75833333333333,7.53602459302427
2025,SE,RH,3,persistencia,180,6.12222222222222,8.51665035875803
2026,SE,RH,1,persistencia,60,4.18333333333333,5.43019302603508
2026,SE,RH,2,persistencia,120,4.79445,6.65151166402545
2026,SE,RH,3,persistencia,180,6.17962777777778,9.00800542511431
2025,SE,SO2,1,persistencia,60,0.533333333333333,1.21477021146662
2025,SE,SO2,2,persistencia,120,0.731666666666667,2.27855948645923
2025,SE,SO2,3,persistencia,180,0.586111111111111,1.25541051276288
2026,SE,SO2,1,persistencia,60,0.142783333333333,0.230347599654667
2026,SE,SO2,2,persistencia,120,0.1839,0.383993641440411
2026,SE,SO2,3,persistencia,180,0.209266666666667,0.374562960143033
2025,SE,SR,1,persistencia,60,0.0317166666666667,0.0570527533662195
2025,SE,SR,2,persistencia,120,0.0720166666666667,0.116228008672609
2025,SE,SR,3,persistencia,180,0.0772222222222222,0.1355051044549
2026,SE,SR,1,persistencia,60,0.03655,0.0708619550017262
2026,SE,SR,2,persistencia,120,0.0439,0.0798517376141559
2026,SE,SR,3,persistencia,180,0.0962666666666667,0.150299257039636
2025,SE,TOUT,1,persistencia,60,0.893333333333334,1.23228243515843
2025,SE,TOUT,2,persistencia,120,1.38975,1.77522651136881
2025,SE,TOUT,3,persistencia,180,1.50577777777778,1.96190950068776
2026,SE,TOUT,1,persistencia,60,0.61745,0.766721472678747
2026,SE,TOUT,2,persistencia,120,1.24316666666667,1.69196223854632
2026,SE,TOUT,3,persistencia,180,1.48047222222222,1.88426256574466
2025,SE,WSR,1,persistencia,60,1.905,2.79889859289924
2025,SE,WSR,2,persistencia,120,2.27583333333333,3.15355619367511
2025,SE,WSR,3,persistencia,180,2.16222222222222,2.86177877862315
2026,SE,WSR,1,persistencia,60,1.95113333333333,2.4797041422987
2026,SE,WSR,2,persistencia,120,2.77165833333333,3.50598889877497
2026,SE,WSR,3,persistencia,180,2.58925555555556,3.71603929383602
2025,SE2,CO,1,persistencia,60,0.0826666666666666,0.119749739039382
2025,SE2,CO,2,persistencia,120,0.115083333333333,0.227608948271665
2025,SE2,CO,3,persistencia,180,0.158277777777778,0.337076483243129
2026,SE2,CO,1,persistencia,60,0.122916666666667,0.249799085933743
2026,SE2,CO,2,persistencia,120,0.0802083333333333,0.119522487423915
2026,SE2,CO,3,persistencia,180,0.186,0.471113338569158
2025,SE2,NO,1,persistencia,60,5.08666666666667,12.1530928848037
2025,SE2,NO,2,persistencia,120,5.91583333333333,15.4706630971871
2025,SE2,NO,3,persistencia,180,7.15777777777778,20.2479628604954
2026,SE2,NO,1,persistencia,60,3.35333333333333,6.75277720645365
2026,SE2,NO,2,persistencia,120,3.2032,7.00477804549628
2026,SE2,NO,3,persistencia,180,6.51583333333333,18.4399999246806
2025,SE2,NO2,1,persistencia,60,1.625,2.90186721497269
2025,SE2,NO2,2,persistencia,120,2.1475,3.34889285187408
2025,SE2,NO2,3,persistencia,180,2.71333333333333,4.7512103721052
2026,SE2,NO2,1,persistencia,60,2.65416666666667,3.9641886517504
2026,SE2,NO2,2,persistencia,120,2.82375,4.57829344115614
2026,SE2,NO2,3,persistencia,180,3.73972222222222,6.26046790051138
2025,SE2,NOX,1,persistencia,60,4.50166666666667,10.6153269693715
2025,SE2,NOX,2,persistencia,120,5.81916666666667,11.6777887461625
2025,SE2,NOX,3,persistencia,180,8.85888888888889,18.5196292259501
2026,SE2,NOX,1,persistencia,60,3.9675,5.86489201378281
2026,SE2,NOX,2,persistencia,120,7.67625,17.9526918826491
2026,SE2,NOX,3,persistencia,180,8.10833333333333,14.285437417952
2025,SE2,PM10,1,persistencia,60,11.4,17.6077634392711
2025,SE2,PM10,2,persistencia,120,12.8583333333333,20.3312157367269
2025,SE2,PM10,3,persistencia,180,12.6777777777778,22.1238935693215
2026,SE2,PM10,1,persistencia,60,12.2583333333333,32.7525444304205
2026,SE2,PM10,2,persistencia,120,8.34166666666667,16.7859067871434
2026,SE2,PM10,3,persistencia,180,9.22407222222222,13.9834111815473
2025,SE2,PM2.5,1,persistencia,60,2.73333333333333,3.75055551440939
2025,SE2,PM2.5,2,persistencia,120,8.73333333333333,20.6587350371056
2025,SE2,PM2.5,3,persistencia,180,5.69444444444445,8.57159391374919
2026,SE2,PM2.5,1,persistencia,60,3.74643333333333,5.20726707912446
2026,SE2,PM2.5,2,persistencia,120,8.518375,17.9203608536491
2026,SE2,PM2.5,3,persistencia,180,5.62063888888889,9.54845044874938
2025,SE2,PRS,1,persistencia,60,0.139999999999998,0.179814719456814
2025,SE2,PRS,2,persistencia,120,0.591666666666674,2.70708945794803
2025,SE2,PRS,3,persistencia,180,0.372222222222232,0.986689188932137
2026,SE2,PRS,1,persistencia,60,0.152499999999994,0.19289461717044
2026,SE2,PRS,2,persistencia,120,0.177083333333332,0.227348850887791
2026,SE2,PRS,3,persistencia,180,0.297777777777774,0.379143772202578
2025,SE2,RAINF,1,persistencia,60,0,0
2025,SE2,RAINF,2,persistencia,120,0,0
2025,SE2,RAINF,3,persistencia,180,0,0
2026,SE2,RAINF,1,persistencia,60,0,0
2026,SE2,RAINF,2,persistencia,120,0.000791666666666667,0.00678540099527409
2026,SE2,RAINF,3,persistencia,180,0.00341666666666667,0.043290042478355
2025,SE2,RH,1,persistencia,60,3.66666666666667,4.96319789383149
2025,SE2,RH,2,persistencia,120,4.625,6.61248818524464
2025,SE2,RH,3,persistencia,180,6.90555555555556,9.53210947855254
2026,SE2,RH,1,persistencia,60,3.29166666666667,4.22640509180083
2026,SE2,RH,2,persistencia,120,5.0125,6.82168723019948
2026,SE2,RH,3,persistencia,180,6.49444444444444,9.06902542846927
2025,SE2,SO2,1,persistencia,60,1.17666666666667,2.45479123348606
2025,SE2,SO2,2,persistencia,120,2.0875,4.64762484142886
2025,SE2,SO2,3,persistencia,180,2.68222222222222,7.84903391082835
2026,SE2,SO2,1,persistencia,60,0.994166666666667,2.38993549424805
2026,SE2,SO2,2,persistencia,120,2.24458333333333,5.32713376654526
2026,SE2,SO2,3,persistencia,180,1.29138888888889,2.43954401476997
2025,SE2,SR,1,persistencia,60,0.04025,0.0653632159551533
2025,SE2,SR,2,persistencia,120,0.043075,0.0850147536215529
2025,SE2,SR,3,persistencia,180,0.0743833333333333,0.122747188245687
2026,SE2,SR,1,persistencia,60,0.0432166666666667,0.0693787911877014
2026,SE2,SR,2,persistencia,120,0.0690416666666667,0.117437323709288
2026,SE2,SR,3,persistencia,180,0.087,0.139971822561225
2025,SE2,TOUT,1,persistencia,60,0.694833333333333,0.91556084815083
2025,SE2,TOUT,2,persistencia,120,1.46966666666667,1.96354568744062
2025,SE2,TOUT,3,persistencia,180,1.91805555555556,2.72531211260492
2026,SE2,TOUT,1,persistencia,60,1.04083333333333,1.32674350698744
2026,SE2,TOUT,2,persistencia,120,1.532,2.10350164408461
2026,SE2,TOUT,3,persistencia,180,1.80423888888889,2.32717025233079
2025,SE2,WSR,1,persistencia,60,1.45666666666667,1.86189867250253
2025,SE2,WSR,2,persistencia,120,1.5525,2.04945114603886
2025,SE2,WSR,3,persistencia,180,2.45888888888889,3.41350259996971
2026,SE2,WSR,1,persistencia,60,1.90166666666667,2.55222125477658
2026,SE2,WSR,2,persistencia,120,1.90208333333333,2.57667825568761
2026,SE2,WSR,3,persistencia,180,1.89333333333333,2.51639623271058
2025,SE3,CO,1,persistencia,60,0.0908333333333333,0.185907683183527
2025,SE3,CO,2,persistencia,120,0.0681666666666667,0.127121988656566
2025,SE3,CO,3,persistencia,180,0.0844444444444445,0.148076556776104
2026,SE3,CO,1,persistencia,60,0.0446666666666667,0.0900740436159792
2026,SE3,CO,2,persistencia,120,0.0916666666666667,0.198217052747739
2026,SE3,CO,3,persistencia,180,0.0930555555555556,0.153913756514629
2025,SE3,NO,1,persistencia,60,3.065,6.84135707785134
2025,SE3,NO,2,persistencia,120,2.63166666666667,6.14708603052427
2025,SE3,NO,3,persistencia,180,6.85,17.3476351254125
2026,SE3,NO,1,persistencia,60,1.52333333333333,3.80114017982324
2026,SE3,NO,2,persistencia,120,1.74666666666667,5.5869043306647
2026,SE3,NO,3,persistencia,180,3.80444444444444,10.283968105746
2025,SE3,NO2,1,persistencia,60,2.37166666666667,4.72745527036833
2025,SE3,NO2,2,persistencia,120,3.60666666666667,6.33809908411031
2025,SE3,NO2,3,persistencia,180,4.24833333333333,7.10530709321482
2026,SE3,NO2,1,persistencia,60,1.91333333333333,2.91164329317083
2026,SE3,NO2,2,persistencia,120,2.99666666666667,5.59030410621819
2026,SE3,NO2,3,persistencia,180,3.24555555555556,5.13844983109368
2025,SE3,NOX,1,persistencia,60,4.38166666666667,7.47664140284036
2025,SE3,NOX,2,persistencia,120,8.57833333333333,16.8165047894422
2025,SE3,NOX,3,persistencia,180,5.525,11.6192536574238
2026,SE3,NOX,1,persistencia,60,2.53333333333333,4.1388001481911
2026,SE3,NOX,2,persistencia,120,5.51333333333333,12.4614204647785
2026,SE3,NOX,3,persistencia,180,8.28055555555556,16.5202888729115
2025,SE3,PM10,1,persistencia,60,16.1416666666667,27.6873165908147
2025,SE3,PM10,2,persistencia,120,16.05,34.8341307723713
2025,SE3,PM10,3,persistencia,180,14.3,26.1132150452601
2026,SE3,PM10,1,persistencia,60,7.5,13.4932081680624
2026,SE3,PM10,2,persistencia,120,8.85,14.8256534425974
2026,SE3,PM10,3,persistencia,180,10.2222222222222,18.0739222823013
2025,SE3,PM2.5,1,persistencia,60,4.9295,6.26843002672918
2025,SE3,PM2.5,2,persistencia,120,6.825,9.34300094544931
2025,SE3,PM2.5,3,persistencia,180,8.69444444444445,12.0607259777806
2026,SE3,PM2.5,1,persistencia,60,4.27891666666667,5.95733598879007
2026,SE3,PM2.5,2,persistencia,120,4.49166666666667,6.23498195666996
2026,SE3,PM2.5,3,persistencia,180,4.99444444444444,7.02495551587339
2025,SE3,PRS,1,persistencia,60,0.611666666666669,0.846463230152384
2025,SE3,PRS,2,persistencia,120,1.03333333333334,1.45567853594123
2025,SE3,PRS,3,persistencia,180,1.33555555555556,1.87441842832502
2026,SE3,PRS,1,persistencia,60,0.354999999999999,0.452216762183803
2026,SE3,PRS,2,persistencia,120,0.494166666666658,0.618398469165846
2026,SE3,PRS,3,persistencia,180,0.694999999999993,0.905875880632164
2025,SE3,RAINF,1,persistencia,60,0,0
2025,SE3,RAINF,2,persistencia,120,0,0
2025,SE3,RAINF,3,persistencia,180,0.000388888888888889,0.00268741924943285
2026,SE3,RAINF,1,persistencia,60,0,0
2026,SE3,RAINF,2,persistencia,120,0,0
2026,SE3,RAINF,3,persistencia,180,0,0
2025,SE3,RH,1,persistencia,60,4.06666666666667,5.37587202228625
2025,SE3,RH,2,persistencia,120,5.90833333333333,8.87646701490332
2025,SE3,RH,3,persistencia,180,6.71666666666667,8.899126049475
2026,SE3,RH,1,persistencia,60,3.9,5.45282801244761
2026,SE3,RH,2,persistencia,120,6.06666666666667,8.31464571303753
2026,SE3,RH,3,persistencia,180,6.54444444444444,9.52248800355127
2025,SE3,SO2,1,persistencia,60,2.02,5.07779479695665
2025,SE3,SO2,2,persistencia,120,3.65833333333333,11.0334189321956
2025,SE3,SO2,3,persistencia,180,5.60277777777778,13.5653951083057
2026,SE3,SO2,1,persistencia,60,1.65666666666667,4.22674027275551
2026,SE3,SO2,2,persistencia,120,2.48166666666667,7.55947529043297
2026,SE3,SO2,3,persistencia,180,1.84388888888889,5.70118408753831
2025,SE3,SR,1,persistencia,60,0.0388666666666667,0.0640028645192281
2025,SE3,SR,2,persistencia,120,0.0201083333333333,0.0478409691930811
2025,SE3,SR,3,persistencia,180,0.0537888888888889,0.113378128402263
2025,SE3,TOUT,1,persistencia,60,0.9355,1.43967994128325
2025,SE3,TOUT,2,persistencia,120,1.57908333333333,2.15018933274879
2025,SE3,TOUT,3,persistencia,180,1.94183333333333,2.93868819940689
2026,SE3,TOUT,1,persistencia,60,1.034,1.29308030170855
2026,SE3,TOUT,2,persistencia,120,1.21633333333333,1.60579056334671
2026,SE3,TOUT,3,persistencia,180,2.05172222222222,2.79056336406986
2025,SE3,WSR,1,persistencia,60,1.27166666666667,1.63518602407596
2025,SE3,WSR,2,persistencia,120,1.56166666666667,2.21238935693215
2025,SE3,WSR,3,persistencia,180,2.18777777777778,2.84755255536321
2026,SE3,WSR,1,persistencia,60,1.765,2.55848262322286
2026,SE3,WSR,2,persistencia,120,1.94,2.58801725908722
2026,SE3,WSR,3,persistencia,180,2.325,3.14816525049821
2025,SO,CO,1,persistencia,60,0.093,0.148222805262888
2025,SO,CO,2,persistencia,120,0.139833333333333,0.273913003220609
2025,SO,CO,3,persistencia,180,0.146888888888889,0.327873620639281
2026,SO,CO,1,persistencia,60,0.083,0.179062372745737
2026,SO,CO,2,persistencia,120,0.0871666666666667,0.153297097167559
2026,SO,CO,3,persistencia,180,0.141888888888889,0.286897194130581
2025,SO,NO,1,persistencia,60,4.61833333333333,12.0926354998955
2025,SO,NO,2,persistencia,120,5.14583333333334,10.8630604957044
2025,SO,NO,3,persistencia,180,8.41111111111111,21.4083654469722
2026,SO,NO,1,persistencia,60,4.56666666666667,13.3479087001173
2026,SO,NO,2,persistencia,120,4.2775,10.0177633897659
2026,SO,NO,3,persistencia,180,6.07166666666667,16.7722174377086
2025,SO,NO2,1,persistencia,60,3.24333333333333,4.77420150391665
2025,SO,NO2,2,persistencia,120,3.63583333333333,6.1662995386212
2025,SO,NO2,3,persistencia,180,4.74555555555556,7.34612520690708
2026,SO,NO2,1,persistencia,60,2.105,3.00152738895827
2026,SO,NO2,2,persistencia,120,2.80333333333333,4.04209104301227
2026,SO,NO2,3,persistencia,180,4.43,6.56032688887443
2025,SO,NOX,1,persistencia,60,6.54,11.3311370420919
2025,SO,NOX,2,persistencia,120,12.5258333333333,22.1380912305766
2025,SO,NOX,3,persistencia,180,10.4816666666667,19.2945343440974
2026,SO,NOX,1,persistencia,60,7.78166666666667,15.5333565808124
2026,SO,NOX,2,persistencia,120,7.28,15.6938416796738
2026,SO,NOX,3,persistencia,180,12.2894444444444,25.8924002149065
2025,SO,PM10,1,persistencia,60,9.4,18.0506232579377
2025,SO,PM10,2,persistencia,120,9.025,13.2177279943768
2025,SO,PM10,3,persistencia,180,18.0138888888889,28.9371685246194
2026,SO,PM10,1,persistencia,60,8.15,14.9169925476507
2026,SO,PM10,2,persistencia,120,10.6833333333333,18.8410013888151
2026,SO,PM10,3,persistencia,180,10.5944444444444,16.0036454180498
2025,SO,PM2.5,1,persistencia,60,4.29516666666667,5.65842690153368
2025,SO,PM2.5,2,persistencia,120,5.846,8.33328726653934
2025,SO,PM2.5,3,persistencia,180,8.48422222222222,13.3355746866126
2026,SO,PM2.5,1,persistencia,60,4.1,5.19294393062997
2026,SO,PM2.5,2,persistencia,120,5.42916666666667,7.53892675827711
2026,SO,PM2.5,3,persistencia,180,6.49444444444444,10.6241339516321
2025,SO,PRS,1,persistencia,60,0.304999999999999,0.384491005529822
2025,SO,PRS,2,persistencia,120,0.491666666666662,0.617791766428351
2025,SO,PRS,3,persistencia,180,0.571111111111115,0.734922520481664
2026,SO,PRS,1,persistencia,60,0.356666666666664,0.48989794855663
2026,SO,PRS,2,persistencia,120,0.435833333333333,0.587154153523585
2026,SO,PRS,3,persistencia,180,0.562222222222216,0.734922520481649
2025,SO,RAINF,1,persistencia,60,0,0
2025,SO,RAINF,2,persistencia,120,0,0
2025,SO,RAINF,3,persistencia,180,0,0
2026,SO,RAINF,1,persistencia,60,0,0
2026,SO,RAINF,2,persistencia,120,0,0
2026,SO,RAINF,3,persistencia,180,0,0
2025,SO,RH,1,persistencia,60,2.23333333333333,3.17280107581088
2025,SO,RH,2,persistencia,120,2.64166666666667,3.93170870402848
2025,SO,RH,3,persistencia,180,3.45555555555556,5.02659593230515
2025,SO,SO2,1,persistencia,60,1.53166666666667,4.73150786395486
2025,SO,SO2,2,persistencia,120,1.76583333333333,3.61852870653253
2025,SO,SO2,3,persistencia,180,1.51333333333333,3.12377976176298
2026,SO,SO2,1,persistencia,60,0.655,1.44412603328103
2026,SO,SO2,2,persistencia,120,0.528333333333333,0.87692645073575
2026,SO,SO2,3,persistencia,180,0.635,1.10772539717908
2025,SO,SR,1,persistencia,60,0.0343833333333333,0.0633636331029085
2025,SO,SR,2,persistencia,120,0.077,0.125980223315672
2025,SO,SR,3,persistencia,180,0.118372222222222,0.187307634654864
2026,SO,SR,1,persistencia,60,0.0527,0.088372318441165
2026,SO,SR,2,persistencia,120,0.0825333333333333,0.132872307122289
2026,SO,SR,3,persistencia,180,0.0982722222222222,0.161802365729168
2025,SO,TOUT,1,persistencia,60,0.741333333333333,1.00283597861265
2025,SO,TOUT,2,persistencia,120,1.23866666666667,1.73083650296612
2025,SO,TOUT,3,persistencia,180,1.33888888888889,1.8436434338318
2026,SO,TOUT,1,persistencia,60,0.811166666666667,1.02253687790058
2026,SO,TOUT,2,persistencia,120,1.40275,1.80912985529877
2026,SO,TOUT,3,persistencia,180,1.92466666666667,2.7129143820704
2025,SO,WSR,1,persistencia,60,1.63166666666667,2.23304724535779
2025,SO,WSR,2,persistencia,120,1.69916666666667,2.22394169587844
2025,SO,WSR,3,persistencia,180,2.11722222222222,2.90247978268392
2026,SO,WSR,1,persistencia,60,1.52333333333333,2.06809090709282
2026,SO,WSR,2,persistencia,120,1.66333333333333,2.38816526507973
2026,SO,WSR,3,persistencia,180,2.40666666666667,3.25810101473577
2025,SO2,CO,1,persistencia,60,0.079,0.115830335692627
2025,SO2,CO,2,persistencia,120,0.112083333333333,0.163729960605871
2025,SO2,CO,3,persistencia,180,0.137,0.214727217133222
2026,SO2,CO,1,persistencia,60,0.0515,0.0753768310999253
2026,SO2,CO,2,persistencia,120,0.0779166666666667,0.121822958974626
2026,SO2,CO,3,persistencia,180,0.0703333333333333,0.101920448280891
2025,SO2,NO,1,persistencia,60,1.68666666666667,4.598006814552
2025,SO2,NO,2,persistencia,120,3.22333333333333,7.3480496278491
2025,SO2,NO,3,persistencia,180,2.83166666666667,5.75489646590912
2026,SO2,NO,1,persistencia,60,1.74166666666667,3.88619351036461
2026,SO2,NO,2,persistencia,120,2.01083333333333,3.94616902831088
2026,SO2,NO,3,persistencia,180,2.46888888888889,5.1982689426385
2025,SO2,NO2,1,persistencia,60,2.91333333333333,3.94862845386429
2025,SO2,NO2,2,persistencia,120,4.58166666666667,6.45130477758828
2025,SO2,NO2,3,persistencia,180,5.11388888888889,7.38167776773456
2026,SO2,NO2,1,persistencia,60,2.17166666666667,3.11440202928267
2026,SO2,NO2,2,persistencia,120,3.0425,4.76411062004232
2026,SO2,NO2,3,persistencia,180,3.42722222222222,5.65409880823932
2025,SO2,NOX,1,persistencia,60,5.01166666666667,7.92107947189018
2025,SO2,NOX,2,persistencia,120,6.40916666666667,9.55335455917623
2025,SO2,NOX,3,persistencia,180,7.81333333333333,13.5836053142505
2026,SO2,NOX,1,persistencia,60,4.78333333333333,7.15939941615217
2026,SO2,NOX,2,persistencia,120,5.86666666666667,9.82900469698399
2026,SO2,NOX,3,persistencia,180,7.42,11.086077354552
2025,SO2,PM10,1,persistencia,60,8.86666666666667,13.5462171841441
2025,SO2,PM10,2,persistencia,120,11.4416666666667,17.5021427259636
2025,SO2,PM10,3,persistencia,180,15.5666666666667,24.9795471892062
2026,SO2,PM10,1,persistencia,60,5.725,9.34099388002512
2026,SO2,PM10,2,persistencia,120,6.78333333333333,9.63500562186309
2026,SO2,PM10,3,persistencia,180,7.70555555555556,11.7484041469469
2025,SO2,PM2.5,1,persistencia,60,6.2,8.90131076490049
2025,SO2,PM2.5,2,persistencia,120,7.56666666666667,9.98498873309329
2025,SO2,PM2.5,3,persistencia,180,9.61111111111111,14.3596657342711
2026,SO2,PM2.5,1,persistencia,60,4.31666666666667,5.56926087256349
2026,SO2,PM2.5,2,persistencia,120,4.00833333333333,5.09820229754241
2026,SO2,PM2.5,3,persistencia,180,4.64483333333333,6.14079498563138
2025,SO2,PRS,1,persistencia,60,0.221666666666679,0.766702897694636
2025,SO2,PRS,2,persistencia,120,0.186666666666669,0.249666444147656
2025,SO2,PRS,3,persistencia,180,0.240555555555559,0.340506159187241
2026,SO2,PRS,1,persistencia,60,0.118333333333336,0.164823137534351
2026,SO2,PRS,2,persistencia,120,0.198333333333333,0.265832027165029
2026,SO2,PRS,3,persistencia,180,0.240555555555551,0.320156211871643
2025,SO2,RAINF,1,persistencia,60,0.001,0.00483045891539648
2025,SO2,RAINF,2,persistencia,120,0.0248333333333333,0.118581898562414
2025,SO2,RAINF,3,persistencia,180,0.00127777777777778,0.0077817450199525
2026,SO2,RAINF,1,persistencia,60,0.012,0.0841823417746659
2026,SO2,RAINF,2,persistencia,120,0.000666666666666667,0.00465474668125631
2026,SO2,RAINF,3,persistencia,180,0.00572222222222222,0.0335575790412704
2025,SO2,RH,1,persistencia,60,2.66666666666667,3.74165738677394
2025,SO2,RH,2,persistencia,120,3.85833333333333,5.26703585203924
2025,SO2,RH,3,persistencia,180,4.36111111111111,6.68705216569055
2026,SO2,RH,1,persistencia,60,3.46666666666667,4.60434577328854
2026,SO2,RH,2,persistencia,120,4.86666666666667,6.47945470956726
2026,SO2,RH,3,persistencia,180,5.23888888888889,6.92218655243173
2025,SO2,SO2,1,persistencia,60,0.501666666666667,0.964451484869336
2025,SO2,SO2,2,persistencia,120,0.778333333333333,1.71813852759316
2025,SO2,SO2,3,persistencia,180,0.896666666666667,1.47674567132522
2026,SO2,SO2,1,persistencia,60,0.386666666666667,0.755204166655172
2026,SO2,SO2,2,persistencia,120,0.8025,1.66845737134636
2026,SO2,SO2,3,persistencia,180,0.64,1.329995822884
2025,SO2,SR,1,persistencia,60,0.0491333333333333,0.084615207459022
2025,SO2,SR,2,persistencia,120,0.10025,0.16102634360046
2025,SO2,SR,3,persistencia,180,0.0684777777777778,0.128050077009825
2026,SO2,SR,1,persistencia,60,0.0540166666666667,0.0977611886179787
2026,SO2,SR,2,persistencia,120,0.0643916666666667,0.121308594089619
2026,SO2,SR,3,persistencia,180,0.155,0.23156522959105
2025,SO2,TOUT,1,persistencia,60,0.6865,0.838593067782779
2025,SO2,TOUT,2,persistencia,120,1.04775,1.28776841862192
2025,SO2,TOUT,3,persistencia,180,1.34166666666667,1.90850203038928
2026,SO2,TOUT,1,persistencia,60,0.7675,1.03073679149108
2026,SO2,TOUT,2,persistencia,120,1.14133333333333,1.58963046020136
2026,SO2,TOUT,3,persistencia,180,1.66416666666667,2.28883194373608
2025,SO2,WSR,1,persistencia,60,1.93833333333333,2.53077721922206
2025,SO2,WSR,2,persistencia,120,1.97916666666667,2.63180863032757
2025,SO2,WSR,3,persistencia,180,2.11166666666667,2.70344430516168
2026,SO2,WSR,1,persistencia,60,1.635,2.20230939394688
2026,SO2,WSR,2,persistencia,120,1.785,2.4272068995727
2026,SO2,WSR,3,persistencia,180,2.55055555555556,3.33872064652848
2025,SUR,CO,1,persistencia,60,0.0843333333333333,0.119652273971984
2025,SUR,CO,2,persistencia,120,0.0795,0.108112595627583
2025,SUR,CO,3,persistencia,180,0.0706666666666667,0.09022810599315
2026,SUR,CO,1,persistencia,60,0.0556666666666667,0.0782091213776671
2026,SUR,CO,2,persistencia,120,0.0735,0.125744449844383
2026,SUR,CO,3,persistencia,180,0.0821666666666667,0.130305197304039
2025,SUR,NO,1,persistencia,60,1.44166666666667,3.83273183686693
2025,SUR,NO,2,persistencia,120,3.45833333333333,8.00354088305087
2025,SUR,NO,3,persistencia,180,5.19111111111111,12.7219670037477
2026,SUR,NO,1,persistencia,60,3.84333333333333,7.51037060781069
2026,SUR,NO,2,persistencia,120,5.39166666666667,12.1418353911864
2026,SUR,NO,3,persistencia,180,2.72777777777778,6.10431541343226
2025,SUR,NO2,1,persistencia,60,2.33666666666667,3.74762146790023
2025,SUR,NO2,2,persistencia,120,3.12,4.56110366760795
2025,SUR,NO2,3,persistencia,180,3.16111111111111,4.49816011769751
2026,SUR,NO2,1,persistencia,60,3.46666666666667,4.79617903474561
2026,SUR,NO2,2,persistencia,120,3.2425,4.62173308042196
2026,SUR,NO2,3,persistencia,180,4.18611111111111,5.70458392678886
2025,SUR,NOX,1,persistencia,60,4.06,6.71806023591136
2025,SUR,NOX,2,persistencia,120,5.54916666666667,10.6545099996825
2025,SUR,NOX,3,persistencia,180,4.53333333333333,6.71720014423999
2026,SUR,NOX,1,persistencia,60,3.98333333333333,5.80981927429761
2026,SUR,NOX,2,persistencia,120,9.31416666666667,19.7885973058561
2026,SUR,NOX,3,persistencia,180,5.38666666666667,9.1831125200313
2025,SUR,PM10,1,persistencia,60,9.54765,22.9198043479869
2025,SUR,PM10,2,persistencia,120,8.26666666666667,20.1750671209127
2025,SUR,PM10,3,persistencia,180,8.48943333333333,15.7682065463669
2026,SUR,PM10,1,persistencia,60,4.65745,9.13089675497429
2026,SUR,PM10,2,persistencia,120,6.24568333333333,9.01893397063459
2026,SUR,PM10,3,persistencia,180,5.81893333333333,8.55667502661584
2025,SUR,PM2.5,1,persistencia,60,4.6413,6.05787820665509
2025,SUR,PM2.5,2,persistencia,120,6.18680833333333,8.29487133866463
2025,SUR,PM2.5,3,persistencia,180,5.34870555555556,7.51483917437138
2026,SUR,PM2.5,1,persistencia,60,3.39645,5.00775890493941
2026,SUR,PM2.5,2,persistencia,120,3.73381666666667,5.11135169663238
2026,SUR,PM2.5,3,persistencia,180,5.1824,6.76347130547621
2025,SUR,PRS,1,persistencia,60,0.338333333333336,0.413319892254577
2025,SUR,PRS,2,persistencia,120,0.507500000000006,0.636068654575383
2025,SUR,PRS,3,persistencia,180,0.578333333333338,0.768801375880379
2026,SUR,PRS,1,persistencia,60,0.79,3.90593565401855
2026,SUR,PRS,2,persistencia,120,0.532500000000001,0.676941651843051
2026,SUR,PRS,3,persistencia,180,0.748888888888882,1.00199800399002
2025,SUR,RAINF,1,persistencia,60,0.005,0.0339607616718668
2025,SUR,RAINF,2,persistencia,120,0.000333333333333333,0.00182574185835055
2025,SUR,RAINF,3,persistencia,180,0.00616666666666667,0.0436081032225281
2026,SUR,RAINF,1,persistencia,60,0.102,0.557530268236622
2026,SUR,RAINF,2,persistencia,120,0.00933333333333333,0.100424100693011
2026,SUR,RAINF,3,persistencia,180,0.000555555555555556,0.00316227766016838
2025,SUR,RH,1,persistencia,60,3.46666666666667,4.49073119510249
2025,SUR,RH,2,persistencia,120,4.46666666666667,5.82093921402151
2025,SUR,RH,3,persistencia,180,6.65555555555556,8.96226657839535
2026,SUR,RH,1,persistencia,60,3.08333333333333,3.93912003709796
2026,SUR,RH,2,persistencia,120,5.09166666666667,6.83434951793756
2026,SUR,RH,3,persistencia,180,6.39444444444445,8.37821248503787
2025,SUR,SO2,1,persistencia,60,0.246666666666667,0.504975246918104
2025,SUR,SO2,2,persistencia,120,0.5475,1.36060648241878
2025,SUR,SO2,3,persistencia,180,0.663888888888889,1.79624608559072
2026,SUR,SO2,1,persistencia,60,0.443333333333333,1.08827079963276
2026,SUR,SO2,2,persistencia,120,0.551666666666667,1.07966044044721
2026,SUR,SO2,3,persistencia,180,0.712222222222222,1.63108689052559
2025,SUR,SR,1,persistencia,60,0.0614166666666667,0.106199105457626
2025,SUR,SR,2,persistencia,120,0.0562083333333333,0.106361843095476
2025,SUR,SR,3,persistencia,180,0.0998666666666667,0.165718000095209
2026,SUR,SR,1,persistencia,60,0.0419,0.094984209213953
2026,SUR,SR,2,persistencia,120,0.0699833333333333,0.135352194908936
2026,SUR,SR,3,persistencia,180,0.116138888888889,0.190785758261867
2025,SUR,TOUT,1,persistencia,60,0.936666666666667,1.21463437571422
2025,SUR,TOUT,2,persistencia,120,1.07708333333333,1.46911679817047
2025,SUR,TOUT,3,persistencia,180,1.66372222222222,2.24901274636969
2026,SUR,TOUT,1,persistencia,60,1.0175,1.27632871941362
2026,SUR,TOUT,2,persistencia,120,1.38583333333333,2.06483816960716
2026,SUR,TOUT,3,persistencia,180,1.60372222222222,2.2134388780056
2025,SUR,WSR,1,persistencia,60,1.585,2.11056864375457
2025,SUR,WSR,2,persistencia,120,1.5325,2.05756733385164
2025,SUR,WSR,3,persistencia,180,2.16166666666667,2.91830430215905
2026,SUR,WSR,1,persistencia,60,1.51833333333333,2.42634842235543
2026,SUR,WSR,2,persistencia,120,2.04333333333333,2.95522136790687
2026,SUR,WSR,3,persistencia,180,2.22555555555556,3.10782167370581
2025,CE,CO,1,rezago_24h,60,0.227833333333333,0.359311842276316
2025,CE,CO,2,rezago_24h,120,0.188833333333333,0.37192517168556
2025,CE,CO,3,rezago_24h,180,0.213444444444444,0.394451799618435
2026,CE,CO,1,rezago_24h,60,0.2175,0.308898580983036
2026,CE,CO,2,rezago_24h,120,0.2355,0.373530453912395
2026,CE,CO,3,rezago_24h,180,0.222666666666667,0.330546685221787
2025,CE,NO,1,rezago_24h,60,6.20333333333333,12.8014582502672
2025,CE,NO,2,rezago_24h,120,9.975,24.2760547316349
2025,CE,NO,3,rezago_24h,180,7.24888888888889,12.7412671618206
2026,CE,NO,1,rezago_24h,60,2.895,4.84632162916715
2026,CE,NO,2,rezago_24h,120,3.16,6.19739192456526
2026,CE,NO,3,rezago_24h,180,3.53055555555556,7.2032130176594
2025,CE,NO2,1,rezago_24h,60,7.07,10.2738340782138
2025,CE,NO2,2,rezago_24h,120,6.50666666666667,9.1692784158115
2025,CE,NO2,3,rezago_24h,180,7.17833333333333,10.1413427776273
2026,CE,NO2,1,rezago_24h,60,6.58,8.61984145252491
2026,CE,NO2,2,rezago_24h,120,5.94583333333333,8.62416662640513
2026,CE,NO2,3,rezago_24h,180,5.23277777777778,7.94633038997666
2025,CE,NOX,1,rezago_24h,60,12.4933333333333,18.8919383159414
2025,CE,NOX,2,rezago_24h,120,9.5775,14.5394205524154
2025,CE,NOX,3,rezago_24h,180,11.5866666666667,18.8225308252282
2026,CE,NOX,1,rezago_24h,60,9.19333333333333,13.8934396988891
2026,CE,NOX,2,rezago_24h,120,11.13,17.1147353665392
2026,CE,NOX,3,rezago_24h,180,10.5222222222222,16.0196996781393
2025,CE,PM10,1,rezago_24h,60,19.9553333333333,30.6581317108528
2025,CE,PM10,2,rezago_24h,120,22.2206666666667,39.3819532908158
2025,CE,PM10,3,rezago_24h,180,14.6388722222222,22.7357721434991
2026,CE,PM10,1,rezago_24h,60,11.8193333333333,17.3025727374091
2026,CE,PM10,2,rezago_24h,120,9.377,12.6677530235897
2026,CE,PM10,3,rezago_24h,180,14.4587222222222,20.8213388333006
2025,CE,PM2.5,1,rezago_24h,60,7.04783333333333,10.9274788949693
2025,CE,PM2.5,2,rezago_24h,120,7.84466666666667,12.0204680302668
2025,CE,PM2.5,3,rezago_24h,180,9.43494444444444,13.1094845860206
2026,CE,PM2.5,1,rezago_24h,60,5.74133333333333,7.45132829321949
2026,CE,PM2.5,2,rezago_24h,120,5.08025,7.28746589471722
2026,CE,PM2.5,3,rezago_24h,180,4.82527777777778,6.36703078016398
2025,CE,PRS,1,rezago_24h,60,1.55833333333333,2.17282458258062
2025,CE,PRS,2,rezago_24h,120,2.43333333333334,3.52060600844041
2025,CE,PRS,3,rezago_24h,180,1.955,2.75429966900239
2026,CE,PRS,1,rezago_24h,60,1.60166666666667,2.00220711549363
2026,CE,PRS,2,rezago_24h,120,2.09833333333333,2.97581921493897
2026,CE,PRS,3,rezago_24h,180,1.61238888888889,2.15859123298301
2025,CE,RAINF,1,rezago_24h,60,0,0
2025,CE,RAINF,2,rezago_24h,120,0,0
2025,CE,RAINF,3,rezago_24h,180,0,0
2026,CE,RAINF,1,rezago_24h,60,0,0
2026,CE,RAINF,2,rezago_24h,120,0,0
2026,CE,RAINF,3,rezago_24h,180,0,0
2025,CE,RH,1,rezago_24h,60,10.7833333333333,15.6295659995194
2025,CE,RH,2,rezago_24h,120,8.79166666666667,12.6257013006539
2025,CE,RH,3,rezago_24h,180,11.1222222222222,15.6957177457915
2026,CE,RH,1,rezago_24h,60,8.25,11.1272937710239
2026,CE,RH,2,rezago_24h,120,8.18333333333333,11.6182327973463
2026,CE,RH,3,rezago_24h,180,7.06666666666667,9.59745336592531
2025,CE,SO2,1,rezago_24h,60,1.08666666666667,1.6394104631442
2025,CE,SO2,2,rezago_24h,120,1.0825,2.44409151492601
2025,CE,SO2,3,rezago_24h,180,1.76777777777778,3.11943727118993
2026,CE,SO2,1,rezago_24h,60,0.716666666666667,1.2280065146407
2026,CE,SO2,2,rezago_24h,120,0.835,1.69803808359334
2026,CE,SO2,3,rezago_24h,180,1.00333333333333,2.4504194652254
2025,CE,SR,1,rezago_24h,60,0.0444,0.119429756202827
2025,CE,SR,2,rezago_24h,120,0.0325833333333333,0.0827758016169782
2025,CE,SR,3,rezago_24h,180,0.0735444444444444,0.161617793299844
2026,CE,SR,1,rezago_24h,60,0.0507833333333333,0.113506167233327
2026,CE,SR,2,rezago_24h,120,0.03485,0.108017051123114
2026,CE,SR,3,rezago_24h,180,0.0724722222222222,0.180055624121486
2025,CE,TOUT,1,rezago_24h,60,2.46516666666667,3.86586277562978
2025,CE,TOUT,2,rezago_24h,120,2.15516666666667,3.16744113336512
2025,CE,TOUT,3,rezago_24h,180,2.36988888888889,3.50106348922089
2026,CE,TOUT,1,rezago_24h,60,1.901,2.69712254078305
2026,CE,TOUT,2,rezago_24h,120,2.252,3.11860385429121
2026,CE,TOUT,3,rezago_24h,180,2.3235,3.58615137252552
2025,CE,WSR,1,rezago_24h,60,2.88,3.90175174334127
2025,CE,WSR,2,rezago_24h,120,2.28583333333333,3.01906442461899
2025,CE,WSR,3,rezago_24h,180,2.415,3.106453855372
2026,CE,WSR,1,rezago_24h,60,2.51666666666667,3.40421307597904
2026,CE,WSR,2,rezago_24h,120,2.4375,3.32679775960808
2026,CE,WSR,3,rezago_24h,180,2.22738888888889,3.14733476311483
2025,NE,CO,1,rezago_24h,60,0.173833333333333,0.269570646275394
2025,NE,CO,2,rezago_24h,120,0.344166666666667,0.602027131171567
2025,NE,CO,3,rezago_24h,180,0.319888888888889,0.639665711307259
2026,NE,CO,1,rezago_24h,60,0.241166666666667,0.558147232666555
2026,NE,CO,2,rezago_24h,120,0.200416666666667,0.439894873805094
2026,NE,CO,3,rezago_24h,180,0.173222222222222,0.383433320293257
2025,NE,NO,1,rezago_24h,60,5.23666666666667,13.7472179003608
2025,NE,NO,2,rezago_24h,120,6.58,14.2703188471737
2025,NE,NO,3,rezago_24h,180,9.61888888888889,24.93551015453
2026,NE,NO,1,rezago_24h,60,4.29,9.54430021880424
2026,NE,NO,2,rezago_24h,120,3.64166666666667,10.6443333907452
2026,NE,NO,3,rezago_24h,180,9.21833333333333,20.920074091647
2025,NE,NO2,1,rezago_24h,60,6.76333333333333,9.20081518127606
2025,NE,NO2,2,rezago_24h,120,5.76916666666667,8.62751895583738
2025,NE,NO2,3,rezago_24h,180,5.59777777777778,8.28220314221336
2026,NE,NO2,1,rezago_24h,60,4.71833333333333,7.17441054489264
2026,NE,NO2,2,rezago_24h,120,5.375,8.08526437415623
2026,NE,NO2,3,rezago_24h,180,4.58111111111111,7.09169310610034
2025,NE,NOX,1,rezago_24h,60,12.4833333333333,19.723082923316
2025,NE,NOX,2,rezago_24h,120,19.5966666666667,36.1468693895705
2025,NE,NOX,3,rezago_24h,180,15.5022222222222,30.8596896362301
2026,NE,NOX,1,rezago_24h,60,6.57166666666667,13.22212161493
2026,NE,NOX,2,rezago_24h,120,5.15666666666667,8.19961381204424
2026,NE,NOX,3,rezago_24h,180,10.92,19.6167048994247
2025,NE,PM10,1,rezago_24h,60,36.8405,65.2746256340599
2025,NE,PM10,2,rezago_24h,120,29.180525,58.2422881550997
2025,NE,PM10,3,rezago_24h,180,19.4221666666667,31.1486383775885
2026,NE,PM10,1,rezago_24h,60,15.3617166666667,22.6993201656643
2026,NE,PM10,2,rezago_24h,120,16.5876083333333,25.9502378532773
2026,NE,PM10,3,rezago_24h,180,14.1963,21.9735833728694
2025,NE,PM2.5,1,rezago_24h,60,8.18105,11.9874686297817
2025,NE,PM2.5,2,rezago_24h,120,9.61078333333333,13.2635513337618
2025,NE,PM2.5,3,rezago_24h,180,9.08616666666667,13.8439899314548
2026,NE,PM2.5,1,rezago_24h,60,7.59043333333333,13.0988533823894
2026,NE,PM2.5,2,rezago_24h,120,6.29336666666667,8.74529554674969
2026,NE,PM2.5,3,rezago_24h,180,6.23369444444445,8.74077057529827
2025,NE,PRS,1,rezago_24h,60,2.54499999999999,3.49740379901053
2025,NE,PRS,2,rezago_24h,120,2.44083333333333,3.41495485572894
2025,NE,PRS,3,rezago_24h,180,2.32388888888889,2.99702630396643
2026,NE,PRS,1,rezago_24h,60,2.15333333333333,2.69851811185324
2026,NE,PRS,2,rezago_24h,120,2.1625,2.88315510046431
2026,NE,PRS,3,rezago_24h,180,1.95166666666667,2.47892225685993
2025,NE,RAINF,1,rezago_24h,60,5e-04,0.00288675134594813
2025,NE,RAINF,2,rezago_24h,120,0,0
2025,NE,RAINF,3,rezago_24h,180,0.00311111111111111,0.0235937844922485
2026,NE,RAINF,1,rezago_24h,60,0.00866666666666667,0.035683796509527
2026,NE,RAINF,2,rezago_24h,120,5e-04,0.00288675134594813
2026,NE,RAINF,3,rezago_24h,180,0.00105555555555556,0.00572518801243922
2025,NE,RH,1,rezago_24h,60,11.1666666666667,16.7282196701661
2025,NE,RH,2,rezago_24h,120,11.9583333333333,15.9533173143811
2025,NE,RH,3,rezago_24h,180,11.1,14.7010959530989
2026,NE,RH,1,rezago_24h,60,8.96666666666667,11.9135776882234
2026,NE,RH,2,rezago_24h,120,9.78333333333333,14.2402013094385
2026,NE,RH,3,rezago_24h,180,10.5944444444444,14.7329939629089
2025,NE,SO2,1,rezago_24h,60,0.83,1.362228566235
2025,NE,SO2,2,rezago_24h,120,2.21666666666667,5.22259514034929
2025,NE,SO2,3,rezago_24h,180,1.63944444444444,5.74347455813987
2026,NE,SO2,1,rezago_24h,60,0.508333333333333,1.05079335107654
2026,NE,SO2,2,rezago_24h,120,0.599166666666667,1.31386833434709
2026,NE,SO2,3,rezago_24h,180,0.643333333333333,1.30698975597448
2025,NE,SR,1,rezago_24h,60,0.0344166666666667,0.0906328674745904
2025,NE,SR,2,rezago_24h,120,0.0383166666666667,0.0978738984612343
2025,NE,SR,3,rezago_24h,180,0.0513833333333333,0.132271123076808
2026,NE,SR,1,rezago_24h,60,0.0488833333333333,0.139443357676155
2026,NE,SR,2,rezago_24h,120,0.0427333333333333,0.106614179794872
2026,NE,SR,3,rezago_24h,180,0.0561055555555556,0.13461820497656
2025,NE,TOUT,1,rezago_24h,60,2.02433333333333,4.08788249994216
2025,NE,TOUT,2,rezago_24h,120,1.73216666666667,2.92144228079214
2025,NE,TOUT,3,rezago_24h,180,1.90338888888889,3.27594490185656
2026,NE,TOUT,1,rezago_24h,60,4.28766666666667,6.37249689420612
2026,NE,TOUT,2,rezago_24h,120,2.54883333333333,3.66430166152661
2026,NE,TOUT,3,rezago_24h,180,3.72461111111111,5.75084095299693
2025,NE,WSR,1,rezago_24h,60,2.925,3.83203601235688
2025,NE,WSR,2,rezago_24h,120,3.51916666666667,4.51204868472552
2025,NE,WSR,3,rezago_24h,180,3.21944444444444,4.44552834005388
2026,NE,WSR,1,rezago_24h,60,3.13333333333333,3.69373343199894
2026,NE,WSR,2,rezago_24h,120,3.875,5.06272324610645
2026,NE,WSR,3,rezago_24h,180,2.86777777777778,3.57458622314061
2025,NE2,CO,1,rezago_24h,60,0.196833333333333,0.348953196479604
2025,NE2,CO,2,rezago_24h,120,0.26525,0.413343077842124
2025,NE2,CO,3,rezago_24h,180,0.280222222222222,0.409163102496357
2026,NE2,CO,1,rezago_24h,60,0.320766666666667,0.513872811760524
2026,NE2,CO,2,rezago_24h,120,0.26425,0.398537953023297
2026,NE2,CO,3,rezago_24h,180,0.273622222222222,0.421027051123533
2025,NE2,NO,1,rezago_24h,60,13.845,23.4552090873932
2025,NE2,NO,2,rezago_24h,120,14.0333333333333,21.2968033595029
2025,NE2,NO,3,rezago_24h,180,18.9811111111111,38.1229735344859
2026,NE2,NO,1,rezago_24h,60,12.4770666666667,25.5185772650697
2026,NE2,NO,2,rezago_24h,120,9.949825,21.4202807480434
2026,NE2,NO,3,rezago_24h,180,7.98222222222222,14.9930280093412
2025,NE2,NO2,1,rezago_24h,60,8.97833333333333,12.9022930778473
2025,NE2,NO2,2,rezago_24h,120,9.3725,13.0106911166676
2025,NE2,NO2,3,rezago_24h,180,7.92555555555556,10.1600524933027
2026,NE2,NO2,1,rezago_24h,60,5.55333333333333,8.24218822077406
2026,NE2,NO2,2,rezago_24h,120,4.7875,6.74102489734808
2026,NE2,NO2,3,rezago_24h,180,3.92611111111111,5.25314191698644
2025,NE2,NOX,1,rezago_24h,60,19.265,28.1134161329901
2025,NE2,NOX,2,rezago_24h,120,27.5766666666667,61.9310342235619
2025,NE2,NOX,3,rezago_24h,180,19.6188888888889,30.0031905710783
2026,NE2,NOX,1,rezago_24h,60,16.2212166666667,33.8532562404761
2026,NE2,NOX,2,rezago_24h,120,14.8113333333333,22.3739067233835
2026,NE2,NOX,3,rezago_24h,180,19.2507,31.2870107351988
2025,NE2,PM10,1,rezago_24h,60,25.9504166666667,48.2172687988097
2025,NE2,PM10,2,rezago_24h,120,22.4916666666667,40.4496600727373
2025,NE2,PM10,3,rezago_24h,180,16.3444444444444,23.731132856791
2026,NE2,PM10,1,rezago_24h,60,18.15,25.4157103645232
2026,NE2,PM10,2,rezago_24h,120,16.4125,21.724554080579
2026,NE2,PM10,3,rezago_24h,180,19.6574055555556,29.1864903003085
2025,NE2,PM2.5,1,rezago_24h,60,11.4874166666667,15.0178083315554
2025,NE2,PM2.5,2,rezago_24h,120,14.1513333333333,22.0426825537789
2025,NE2,PM2.5,3,rezago_24h,180,13.4463055555556,20.3718182007781
2026,NE2,PM2.5,1,rezago_24h,60,7.12561666666667,9.23034898130437
2026,NE2,PM2.5,2,rezago_24h,120,7.18285833333333,9.4852236518176
2026,NE2,PM2.5,3,rezago_24h,180,7.22558333333333,9.24449909255349
2025,NE2,PRS,1,rezago_24h,60,2.91500000000001,5.05247464120307
2025,NE2,PRS,2,rezago_24h,120,3.59166666666666,5.12765378446452
2025,NE2,PRS,3,rezago_24h,180,2.77944444444444,3.90350981667638
2026,NE2,PRS,1,rezago_24h,60,3.24500000000001,4.56864312460494
2026,NE2,PRS,2,rezago_24h,120,2.70083333333334,3.95433306639692
2026,NE2,PRS,3,rezago_24h,180,3.18166666666667,4.88808642404048
2025,NE2,RAINF,1,rezago_24h,60,0,0
2025,NE2,RAINF,2,rezago_24h,120,0,0
2025,NE2,RAINF,3,rezago_24h,180,0,0
2026,NE2,RAINF,1,rezago_24h,60,0,0
2026,NE2,RAINF,2,rezago_24h,120,0,0
2026,NE2,RAINF,3,rezago_24h,180,0,0
2025,NE2,RH,1,rezago_24h,60,9.25,11.6254032188135
2025,NE2,RH,2,rezago_24h,120,10.6,13.8906443335074
2025,NE2,RH,3,rezago_24h,180,10.05,13.9918627145288
2026,NE2,RH,1,rezago_24h,60,9.68333333333333,14.2729347601209
2026,NE2,RH,2,rezago_24h,120,9.2875,14.2928449465691
2026,NE2,RH,3,rezago_24h,180,8.63888888888889,12.4706321678841
2025,NE2,SO2,1,rezago_24h,60,2.90166666666667,5.59641254138161
2025,NE2,SO2,2,rezago_24h,120,2.38833333333333,5.53118432164396
2025,NE2,SO2,3,rezago_24h,180,3.08166666666667,8.86936362492322
2026,NE2,SO2,1,rezago_24h,60,2.47,4.82237838968836
2026,NE2,SO2,2,rezago_24h,120,2.07749166666667,5.96077060524336
2026,NE2,SO2,3,rezago_24h,180,2.09568888888889,3.90482403217126
2025,NE2,SR,1,rezago_24h,60,0.0389166666666667,0.0983935126587792
2025,NE2,SR,2,rezago_24h,120,0.04825,0.120728621295863
2025,NE2,SR,3,rezago_24h,180,0.0542055555555556,0.105578643673804
2026,NE2,SR,1,rezago_24h,60,0.0235833333333333,0.0603018794621417
2026,NE2,SR,2,rezago_24h,120,0.0395416666666667,0.0894478898577267
2026,NE2,SR,3,rezago_24h,180,0.0312388888888889,0.0941864875894862
2025,NE2,TOUT,1,rezago_24h,60,3.10683333333333,5.18990060919603
2025,NE2,TOUT,2,rezago_24h,120,2.69725,3.75523467975039
2025,NE2,TOUT,3,rezago_24h,180,2.44833333333333,3.39938180654464
2026,NE2,TOUT,1,rezago_24h,60,2.60166666666667,3.86330816787892
2026,NE2,TOUT,2,rezago_24h,120,2.73220833333333,4.21553152540302
2026,NE2,TOUT,3,rezago_24h,180,2.57077777777778,3.89518919808639
2025,NE2,WSR,1,rezago_24h,60,3.69666666666667,4.93923070933116
2025,NE2,WSR,2,rezago_24h,120,3.14083333333333,4.09372487269642
2025,NE2,WSR,3,rezago_24h,180,3.27888888888889,4.5269072101037
2026,NE2,WSR,1,rezago_24h,60,3.73833333333333,5.31906946749147
2026,NE2,WSR,2,rezago_24h,120,3.56135833333333,5.07504338979809
2026,NE2,WSR,3,rezago_24h,180,3.335,4.33921715929908
2025,NE3,CO,1,rezago_24h,60,0.0501666666666667,0.0782363939182612
2025,NE3,CO,2,rezago_24h,120,0.0787083333333333,0.123485525467562
2025,NE3,CO,3,rezago_24h,180,0.0641111111111111,0.107425426330186
2026,NE3,CO,1,rezago_24h,60,0.0764166666666667,0.110058393591766
2026,NE3,CO,2,rezago_24h,120,0.0678166666666667,0.103091625912745
2026,NE3,CO,3,rezago_24h,180,0.0689777777777778,0.107207327693172
2025,NE3,NO,1,rezago_24h,60,8.24166666666667,17.5414699118023
2025,NE3,NO,2,rezago_24h,120,5.5975,13.4685714411985
2025,NE3,NO,3,rezago_24h,180,9.99666666666667,22.4738143921617
2026,NE3,NO,1,rezago_24h,60,2.32918333333333,7.28545348050941
2026,NE3,NO,2,rezago_24h,120,4.94180833333333,12.0001791247048
2026,NE3,NO,3,rezago_24h,180,4.9436,12.583402886342
2025,NE3,NO2,1,rezago_24h,60,4.31166666666667,6.64729268198716
2025,NE3,NO2,2,rezago_24h,120,4.19083333333333,5.63299062073898
2025,NE3,NO2,3,rezago_24h,180,5.095,7.35037791923351
2026,NE3,NO2,1,rezago_24h,60,3.86306666666667,6.83153414200159
2026,NE3,NO2,2,rezago_24h,120,3.731825,5.78501544725682
2026,NE3,NO2,3,rezago_24h,180,4.20668888888889,6.8966201214798
2025,NE3,NOX,1,rezago_24h,60,10.2333333333333,23.312922024777
2025,NE3,NOX,2,rezago_24h,120,11.4783333333333,20.5110986216406
2025,NE3,NOX,3,rezago_24h,180,11.2405555555556,19.5505825431821
2026,NE3,NOX,1,rezago_24h,60,6.06185,10.192431761688
2026,NE3,NOX,2,rezago_24h,120,4.93984166666667,8.20886602450871
2026,NE3,NOX,3,rezago_24h,180,7.01573333333333,12.4178244914317
2025,NE3,PM10,1,rezago_24h,60,20.7833333333333,39.8879681106972
2025,NE3,PM10,2,rezago_24h,120,19.75,31.9223015043298
2025,NE3,PM10,3,rezago_24h,180,15.7833333333333,20.8884603974965
2026,NE3,PM10,1,rezago_24h,60,20.1472,30.30755809695
2026,NE3,PM10,2,rezago_24h,120,21.7294416666667,32.8505843767149
2026,NE3,PM10,3,rezago_24h,180,15.1379722222222,23.3116607031522
2025,NE3,PRS,1,rezago_24h,60,2.35,3.5660435592778
2025,NE3,PRS,2,rezago_24h,120,2.0825,3.41517447089701
2025,NE3,PRS,3,rezago_24h,180,1.80555555555556,2.49109525220445
2026,NE3,PRS,1,rezago_24h,60,3.2,4.35889894354067
2026,NE3,PRS,2,rezago_24h,120,2.975,3.90832444917256
2026,NE3,PRS,3,rezago_24h,180,2.43888888888889,3.52530534532511
2025,NE3,RAINF,1,rezago_24h,60,0.0433333333333333,0.269567554922076
2025,NE3,RAINF,2,rezago_24h,120,0.0516666666666667,0.368329562574967
2025,NE3,RAINF,3,rezago_24h,180,0.04,0.391010087963072
2026,NE3,RAINF,1,rezago_24h,60,0.113333333333333,0.438178046004133
2026,NE3,RAINF,2,rezago_24h,120,0.0633333333333333,0.470460767050063
2026,NE3,RAINF,3,rezago_24h,180,0.244444444444444,2.62881468853677
2025,NE3,RH,1,rezago_24h,60,10.1666666666667,14.9398795175865
2025,NE3,RH,2,rezago_24h,120,9.39166666666667,13.4105058318718
2025,NE3,RH,3,rezago_24h,180,7.53888888888889,10.347570836782
2026,NE3,RH,1,rezago_24h,60,12.6,16.5589854761697
2026,NE3,RH,2,rezago_24h,120,11.2833333333333,16.2095650774473
2026,NE3,RH,3,rezago_24h,180,10.5555555555556,15.8026017548447
2025,NE3,SO2,1,rezago_24h,60,1.35333333333333,3.50737318611332
2025,NE3,SO2,2,rezago_24h,120,2.00833333333333,5.52227308270788
2025,NE3,SO2,3,rezago_24h,180,1.53388888888889,3.23962446383322
2026,NE3,SO2,1,rezago_24h,60,1.52553333333333,3.58579801903751
2026,NE3,SO2,2,rezago_24h,120,2.24850833333333,7.13010829452587
2026,NE3,SO2,3,rezago_24h,180,1.0551,1.88243095786037
2025,NE3,SR,1,rezago_24h,60,0.0292833333333333,0.0725232146741074
2025,NE3,SR,2,rezago_24h,120,0.0528416666666667,0.124849409289752
2025,NE3,SR,3,rezago_24h,180,0.0525722222222222,0.11308367108768
2026,NE3,SR,1,rezago_24h,60,0.0683333333333333,0.139331259952675
2026,NE3,SR,2,rezago_24h,120,0.0922833333333333,0.19643650373594
2026,NE3,SR,3,rezago_24h,180,0.0727166666666667,0.175445163956022
2025,NE3,TOUT,1,rezago_24h,60,2.62833333333333,3.93033077488397
2025,NE3,TOUT,2,rezago_24h,120,3.33083333333333,4.45956836476357
2025,NE3,TOUT,3,rezago_24h,180,2.49555555555556,3.58870140549166
2026,NE3,TOUT,1,rezago_24h,60,2.96166666666667,4.24328881882909
2026,NE3,TOUT,2,rezago_24h,120,2.77666666666667,4.10123964999202
2026,NE3,TOUT,3,rezago_24h,180,2.55888888888889,3.63195692583366
2025,NE3,WSR,1,rezago_24h,60,4.19666666666667,5.99708262407648
2025,NE3,WSR,2,rezago_24h,120,3.39916666666667,4.63413961809525
2025,NE3,WSR,3,rezago_24h,180,3.83777777777778,5.40320892309993
2026,NE3,WSR,1,rezago_24h,60,4.06943333333333,5.6327966884429
2026,NE3,WSR,2,rezago_24h,120,5.23575,7.16455436157756
2026,NE3,WSR,3,rezago_24h,180,5.19225555555556,7.54084235200404
2025,NO,CO,1,rezago_24h,60,0.315333333333333,0.462374307244683
2025,NO,CO,2,rezago_24h,120,0.333083333333333,0.605132905511949
2025,NO,CO,3,rezago_24h,180,0.334388888888889,0.600208759979022
2026,NO,CO,1,rezago_24h,60,0.190766666666667,0.284417885044758
2026,NO,CO,2,rezago_24h,120,0.207633333333333,0.406190021213389
2026,NO,CO,3,rezago_24h,180,0.158227777777778,0.235346777236391
2025,NO,NO,1,rezago_24h,60,6.83666666666667,20.4704909564964
2025,NO,NO,2,rezago_24h,120,15.1075,34.0021139048736
2025,NO,NO,3,rezago_24h,180,7.10222222222222,17.5294323924079
2026,NO,NO,1,rezago_24h,60,4.09546666666667,9.13337238008685
2026,NO,NO,2,rezago_24h,120,5.0242,14.326419519545
2026,NO,NO,3,rezago_24h,180,4.95795,13.9327341775084
2025,NO,NO2,1,rezago_24h,60,4.75666666666667,6.10639009562933
2025,NO,NO2,2,rezago_24h,120,3.5425,5.18580594829129
2025,NO,NO2,3,rezago_24h,180,6.00277777777778,9.47929029223414
2026,NO,NO2,1,rezago_24h,60,6.18273333333333,10.4486764265464
2026,NO,NO2,2,rezago_24h,120,6.278175,10.2095564109482
2026,NO,NO2,3,rezago_24h,180,6.07698333333333,9.7308655675867
2025,NO,NOX,1,rezago_24h,60,12.2316666666667,29.9902234069705
2025,NO,NOX,2,rezago_24h,120,14.3608333333333,34.2410827807767
2025,NO,NOX,3,rezago_24h,180,11.2538888888889,25.124716692709
2026,NO,NOX,1,rezago_24h,60,7.73501666666667,12.1644013162725
2026,NO,NOX,2,rezago_24h,120,13.7408416666667,27.0780955255658
2026,NO,NOX,3,rezago_24h,180,11.26605,23.796844867078
2025,NO,PM10,1,rezago_24h,60,21.4166666666667,32.7894800202748
2025,NO,PM10,2,rezago_24h,120,17.8555583333333,26.0593004653169
2025,NO,PM10,3,rezago_24h,180,17.5833333333333,27.6183312714983
2026,NO,PM10,1,rezago_24h,60,15.1805333333333,23.487343953003
2026,NO,PM10,2,rezago_24h,120,14.8155833333333,20.2999064115248
2026,NO,PM10,3,rezago_24h,180,14.3867166666667,19.6231563840332
2025,NO,PM2.5,1,rezago_24h,60,4.08333333333333,5.26466206576136
2025,NO,PM2.5,2,rezago_24h,120,4.21666666666667,5.49090156531694
2025,NO,PM2.5,3,rezago_24h,180,4.15555555555556,5.3748384988657
2026,NO,PM2.5,1,rezago_24h,60,5.893,7.60249735503626
2026,NO,PM2.5,2,rezago_24h,120,6.27060833333333,8.18987251477905
2026,NO,PM2.5,3,rezago_24h,180,6.72610555555556,8.9836684906557
2025,NO,PRS,1,rezago_24h,60,2.29333333333334,3.63391432663642
2025,NO,PRS,2,rezago_24h,120,1.88333333333333,2.62824402722933
2025,NO,PRS,3,rezago_24h,180,2.50166666666667,3.78673855565563
2026,NO,PRS,1,rezago_24h,60,2.35551666666666,3.27694348186436
2026,NO,PRS,2,rezago_24h,120,1.95363333333333,2.58917956117377
2026,NO,PRS,3,rezago_24h,180,2.49462777777778,3.75630969096592
2025,NO,RAINF,1,rezago_24h,60,0,0
2025,NO,RAINF,2,rezago_24h,120,0,0
2025,NO,RAINF,3,rezago_24h,180,0.00222222222222222,0.0298142396999972
2026,NO,RAINF,1,rezago_24h,60,0.0327166666666667,0.191490078071946
2026,NO,RAINF,2,rezago_24h,120,0.0125666666666667,0.0660291602248582
2026,NO,RAINF,3,rezago_24h,180,0.0321777777777778,0.243520202219218
2025,NO,RH,1,rezago_24h,60,12.5,17.3387811951513
2025,NO,RH,2,rezago_24h,120,10.25,14.4146915795425
2025,NO,RH,3,rezago_24h,180,9.10555555555556,13.441436761828
2026,NO,RH,1,rezago_24h,60,12.1611166666667,17.0638792214236
2026,NO,RH,2,rezago_24h,120,14.325,19.7095371263085
2026,NO,RH,3,rezago_24h,180,12.9266444444444,17.1418853267532
2025,NO,SO2,1,rezago_24h,60,2.05166666666667,3.76140487938572
2025,NO,SO2,2,rezago_24h,120,1.64666666666667,2.62627746693554
2025,NO,SO2,3,rezago_24h,180,1.98944444444444,3.3967059206106
2026,NO,SO2,1,rezago_24h,60,1.40433333333333,2.27498045412849
2026,NO,SO2,2,rezago_24h,120,1.14413333333333,1.86453535766957
2026,NO,SO2,3,rezago_24h,180,1.32359444444444,3.0853362980755
2025,NO,SR,1,rezago_24h,60,0.0389833333333333,0.0923228935132921
2025,NO,SR,2,rezago_24h,120,0.030775,0.0808850521831239
2025,NO,SR,3,rezago_24h,180,0.0523555555555556,0.117047283892736
2026,NO,SR,1,rezago_24h,60,0.03465,0.0762510109222604
2026,NO,SR,2,rezago_24h,120,0.040025,0.0892323278488986
2026,NO,SR,3,rezago_24h,180,0.04655,0.0930427321180972
2025,NO,TOUT,1,rezago_24h,60,2.948,4.7064530168695
2025,NO,TOUT,2,rezago_24h,120,2.1295,3.06879753866777
2025,NO,TOUT,3,rezago_24h,180,2.08705555555556,2.94985526951936
2026,NO,TOUT,1,rezago_24h,60,2.62173333333333,4.15290586216447
2026,NO,TOUT,2,rezago_24h,120,2.053175,3.15696388824242
2026,NO,TOUT,3,rezago_24h,180,2.65787777777778,3.89526782134425
2025,NO,WSR,1,rezago_24h,60,4.21666666666667,5.59592113358769
2025,NO,WSR,2,rezago_24h,120,3.47666666666667,4.64973117502507
2025,NO,WSR,3,rezago_24h,180,3.88777777777778,5.62511234455712
2026,NO,WSR,1,rezago_24h,60,3.0193,4.20050364043805
2026,NO,WSR,2,rezago_24h,120,3.71325,5.76093553021845
2026,NO,WSR,3,rezago_24h,180,2.61827777777778,3.66900162169493
2025,NO2,CO,1,rezago_24h,60,0.191166666666667,0.290542595844396
2025,NO2,CO,2,rezago_24h,120,0.222916666666667,0.437288043894792
2025,NO2,CO,3,rezago_24h,180,0.233666666666667,0.417919449974115
2026,NO2,CO,1,rezago_24h,60,0.173,0.293768616431368
2026,NO2,CO,2,rezago_24h,120,0.1335,0.208210630532321
2026,NO2,CO,3,rezago_24h,180,0.194611111111111,0.424663919405033
2025,NO2,NO,1,rezago_24h,60,3.56666666666667,7.53850117728982
2025,NO2,NO,2,rezago_24h,120,7.84083333333333,13.2072423313877
2025,NO2,NO,3,rezago_24h,180,4.17222222222222,8.85295932944961
2026,NO2,NO,1,rezago_24h,60,3.63,8.13418711365801
2026,NO2,NO,2,rezago_24h,120,6.2425,13.1222997222286
2026,NO2,NO,3,rezago_24h,180,2.77611111111111,6.58347679168589
2025,NO2,NO2,1,rezago_24h,60,7.10166666666667,9.97201918703863
2025,NO2,NO2,2,rezago_24h,120,6.51,9.65223635571916
2025,NO2,NO2,3,rezago_24h,180,5.84666666666667,9.10504133860895
2026,NO2,NO2,1,rezago_24h,60,4.455,6.57780358478421
2026,NO2,NO2,2,rezago_24h,120,5.76083333333333,8.46472582741658
2026,NO2,NO2,3,rezago_24h,180,4.17166666666667,5.83058506688842
2025,NO2,NOX,1,rezago_24h,60,12.08,22.9364556982983
2025,NO2,NOX,2,rezago_24h,120,12.055,20.9789894894869
2025,NO2,NOX,3,rezago_24h,180,11.4127777777778,17.5807138649146
2026,NO2,NOX,1,rezago_24h,60,8.11666666666667,14.1146023677608
2026,NO2,NOX,2,rezago_24h,120,9.93583333333333,17.0966444076023
2026,NO2,NOX,3,rezago_24h,180,8.41611111111111,14.6284331203159
2025,NO2,PM10,1,rezago_24h,60,28.4666666666667,48.8183708590663
2025,NO2,PM10,2,rezago_24h,120,25.1083333333333,39.9994791632758
2025,NO2,PM10,3,rezago_24h,180,21.8222222222222,31.4939588563338
2026,NO2,PM10,1,rezago_24h,60,15.1333333333333,24.6637385649459
2026,NO2,PM10,2,rezago_24h,120,13.5625,19.361527574032
2026,NO2,PM10,3,rezago_24h,180,14.05,20.601914689875
2025,NO2,PM2.5,1,rezago_24h,60,6.68366666666667,8.71762066162551
2025,NO2,PM2.5,2,rezago_24h,120,7.46908333333333,10.3237451618425
2025,NO2,PM2.5,3,rezago_24h,180,6.51944444444445,8.47626608045469
2026,NO2,PM2.5,1,rezago_24h,60,4.89541666666667,6.98401189026288
2026,NO2,PM2.5,2,rezago_24h,120,4.60366666666667,6.38807691458601
2026,NO2,PM2.5,3,rezago_24h,180,4.7665,6.56103021636084
2025,NO2,PRS,1,rezago_24h,60,2.30500000000001,3.27635468165461
2025,NO2,PRS,2,rezago_24h,120,2.04333333333334,2.96911883673703
2025,NO2,PRS,3,rezago_24h,180,1.98666666666667,2.61383073497714
2026,NO2,PRS,1,rezago_24h,60,2.02,2.8123536998986
2026,NO2,PRS,2,rezago_24h,120,2.3325,2.99389656913306
2026,NO2,PRS,3,rezago_24h,180,2.08111111111111,2.65047165613971
2025,NO2,RAINF,1,rezago_24h,60,0,0
2025,NO2,RAINF,2,rezago_24h,120,0.189916666666667,1.68558026606072
2025,NO2,RAINF,3,rezago_24h,180,0.00705555555555556,0.0585424822007252
2026,NO2,RAINF,1,rezago_24h,60,5e-04,0.00387298334620742
2026,NO2,RAINF,2,rezago_24h,120,0.001,0.00547722557505166
2026,NO2,RAINF,3,rezago_24h,180,0.000333333333333333,0.00316227766016838
2025,NO2,RH,1,rezago_24h,60,10.5833333333333,14.81271975927
2025,NO2,RH,2,rezago_24h,120,11.3,16.6573307185355
2025,NO2,RH,3,rezago_24h,180,9.31666666666667,12.2086035237451
2026,NO2,RH,1,rezago_24h,60,8.41666666666667,12.7482024876712
2026,NO2,RH,2,rezago_24h,120,10.8333333333333,14.5212487984562
2026,NO2,RH,3,rezago_24h,180,10.4555555555556,15.4668103441602
2025,NO2,SO2,1,rezago_24h,60,0.39,0.634297511687799
2025,NO2,SO2,2,rezago_24h,120,0.321666666666667,0.595259047250299
2025,NO2,SO2,3,rezago_24h,180,0.374444444444444,0.642131866000538
2026,NO2,SO2,1,rezago_24h,60,0.111666666666667,0.159687194226713
2026,NO2,SO2,2,rezago_24h,120,0.11,0.151657508881031
2026,NO2,SO2,3,rezago_24h,180,0.103888888888889,0.14586904324694
2025,NO2,SR,1,rezago_24h,60,0.0109333333333333,0.0368030795812887
2025,NO2,SR,2,rezago_24h,120,0.00408333333333333,0.0190613046073277
2025,NO2,SR,3,rezago_24h,180,0.0258944444444444,0.134616100242298
2025,NO2,TOUT,1,rezago_24h,60,2.86766666666667,4.2254005727268
2025,NO2,TOUT,2,rezago_24h,120,3.11308333333333,4.63114303745127
2025,NO2,TOUT,3,rezago_24h,180,2.34922222222222,4.24714570819823
2026,NO2,TOUT,1,rezago_24h,60,2.3145,3.3378169013094
2026,NO2,TOUT,2,rezago_24h,120,2.38091666666667,3.72461530452028
2026,NO2,TOUT,3,rezago_24h,180,1.63577777777778,2.30577824895052
2025,NO2,WSR,1,rezago_24h,60,3.16666666666667,4.46866870555426
2025,NO2,WSR,2,rezago_24h,120,3.12333333333333,4.30977570955458
2025,NO2,WSR,3,rezago_24h,180,2.9,4.02895078704673
2026,NO2,WSR,1,rezago_24h,60,2.76666666666667,3.69779213405333
2026,NO2,WSR,2,rezago_24h,120,3.24166666666667,4.15329186710173
2026,NO2,WSR,3,rezago_24h,180,3.32555555555556,4.36038989082398
2025,NO3,CO,1,rezago_24h,60,0.177,0.295713825626511
2025,NO3,CO,2,rezago_24h,120,0.177416666666667,0.260887906963891
2025,NO3,CO,3,rezago_24h,180,0.207166666666667,0.317128610433615
2026,NO3,CO,1,rezago_24h,60,0.228333333333333,0.39934112401972
2026,NO3,CO,2,rezago_24h,120,0.227166666666667,0.481253571415319
2026,NO3,CO,3,rezago_24h,180,0.177944444444444,0.313827181741799
2025,NO3,NO,1,rezago_24h,60,11.3116666666667,26.6032610782964
2025,NO3,NO,2,rezago_24h,120,8.6125,18.3970264807477
2025,NO3,NO,3,rezago_24h,180,12.0266666666667,25.0285836594882
2026,NO3,NO,1,rezago_24h,60,9.10471666666667,22.4888713178318
2026,NO3,NO,2,rezago_24h,120,7.33640833333333,19.0254130250831
2026,NO3,NO,3,rezago_24h,180,8.63697222222222,18.7697553149564
2025,NO3,NO2,1,rezago_24h,60,5.11833333333333,6.78585538700416
2025,NO3,NO2,2,rezago_24h,120,7.41416666666667,10.594137529785
2025,NO3,NO2,3,rezago_24h,180,6.73388888888889,8.76660646367161
2026,NO3,NO2,1,rezago_24h,60,5.66333333333333,9.35523026618444
2026,NO3,NO2,2,rezago_24h,120,7.8961,11.9613757960083
2026,NO3,NO2,3,rezago_24h,180,6.12611111111111,9.07236646820075
2025,NO3,NOX,1,rezago_24h,60,14.5233333333333,23.820474386544
2025,NO3,NOX,2,rezago_24h,120,12.0158333333333,21.3939224235919
2025,NO3,NOX,3,rezago_24h,180,17.2461111111111,33.7758041272809
2026,NO3,NOX,1,rezago_24h,60,8.15918333333333,16.7369483483898
2026,NO3,NOX,2,rezago_24h,120,17.9275,36.9216778013495
2026,NO3,NOX,3,rezago_24h,180,19.9761111111111,40.9149052574025
2025,NO3,PM10,1,rezago_24h,60,21.3,28.1703153455311
2025,NO3,PM10,2,rezago_24h,120,21.5166666666667,29.5208965536844
2025,NO3,PM10,3,rezago_24h,180,29.9944444444444,49.441042329897
2026,NO3,PM10,1,rezago_24h,60,16.2916666666667,19.9295634673718
2026,NO3,PM10,2,rezago_24h,120,15.9125,25.5248653277544
2026,NO3,PM10,3,rezago_24h,180,17.5767888888889,27.2555668126307
2025,NO3,PM2.5,1,rezago_24h,60,6.232,7.92744073876725
2025,NO3,PM2.5,2,rezago_24h,120,5.09183333333333,7.03469544472254
2025,NO3,PM2.5,3,rezago_24h,180,5.58444444444444,7.7103421886883
2026,NO3,PM2.5,1,rezago_24h,60,5.41308333333333,7.79750422143735
2026,NO3,PM2.5,2,rezago_24h,120,5.23585833333333,7.15763169689062
2026,NO3,PM2.5,3,rezago_24h,180,4.52705555555556,6.43092906282686
2025,NO3,PRS,1,rezago_24h,60,2.89833333333334,4.43965088717572
2025,NO3,PRS,2,rezago_24h,120,2.87833333333333,4.00064578120416
2025,NO3,PRS,3,rezago_24h,180,2.94444444444445,4.13397844428074
2026,NO3,PRS,1,rezago_24h,60,2.15000000000001,3.30524835173799
2026,NO3,PRS,2,rezago_24h,120,2.20416666666666,3.01972680883552
2026,NO3,PRS,3,rezago_24h,180,2.19222222222222,3.13501727799598
2025,NO3,RH,1,rezago_24h,60,10.2166666666667,14.2682631505497
2025,NO3,RH,2,rezago_24h,120,11.0583333333333,15.0828268791585
2025,NO3,RH,3,rezago_24h,180,13.9555555555556,19.903656838771
2026,NO3,RH,1,rezago_24h,60,10.1,13.7598449603669
2026,NO3,RH,2,rezago_24h,120,8.76666666666667,11.6561857683664
2026,NO3,RH,3,rezago_24h,180,9.71111111111111,13.8162545173751
2025,NO3,SO2,1,rezago_24h,60,1.40833333333333,2.59374246986859
2025,NO3,SO2,2,rezago_24h,120,1.61916666666667,4.42134029452608
2025,NO3,SO2,3,rezago_24h,180,1.93277777777778,3.88383401636407
2026,NO3,SO2,1,rezago_24h,60,0.5898,1.21393673640763
2026,NO3,SO2,2,rezago_24h,120,0.919583333333333,1.70966005392885
2026,NO3,SO2,3,rezago_24h,180,0.801111111111111,1.75020633704207
2025,NO3,SR,1,rezago_24h,60,0.04365,0.104294854459205
2025,NO3,SR,2,rezago_24h,120,0.065775,0.132185255103081
2025,NO3,SR,3,rezago_24h,180,0.065,0.12472124473757
2026,NO3,SR,1,rezago_24h,60,0.0690833333333333,0.158401862362789
2026,NO3,SR,2,rezago_24h,120,0.109358333333333,0.211938886631658
2026,NO3,SR,3,rezago_24h,180,0.0888555555555556,0.191550254502572
2025,NO3,TOUT,1,rezago_24h,60,2.29416666666667,3.47733207119098
2025,NO3,TOUT,2,rezago_24h,120,2.11041666666667,3.22794374692827
2025,NO3,TOUT,3,rezago_24h,180,2.59844444444444,4.048955832475
2026,NO3,TOUT,1,rezago_24h,60,2.57216666666667,3.61348239237443
2026,NO3,TOUT,2,rezago_24h,120,2.52358333333333,4.09562418930253
2026,NO3,TOUT,3,rezago_24h,180,2.63916666666667,3.61112736321129
2025,NO3,WSR,1,rezago_24h,60,3.56166666666667,4.91574002567264
2025,NO3,WSR,2,rezago_24h,120,3.47583333333333,4.65502416749903
2025,NO3,WSR,3,rezago_24h,180,3.69666666666667,5.70735393057842
2026,NO3,WSR,1,rezago_24h,60,3.61916666666667,4.63487234631836
2026,NO3,WSR,2,rezago_24h,120,3.16625,4.14943520253058
2026,NO3,WSR,3,rezago_24h,180,3.09800555555556,4.10157927104508
2025,NTE,CO,1,rezago_24h,60,0.148666666666667,0.236001412425152
2025,NTE,CO,2,rezago_24h,120,0.3515,0.691686345101593
2025,NTE,CO,3,rezago_24h,180,0.213055555555556,0.38742239366241
2026,NTE,CO,1,rezago_24h,60,0.131166666666667,0.255404907287755
2026,NTE,CO,2,rezago_24h,120,0.148833333333333,0.29070317049068
2026,NTE,CO,3,rezago_24h,180,0.214722222222222,0.40077632997305
2025,NTE,NO,1,rezago_24h,60,8.55166666666667,21.0264634845394
2025,NTE,NO,2,rezago_24h,120,8.23083333333333,20.616011172549
2025,NTE,NO,3,rezago_24h,180,8.40166666666667,23.5058373364764
2026,NTE,NO,1,rezago_24h,60,4.82666666666667,13.4071001090218
2026,NTE,NO,2,rezago_24h,120,6.34333333333333,15.7035187139698
2026,NTE,NO,3,rezago_24h,180,7.07777777777778,19.4505898225335
2025,NTE,NO2,1,rezago_24h,60,6.45333333333333,9.6669885003897
2025,NTE,NO2,2,rezago_24h,120,5.5325,8.19249148102497
2025,NTE,NO2,3,rezago_24h,180,7.47944444444445,10.7138824791846
2026,NTE,NO2,1,rezago_24h,60,5.07166666666667,7.96838544917769
2026,NTE,NO2,2,rezago_24h,120,5.765,9.18796314025403
2026,NTE,NO2,3,rezago_24h,180,5.26722222222222,9.31799632729889
2025,NTE,NOX,1,rezago_24h,60,11.87,23.6202808337807
2025,NTE,NOX,2,rezago_24h,120,16.4716666666667,32.1880826808101
2025,NTE,NOX,3,rezago_24h,180,9.465,19.2368266613805
2026,NTE,NOX,1,rezago_24h,60,9.755,20.4565759598228
2026,NTE,NOX,2,rezago_24h,120,10.7408333333333,24.0971177391267
2026,NTE,NOX,3,rezago_24h,180,19.2366666666667,36.4802046777884
2025,NTE,PM10,1,rezago_24h,60,28.1898333333333,52.5684465086551
2025,NTE,PM10,2,rezago_24h,120,20.8695833333333,31.9408497982338
2025,NTE,PM10,3,rezago_24h,180,18.1638888888889,27.2320663515969
2026,NTE,PM10,1,rezago_24h,60,18.5,29.4125823415762
2026,NTE,PM10,2,rezago_24h,120,16.375,32.8482622574366
2026,NTE,PM10,3,rezago_24h,180,13.8244333333333,22.0553221810771
2025,NTE,PM2.5,1,rezago_24h,60,8.74583333333333,12.0778000894203
2025,NTE,PM2.5,2,rezago_24h,120,6.52608333333333,9.02009132437139
2025,NTE,PM2.5,3,rezago_24h,180,8.94916666666667,22.8794619327757
2026,NTE,PM2.5,1,rezago_24h,60,6.58666666666667,8.8435456690176
2026,NTE,PM2.5,2,rezago_24h,120,7.3319,10.4578873958048
2026,NTE,PM2.5,3,rezago_24h,180,8.12122222222222,15.6165411236505
2025,NTE,PRS,1,rezago_24h,60,2.04000000000001,3.0369941279715
2025,NTE,PRS,2,rezago_24h,120,2.71583333333333,5.11063433766624
2025,NTE,PRS,3,rezago_24h,180,2.03888888888889,2.84231908444105
2026,NTE,PRS,1,rezago_24h,60,2.015,2.85741724872888
2026,NTE,PRS,2,rezago_24h,120,1.895,2.43098059775611
2026,NTE,PRS,3,rezago_24h,180,2.20944444444445,3.07461831416158
2025,NTE,RAINF,1,rezago_24h,60,0.396166666666667,2.37980986635487
2025,NTE,RAINF,2,rezago_24h,120,0.0563333333333333,0.443675932785782
2025,NTE,RAINF,3,rezago_24h,180,0.919388888888889,4.02725913135859
2026,NTE,RAINF,1,rezago_24h,60,0.0851666666666667,0.330960722745162
2026,NTE,RAINF,2,rezago_24h,120,0.421416666666667,2.42406287734731
2026,NTE,RAINF,3,rezago_24h,180,0.272222222222222,1.53211292012045
2025,NTE,RH,1,rezago_24h,12,2.33333333333333,3.16227766016838
2025,NTE,RH,2,rezago_24h,18,2,2.74873708374511
2025,NTE,RH,3,rezago_24h,21,1.33333333333333,1.66189793967763
2025,NTE,SO2,1,rezago_24h,60,1.02333333333333,1.94816152649962
2025,NTE,SO2,2,rezago_24h,120,1.55416666666667,3.31525514352465
2025,NTE,SO2,3,rezago_24h,180,1.43277777777778,5.83696553584709
2026,NTE,SO2,1,rezago_24h,60,1.055,1.39564799764602
2026,NTE,SO2,2,rezago_24h,120,1.2725,2.05505474379638
2026,NTE,SO2,3,rezago_24h,180,0.888333333333333,1.94355058819905
2025,NTE,SR,1,rezago_24h,60,0.01925,0.0661889970715174
2025,NTE,SR,2,rezago_24h,120,0.0223583333333333,0.0812158133206418
2025,NTE,SR,3,rezago_24h,180,0.00863888888888889,0.0282052989505321
2026,NTE,SR,1,rezago_24h,60,0,0
2026,NTE,SR,2,rezago_24h,120,0,0
2026,NTE,SR,3,rezago_24h,180,0,0
2025,NTE,TOUT,1,rezago_24h,60,2.41183333333333,3.67084799467371
2025,NTE,TOUT,2,rezago_24h,120,1.97925,2.69767662381292
2025,NTE,TOUT,3,rezago_24h,180,2.08938888888889,2.92313539808808
2026,NTE,TOUT,1,rezago_24h,60,2.51583333333333,3.5741966463342
2026,NTE,TOUT,2,rezago_24h,120,2.80575,3.77877769038261
2026,NTE,TOUT,3,rezago_24h,180,2.30222222222222,3.07597735145541
2025,NTE,WSR,1,rezago_24h,60,2.52333333333333,3.4119886674294
2025,NTE,WSR,2,rezago_24h,120,2.46083333333333,3.41297768329456
2025,NTE,WSR,3,rezago_24h,180,2.56833333333333,3.34322698401809
2026,NTE,WSR,1,rezago_24h,60,2.49,3.29454093919016
2026,NTE,WSR,2,rezago_24h,120,3.17416666666667,4.33025210967368
2026,NTE,WSR,3,rezago_24h,180,3.15388888888889,4.28391695116099
2025,NTE2,CO,1,rezago_24h,60,0.270166666666667,0.423274930354571
2025,NTE2,CO,2,rezago_24h,120,0.290833333333333,0.488676784797477
2025,NTE2,CO,3,rezago_24h,180,0.215166666666667,0.415132508965511
2026,NTE2,CO,1,rezago_24h,60,0.141333333333333,0.19710403344427
2026,NTE2,CO,2,rezago_24h,120,0.177916666666667,0.301702115780892
2026,NTE2,CO,3,rezago_24h,180,0.160222222222222,0.238499941765658
2025,NTE2,NO,1,rezago_24h,60,15.78,31.7540286158045
2025,NTE2,NO,2,rezago_24h,120,17.8933333333333,35.3472323291843
2025,NTE2,NO,3,rezago_24h,180,15.3588888888889,35.729880119213
2026,NTE2,NO,1,rezago_24h,60,5.855,13.2543389122204
2026,NTE2,NO,2,rezago_24h,120,10.6508333333333,25.2310209200236
2026,NTE2,NO,3,rezago_24h,180,11.2922222222222,21.3084125275546
2025,NTE2,NO2,1,rezago_24h,60,8.71166666666667,13.5625034562208
2025,NTE2,NO2,2,rezago_24h,120,9.71,14.5528691329236
2025,NTE2,NO2,3,rezago_24h,180,8.57277777777778,11.8661446514396
2026,NTE2,NO2,1,rezago_24h,60,5.66333333333333,7.68593954352145
2026,NTE2,NO2,2,rezago_24h,120,4.89666666666667,7.16500755989366
2026,NTE2,NO2,3,rezago_24h,180,5.38055555555556,7.50987128163104
2025,NTE2,NOX,1,rezago_24h,60,22.3966666666667,36.6307566579416
2025,NTE2,NOX,2,rezago_24h,120,24.8616666666667,40.6344558226144
2025,NTE2,NOX,3,rezago_24h,180,28.6461111111111,53.0029595609738
2026,NTE2,NOX,1,rezago_24h,60,15.6183333333333,29.5479074273177
2026,NTE2,NOX,2,rezago_24h,120,21.8375,40.1954526864254
2026,NTE2,NOX,3,rezago_24h,180,13.7838888888889,21.2145377303186
2025,NTE2,PM10,1,rezago_24h,60,21.8,38.0687973717759
2025,NTE2,PM10,2,rezago_24h,120,25.55,41.1780685964426
2025,NTE2,PM10,3,rezago_24h,180,29.3388888888889,49.8517245884678
2026,NTE2,PM10,1,rezago_24h,60,18.45,25.0256535046207
2026,NTE2,PM10,2,rezago_24h,120,16.3083333333333,23.2377207717682
2026,NTE2,PM10,3,rezago_24h,180,20.7555555555556,28.5929284186765
2025,NTE2,PM2.5,1,rezago_24h,60,10.6402166666667,13.3697659970796
2025,NTE2,PM2.5,2,rezago_24h,120,10.425,14.8932311246866
2025,NTE2,PM2.5,3,rezago_24h,180,10.7833333333333,15.1307266477486
2026,NTE2,PM2.5,1,rezago_24h,60,8.16666666666667,10.5245744173656
2026,NTE2,PM2.5,2,rezago_24h,120,10.7166666666667,16.3064404454191
2026,NTE2,PM2.5,3,rezago_24h,180,9.33333333333333,12.8909959963448
2025,NTE2,PRS,1,rezago_24h,60,2.18666666666667,3.05046444551207
2025,NTE2,PRS,2,rezago_24h,120,1.92083333333333,2.44085026169161
2025,NTE2,PRS,3,rezago_24h,180,2.24444444444445,3.20570671702131
2026,NTE2,PRS,1,rezago_24h,60,2.37666666666666,3.61330873300358
2026,NTE2,PRS,2,rezago_24h,120,2.02416666666666,2.78527377469432
2026,NTE2,PRS,3,rezago_24h,180,2.54111111111112,3.87778573701826
2025,NTE2,RAINF,1,rezago_24h,60,0.00133333333333333,0.00795822425754222
2025,NTE2,RAINF,2,rezago_24h,120,5e-04,0.00465474668125631
2025,NTE2,RAINF,3,rezago_24h,180,0.0206666666666667,0.153249977342757
2026,NTE2,RAINF,1,rezago_24h,60,0.148333333333333,1.08079446087897
2026,NTE2,RAINF,2,rezago_24h,120,0.00958333333333333,0.0562064646341208
2026,NTE2,RAINF,3,rezago_24h,180,0.176611111111111,1.52484152182011
2025,NTE2,RH,1,rezago_24h,60,11.0833333333333,16.8765122779165
2025,NTE2,RH,2,rezago_24h,120,9.71666666666667,12.2841361112616
2025,NTE2,RH,3,rezago_24h,180,9.34444444444444,12.9614813968157
2026,NTE2,RH,1,rezago_24h,60,9.66666666666667,14.5063204615551
2026,NTE2,RH,2,rezago_24h,120,7.23333333333333,9.9532239333126
2026,NTE2,RH,3,rezago_24h,180,9.55555555555556,14.1739197119216
2025,NTE2,SO2,1,rezago_24h,60,1.54,3.56309790304261
2025,NTE2,SO2,2,rezago_24h,120,1.48583333333333,2.90185285636608
2025,NTE2,SO2,3,rezago_24h,180,0.808888888888889,1.38912442447272
2026,NTE2,SO2,1,rezago_24h,60,0.961666666666667,1.49938876435255
2026,NTE2,SO2,2,rezago_24h,120,2.25083333333333,4.04104978110062
2026,NTE2,SO2,3,rezago_24h,180,1.43111111111111,2.40658817969894
2025,NTE2,SR,1,rezago_24h,60,0.0283166666666667,0.0598468879725588
2025,NTE2,SR,2,rezago_24h,120,0.0456333333333333,0.098340395226648
2025,NTE2,SR,3,rezago_24h,180,0.0447222222222222,0.0884097154037823
2026,NTE2,SR,1,rezago_24h,60,0.0318833333333333,0.0666364514861548
2026,NTE2,SR,2,rezago_24h,120,0.03405,0.0778375444970699
2026,NTE2,SR,3,rezago_24h,180,0.0446166666666667,0.0905559679608878
2025,NTE2,TOUT,1,rezago_24h,60,2.44183333333333,3.66979268260938
2025,NTE2,TOUT,2,rezago_24h,120,2.77275,4.40941161985739
2025,NTE2,TOUT,3,rezago_24h,180,2.09472222222222,3.21220995231909
2026,NTE2,TOUT,1,rezago_24h,60,1.7905,2.75636808137085
2026,NTE2,TOUT,2,rezago_24h,120,2.51991666666667,3.84516698813805
2026,NTE2,TOUT,3,rezago_24h,180,2.12838888888889,3.07795287307796
2025,NTE2,WSR,1,rezago_24h,60,1.99333333333333,2.5233575516231
2025,NTE2,WSR,2,rezago_24h,120,2.1475,3.25575132137985
2025,NTE2,WSR,3,rezago_24h,180,2.12277777777778,2.98273737064164
2026,NTE2,WSR,1,rezago_24h,60,2.49166666666667,3.40688029336713
2026,NTE2,WSR,2,rezago_24h,120,2.50833333333333,3.44085745127577
2026,NTE2,WSR,3,rezago_24h,180,2.13611111111111,3.14703564220892
2025,SE,CO,1,rezago_24h,60,0.150333333333333,0.262380131361605
2025,SE,CO,2,rezago_24h,120,0.156583333333333,0.247559757095804
2025,SE,CO,3,rezago_24h,180,0.172722222222222,0.341814602119661
2026,SE,CO,1,rezago_24h,60,0.160466666666667,0.246960658135393
2026,SE,CO,2,rezago_24h,120,0.193583333333333,0.312383951785833
2026,SE,CO,3,rezago_24h,180,0.224261111111111,0.380030210787394
2025,SE,NO,1,rezago_24h,60,6.94666666666667,14.3747695633704
2025,SE,NO,2,rezago_24h,120,4.37583333333333,8.66327978693212
2025,SE,NO,3,rezago_24h,180,9.39611111111111,16.7179427894437
2026,SE,NO,1,rezago_24h,60,6.56833333333333,12.4018882970834
2026,SE,NO,2,rezago_24h,120,5.48944166666667,14.2727995580755
2026,SE,NO,3,rezago_24h,180,5.98407222222222,12.8153466890721
2025,SE,NO2,1,rezago_24h,60,7.09666666666667,9.94233373006559
2025,SE,NO2,2,rezago_24h,120,5.5975,7.83427831179533
2025,SE,NO2,3,rezago_24h,180,6.54611111111111,8.96868936293865
2026,SE,NO2,1,rezago_24h,60,6.77555,9.89947458454235
2026,SE,NO2,2,rezago_24h,120,5.64361666666667,8.7284837056616
2026,SE,NO2,3,rezago_24h,180,6.16573888888889,9.66653157692964
2025,SE,NOX,1,rezago_24h,60,11.7333333333333,18.558538017132
2025,SE,NOX,2,rezago_24h,120,10.0116666666667,15.9263722590342
2025,SE,NOX,3,rezago_24h,180,15.1655555555556,25.4689527769705
2026,SE,NOX,1,rezago_24h,60,7.03833333333333,12.5408174760127
2026,SE,NOX,2,rezago_24h,120,11.7352833333333,19.3542302202042
2026,SE,NOX,3,rezago_24h,180,12.60555,20.4908191671023
2025,SE,PM10,1,rezago_24h,60,22.4546666666667,32.8954805406457
2025,SE,PM10,2,rezago_24h,120,21.570825,33.8545640011555
2025,SE,PM10,3,rezago_24h,180,14.1851833333333,21.3031608099466
2026,SE,PM10,1,rezago_24h,60,16.8308333333333,24.4608784361205
2026,SE,PM10,2,rezago_24h,120,18.6964,28.2063301987929
2026,SE,PM10,3,rezago_24h,180,17.0037111111111,30.8285618531474
2025,SE,PM2.5,1,rezago_24h,60,6.47201666666667,9.69324586589377
2025,SE,PM2.5,2,rezago_24h,120,8.38989166666667,13.7498504364593
2025,SE,PM2.5,3,rezago_24h,180,6.94451666666667,9.9976749099756
2026,SE,PM2.5,1,rezago_24h,60,4.5961,6.53785137487845
2026,SE,PM2.5,2,rezago_24h,120,6.065525,8.82260242077132
2026,SE,PM2.5,3,rezago_24h,180,4.62666666666667,7.25822538610889
2025,SE,PRS,1,rezago_24h,60,3.08666666666666,4.509064943718
2025,SE,PRS,2,rezago_24h,120,2.42,3.34302756993318
2025,SE,PRS,3,rezago_24h,180,1.97222222222223,3.18486001785532
2026,SE,PRS,1,rezago_24h,60,2.48333333333334,3.42262082815689
2026,SE,PRS,2,rezago_24h,120,2.66083333333334,3.75420874930169
2026,SE,PRS,3,rezago_24h,180,2.43777777777778,3.30791978943464
2025,SE,RAINF,1,rezago_24h,60,5e-04,0.00288675134594813
2025,SE,RAINF,2,rezago_24h,120,0.00075,0.00651920240520265
2025,SE,RAINF,3,rezago_24h,180,0.000222222222222222,0.00149071198499986
2026,SE,RAINF,1,rezago_24h,60,0.035,0.271108834234519
2026,SE,RAINF,2,rezago_24h,120,8.33333333333333e-05,0.000912870929175277
2026,SE,RAINF,3,rezago_24h,180,5.55555555555556e-05,0.00074535599249993
2025,SE,RH,1,rezago_24h,60,8.16666666666667,12.0926975209559
2025,SE,RH,2,rezago_24h,120,9.26666666666667,13.2419787041061
2025,SE,RH,3,rezago_24h,180,12.7888888888889,17.465203501057
2026,SE,RH,1,rezago_24h,60,9.86666666666667,13.1732051275813
2026,SE,RH,2,rezago_24h,120,10.1611083333333,15.8796399463275
2026,SE,RH,3,rezago_24h,180,12.7111055555556,18.23640863782
2025,SE,SO2,1,rezago_24h,60,1.58833333333333,2.97234475344522
2025,SE,SO2,2,rezago_24h,120,1.3825,3.31970129178314
2025,SE,SO2,3,rezago_24h,180,0.822777777777778,1.28571208112686
2026,SE,SO2,1,rezago_24h,60,0.332216666666667,0.504315823666083
2026,SE,SO2,2,rezago_24h,120,0.340275,0.716284527963574
2026,SE,SO2,3,rezago_24h,180,0.406855555555556,0.590233061312789
2025,SE,SR,1,rezago_24h,60,0.02885,0.0726221958724282
2025,SE,SR,2,rezago_24h,120,0.03495,0.0740181284100951
2025,SE,SR,3,rezago_24h,180,0.0325222222222222,0.083853112312212
2026,SE,SR,1,rezago_24h,60,0.0256333333333333,0.0654061668855978
2026,SE,SR,2,rezago_24h,120,0.0456833333333333,0.0980774353933326
2026,SE,SR,3,rezago_24h,180,0.0359111111111111,0.0767625487388798
2025,SE,TOUT,1,rezago_24h,60,2.60683333333333,3.92033948359918
2025,SE,TOUT,2,rezago_24h,120,2.4015,3.54960983771456
2025,SE,TOUT,3,rezago_24h,180,2.77922222222222,4.38705355436754
2026,SE,TOUT,1,rezago_24h,60,3.03316666666667,4.56742651829233
2026,SE,TOUT,2,rezago_24h,120,2.0805,3.40827063675016
2026,SE,TOUT,3,rezago_24h,180,2.03820555555556,3.24291605657624
2025,SE,WSR,1,rezago_24h,60,3.35833333333333,4.48822533599491
2025,SE,WSR,2,rezago_24h,120,3.93583333333333,5.13540813048648
2025,SE,WSR,3,rezago_24h,180,3.09666666666667,4.06154048497748
2026,SE,WSR,1,rezago_24h,60,4.14448333333333,5.32071765053049
2026,SE,WSR,2,rezago_24h,120,3.2586,4.35441302397158
2026,SE,WSR,3,rezago_24h,180,3.87703333333333,5.13639900124591
2025,SE2,CO,1,rezago_24h,60,0.2165,0.445853114825948
2025,SE2,CO,2,rezago_24h,120,0.27125,0.476020832877442
2025,SE2,CO,3,rezago_24h,180,0.284666666666667,0.681030265276237
2026,SE2,CO,1,rezago_24h,60,0.201833333333333,0.409555653523832
2026,SE2,CO,2,rezago_24h,120,0.196958333333333,0.307307188873501
2026,SE2,CO,3,rezago_24h,180,0.193266666666667,0.429147954284611
2025,SE2,NO,1,rezago_24h,60,9.51833333333333,22.0990007315565
2025,SE2,NO,2,rezago_24h,120,10.8566666666667,25.5841357094587
2025,SE2,NO,3,rezago_24h,180,8.62722222222222,23.6436190593196
2026,SE2,NO,1,rezago_24h,60,10.5558333333333,23.2854792019977
2026,SE2,NO,2,rezago_24h,120,6.57153333333333,16.3174880256327
2026,SE2,NO,3,rezago_24h,180,7.53138888888889,14.4939714479274
2025,SE2,NO2,1,rezago_24h,60,3.74833333333333,6.01383128019623
2025,SE2,NO2,2,rezago_24h,120,2.39,3.90399368168888
2025,SE2,NO2,3,rezago_24h,180,3.81277777777778,5.83027062455557
2026,SE2,NO2,1,rezago_24h,60,5.05916666666667,8.01172318127214
2026,SE2,NO2,2,rezago_24h,120,4.22125,6.03133657105399
2026,SE2,NO2,3,rezago_24h,180,4.05758888888889,5.84484671218065
2025,SE2,NOX,1,rezago_24h,60,10.4416666666667,22.6623807222454
2025,SE2,NOX,2,rezago_24h,120,13.41,23.2229161246673
2025,SE2,NOX,3,rezago_24h,180,10.7866666666667,22.6848627943834
2026,SE2,NOX,1,rezago_24h,60,7.5,15.3906086082823
2026,SE2,NOX,2,rezago_24h,120,10.9470833333333,25.5443629626316
2026,SE2,NOX,3,rezago_24h,180,11.2313888888889,20.6578438828666
2025,SE2,PM10,1,rezago_24h,60,27.1,43.0592614892546
2025,SE2,PM10,2,rezago_24h,120,25.55,42.4452588636234
2025,SE2,PM10,3,rezago_24h,180,16.65,26.5766187967293
2026,SE2,PM10,1,rezago_24h,60,21.5083333333333,50.0218702169361
2026,SE2,PM10,2,rezago_24h,120,21.4833333333333,38.3669779888904
2026,SE2,PM10,3,rezago_24h,180,15.3972222222222,23.0198159537483
2025,SE2,PM2.5,1,rezago_24h,60,7.1,11.5238882327103
2025,SE2,PM2.5,2,rezago_24h,120,15.15,31.3483120226061
2025,SE2,PM2.5,3,rezago_24h,180,12.5055555555556,20.3124209400171
2026,SE2,PM2.5,1,rezago_24h,60,9.0031,12.5823669779047
2026,SE2,PM2.5,2,rezago_24h,120,15.1091916666667,38.6813563047497
2026,SE2,PM2.5,3,rezago_24h,180,11.2453888888889,24.0940035416837
2025,SE2,PRS,1,rezago_24h,60,0.961666666666675,1.29890979928041
2025,SE2,PRS,2,rezago_24h,120,1.25583333333333,3.05901672655338
2025,SE2,PRS,3,rezago_24h,180,1.06555555555555,1.75049199433251
2026,SE2,PRS,1,rezago_24h,60,1.02166666666665,1.71811427637007
2026,SE2,PRS,2,rezago_24h,120,0.773749999999992,1.00754445724907
2026,SE2,PRS,3,rezago_24h,180,0.785000000000004,1.09350354366138
2025,SE2,RAINF,1,rezago_24h,60,0,0
2025,SE2,RAINF,2,rezago_24h,120,0,0
2025,SE2,RAINF,3,rezago_24h,180,0,0
2026,SE2,RAINF,1,rezago_24h,60,0,0
2026,SE2,RAINF,2,rezago_24h,120,0.000791666666666667,0.00678540099527409
2026,SE2,RAINF,3,rezago_24h,180,0.00375,0.0455811242609141
2025,SE2,RH,1,rezago_24h,60,10.6833333333333,14.3172390261996
2025,SE2,RH,2,rezago_24h,120,10.925,15.0418859633137
2025,SE2,RH,3,rezago_24h,180,11.3777777777778,14.8936973993103
2026,SE2,RH,1,rezago_24h,60,11.0916666666667,15.4376433866485
2026,SE2,RH,2,rezago_24h,120,12.2083333333333,16.9132590985101
2026,SE2,RH,3,rezago_24h,180,11.7444444444444,16.6450693399978
2025,SE2,SO2,1,rezago_24h,60,3.57833333333333,6.48455858173862
2025,SE2,SO2,2,rezago_24h,120,3.495,7.15166647246174
2025,SE2,SO2,3,rezago_24h,180,3.72611111111111,8.52557915921259
2026,SE2,SO2,1,rezago_24h,60,1.5536,2.91818795373659
2026,SE2,SO2,2,rezago_24h,120,2.02958333333333,4.52846782403644
2026,SE2,SO2,3,rezago_24h,180,2.2375,5.32311129781154
2025,SE2,SR,1,rezago_24h,60,0.0213333333333333,0.0583172358741393
2025,SE2,SR,2,rezago_24h,120,0.0246,0.0611616710039875
2025,SE2,SR,3,rezago_24h,180,0.0319444444444444,0.0671698510411397
2026,SE2,SR,1,rezago_24h,60,0.0302833333333333,0.0746198141693389
2026,SE2,SR,2,rezago_24h,120,0.03785,0.0754171731106384
2026,SE2,SR,3,rezago_24h,180,0.0296666666666667,0.0653325680227285
2025,SE2,TOUT,1,rezago_24h,60,2.73416666666667,4.28537221253884
2025,SE2,TOUT,2,rezago_24h,120,2.24683333333333,3.63755206148311
2025,SE2,TOUT,3,rezago_24h,180,1.948,3.10862205987011
2026,SE2,TOUT,1,rezago_24h,60,2.37025,3.31347507661267
2026,SE2,TOUT,2,rezago_24h,120,2.75483333333333,3.99016629770406
2026,SE2,TOUT,3,rezago_24h,180,2.6224,4.03356945176629
2025,SE2,WSR,1,rezago_24h,60,3.305,4.23766838406845
2025,SE2,WSR,2,rezago_24h,120,2.88916666666667,3.75052218586515
2025,SE2,WSR,3,rezago_24h,180,2.81166666666667,3.75456019025161
2026,SE2,WSR,1,rezago_24h,60,3.025,4.30346759408426
2026,SE2,WSR,2,rezago_24h,120,3.21625,4.12891480900248
2026,SE2,WSR,3,rezago_24h,180,3.05805555555556,3.96801272679411
2025,SE3,CO,1,rezago_24h,60,0.180666666666667,0.334897994420192
2025,SE3,CO,2,rezago_24h,120,0.09775,0.198105611564472
2025,SE3,CO,3,rezago_24h,180,0.122944444444444,0.197586830420338
2026,SE3,CO,1,rezago_24h,60,0.132666666666667,0.221442242281518
2026,SE3,CO,2,rezago_24h,120,0.170833333333333,0.276833283162749
2026,SE3,CO,3,rezago_24h,180,0.168222222222222,0.257515911051035
2025,SE3,NO,1,rezago_24h,60,8.23333333333333,21.2051801847253
2025,SE3,NO,2,rezago_24h,120,3.7025,8.87559857136407
2025,SE3,NO,3,rezago_24h,180,7.90777777777778,19.1850578431352
2026,SE3,NO,1,rezago_24h,60,2.61833333333333,6.42016354931866
2026,SE3,NO,2,rezago_24h,120,3.13833333333333,9.83416663135892
2026,SE3,NO,3,rezago_24h,180,5.95055555555556,14.7643545970241
2025,SE3,NO2,1,rezago_24h,60,6.92333333333333,10.9329928808782
2025,SE3,NO2,2,rezago_24h,120,4.93833333333333,7.65224367968855
2025,SE3,NO2,3,rezago_24h,180,5.95388888888889,9.41979888910114
2026,SE3,NO2,1,rezago_24h,60,3.82666666666667,5.58309949759092
2026,SE3,NO2,2,rezago_24h,120,4.89416666666667,7.93377274693446
2026,SE3,NO2,3,rezago_24h,180,5.06111111111111,8.13822940066067
2025,SE3,NOX,1,rezago_24h,60,9.99166666666667,17.0348221788977
2025,SE3,NOX,2,rezago_24h,120,8.93,16.9036583811513
2025,SE3,NOX,3,rezago_24h,180,6.99666666666667,12.7220456077018
2026,SE3,NOX,1,rezago_24h,60,8.23166666666667,16.2017951680259
2026,SE3,NOX,2,rezago_24h,120,6.73833333333333,15.144102262377
2026,SE3,NOX,3,rezago_24h,180,7.08777777777778,14.3005788538631
2025,SE3,PM10,1,rezago_24h,60,30.9,67.6939189784922
2025,SE3,PM10,2,rezago_24h,120,27.0625,52.0349441881767
2025,SE3,PM10,3,rezago_24h,180,19.4944444444444,36.7457480533463
2026,SE3,PM10,1,rezago_24h,60,15.8666666666667,40.4462606429816
2026,SE3,PM10,2,rezago_24h,120,18.9416666666667,46.7985932837017
2026,SE3,PM10,3,rezago_24h,180,16.9277777777778,28.8464324772868
2025,SE3,PM2.5,1,rezago_24h,60,11.2518333333333,16.5908871070838
2025,SE3,PM2.5,2,rezago_24h,120,11.0666666666667,15.4186034819413
2025,SE3,PM2.5,3,rezago_24h,180,11.9654722222222,24.0768012739096
2026,SE3,PM2.5,1,rezago_24h,60,7.69275,12.3008022265487
2026,SE3,PM2.5,2,rezago_24h,120,6.35,8.89569184118545
2026,SE3,PM2.5,3,rezago_24h,180,6.55914444444445,9.15383242934043
2025,SE3,PRS,1,rezago_24h,60,3.34333333333332,4.50414623800485
2025,SE3,PRS,2,rezago_24h,120,2.2525,3.08994336517679
2025,SE3,PRS,3,rezago_24h,180,2.62888888888889,3.78714198894687
2026,SE3,PRS,1,rezago_24h,60,1.81666666666666,2.45248173625547
2026,SE3,PRS,2,rezago_24h,120,1.77,2.51134094326783
2026,SE3,PRS,3,rezago_24h,180,1.88055555555556,2.63108553853939
2025,SE3,RAINF,1,rezago_24h,60,0.000166666666666667,0.00129099444873581
2025,SE3,RAINF,2,rezago_24h,120,0.000166666666666667,0.00182574185835055
2025,SE3,RAINF,3,rezago_24h,180,5.55555555555556e-05,0.00074535599249993
2026,SE3,RAINF,1,rezago_24h,60,0,0
2026,SE3,RAINF,2,rezago_24h,120,0,0
2026,SE3,RAINF,3,rezago_24h,180,0,0
2025,SE3,RH,1,rezago_24h,60,11.9,16.4377614047656
2025,SE3,RH,2,rezago_24h,120,10.1,14.6219013811474
2025,SE3,RH,3,rezago_24h,180,10.3944444444444,15.8249100401164
2026,SE3,RH,1,rezago_24h,60,9.5,14.799774773061
2026,SE3,RH,2,rezago_24h,120,11.2333333333333,14.7873820085459
2026,SE3,RH,3,rezago_24h,180,8.83888888888889,13.1506231369045
2025,SE3,SO2,1,rezago_24h,60,3.195,5.82619086539396
2025,SE3,SO2,2,rezago_24h,120,5.86666666666667,13.7946064339171
2025,SE3,SO2,3,rezago_24h,180,8.78111111111111,26.1562144729614
2026,SE3,SO2,1,rezago_24h,60,3.33,8.12403840463596
2026,SE3,SO2,2,rezago_24h,120,3.31083333333333,8.49155953481652
2026,SE3,SO2,3,rezago_24h,180,4.44611111111111,10.9491932731747
2025,SE3,SR,1,rezago_24h,60,0.0499833333333333,0.115744330314707
2025,SE3,SR,2,rezago_24h,120,0.0297416666666667,0.0835636982586737
2025,SE3,SR,3,rezago_24h,180,0.0282666666666667,0.093339523604241
2025,SE3,TOUT,1,rezago_24h,60,2.15716666666667,3.38059289671698
2025,SE3,TOUT,2,rezago_24h,120,2.63408333333333,4.07678110359959
2025,SE3,TOUT,3,rezago_24h,180,2.68805555555556,4.00641242953787
2026,SE3,TOUT,1,rezago_24h,60,2.07216666666667,3.13317065180519
2026,SE3,TOUT,2,rezago_24h,120,2.69858333333333,3.74421898843181
2026,SE3,TOUT,3,rezago_24h,180,1.95966666666667,2.9102993355018
2025,SE3,WSR,1,rezago_24h,60,3.23833333333333,4.31112900912665
2025,SE3,WSR,2,rezago_24h,120,3.00833333333333,4.24870568526463
2025,SE3,WSR,3,rezago_24h,180,3.29388888888889,4.23417970541849
2026,SE3,WSR,1,rezago_24h,60,2.94,3.69459064038223
2026,SE3,WSR,2,rezago_24h,120,2.7225,3.73071708924705
2026,SE3,WSR,3,rezago_24h,180,3.64444444444444,4.94049030405328
2025,SO,CO,1,rezago_24h,60,0.246333333333333,0.3747576994984
2025,SO,CO,2,rezago_24h,120,0.288166666666667,0.524014948896181
2025,SO,CO,3,rezago_24h,180,0.234444444444444,0.466690475583121
2026,SO,CO,1,rezago_24h,60,0.157666666666667,0.301695210435963
2026,SO,CO,2,rezago_24h,120,0.128,0.239370702746458
2026,SO,CO,3,rezago_24h,180,0.187333333333333,0.338363709638017
2025,SO,NO,1,rezago_24h,60,17.6383333333333,60.9260084036366
2025,SO,NO,2,rezago_24h,120,15.0041666666667,52.2936683547827
2025,SO,NO,3,rezago_24h,180,12.3522222222222,28.0911809015649
2026,SO,NO,1,rezago_24h,60,9.18166666666667,22.4322349904477
2026,SO,NO,2,rezago_24h,120,6.47333333333333,15.6270491989584
2026,SO,NO,3,rezago_24h,180,9.42777777777778,23.8778162969546
2025,SO,NO2,1,rezago_24h,60,8.17,10.9485615493543
2025,SO,NO2,2,rezago_24h,120,7.80916666666667,11.9194903414534
2025,SO,NO2,3,rezago_24h,180,8.54333333333333,12.0605877874081
2026,SO,NO2,1,rezago_24h,60,8.81666666666667,13.8711811561477
2026,SO,NO2,2,rezago_24h,120,7.435,10.9349516078795
2026,SO,NO2,3,rezago_24h,180,6.37055555555556,9.84137806520114
2025,SO,NOX,1,rezago_24h,60,20.1683333333333,32.2358418534401
2025,SO,NOX,2,rezago_24h,120,17.3133333333333,28.5970161613643
2025,SO,NOX,3,rezago_24h,180,20.8755555555556,36.2675199041787
2026,SO,NOX,1,rezago_24h,60,15.3766666666667,27.1242941536427
2026,SO,NOX,2,rezago_24h,120,11.9508333333333,22.5327225015827
2026,SO,NOX,3,rezago_24h,180,16.1072222222222,29.1121404610211
2025,SO,PM10,1,rezago_24h,60,13.7666666666667,19.0199456711457
2025,SO,PM10,2,rezago_24h,120,16.7583333333333,26.4182701931826
2025,SO,PM10,3,rezago_24h,180,29.0555555555556,49.0073690603997
2026,SO,PM10,1,rezago_24h,60,20.6666666666667,35.9745280256276
2026,SO,PM10,2,rezago_24h,120,17.0666666666667,23.3851804924971
2026,SO,PM10,3,rezago_24h,180,16.5277777777778,23.5637433358964
2025,SO,PM2.5,1,rezago_24h,60,10.0676666666667,13.6912430650641
2025,SO,PM2.5,2,rezago_24h,120,10.9754166666667,18.6023950742908
2025,SO,PM2.5,3,rezago_24h,180,14.1236111111111,21.4582686600967
2026,SO,PM2.5,1,rezago_24h,60,7.65191666666667,10.6370133848745
2026,SO,PM2.5,2,rezago_24h,120,8.32916666666667,11.3656096771503
2026,SO,PM2.5,3,rezago_24h,180,9.10555555555556,12.3096619684611
2025,SO,PRS,1,rezago_24h,60,1.91833333333334,3.00624350311148
2025,SO,PRS,2,rezago_24h,120,2.4875,3.43626492963896
2025,SO,PRS,3,rezago_24h,180,1.92555555555555,2.78645533488935
2026,SO,PRS,1,rezago_24h,60,2.74,4.04705654354701
2026,SO,PRS,2,rezago_24h,120,2.09583333333333,2.75143901743554
2026,SO,PRS,3,rezago_24h,180,1.86055555555556,2.64607676045542
2025,SO,RAINF,1,rezago_24h,60,0,0
2025,SO,RAINF,2,rezago_24h,120,0.000333333333333333,0.00288675134594813
2025,SO,RAINF,3,rezago_24h,180,0,0
2026,SO,RAINF,1,rezago_24h,60,0,0
2026,SO,RAINF,2,rezago_24h,120,0,0
2026,SO,RAINF,3,rezago_24h,180,0,0
2025,SO,RH,1,rezago_24h,60,15.6166666666667,21.78340346839
2025,SO,RH,2,rezago_24h,120,10.4,14.8845557542038
2025,SO,RH,3,rezago_24h,180,12.7222222222222,18.6189867250253
2025,SO,SO2,1,rezago_24h,60,2.77333333333333,5.922527613556
2025,SO,SO2,2,rezago_24h,120,2.81666666666667,5.11375595819746
2025,SO,SO2,3,rezago_24h,180,2.20777777777778,3.52546293256487
2026,SO,SO2,1,rezago_24h,60,1.55833333333333,3.21146384068076
2026,SO,SO2,2,rezago_24h,120,0.980833333333333,1.81574135456201
2026,SO,SO2,3,rezago_24h,180,1.05388888888889,1.80205130029333
2025,SO,SR,1,rezago_24h,60,0.0373166666666667,0.106700749763064
2025,SO,SR,2,rezago_24h,120,0.0453583333333333,0.122323648572138
2025,SO,SR,3,rezago_24h,180,0.0399888888888889,0.0921613319733993
2026,SO,SR,1,rezago_24h,60,0.02265,0.0797095770071995
2026,SO,SR,2,rezago_24h,120,0.0605416666666667,0.124783980008119
2026,SO,SR,3,rezago_24h,180,0.03895,0.0987259112672836
2025,SO,TOUT,1,rezago_24h,60,1.845,2.6469787809249
2025,SO,TOUT,2,rezago_24h,120,2.68508333333333,3.80428738399191
2025,SO,TOUT,3,rezago_24h,180,2.64477777777778,4.33764106398858
2026,SO,TOUT,1,rezago_24h,60,2.03366666666667,3.2474230809469
2026,SO,TOUT,2,rezago_24h,120,2.98266666666667,4.05151638278805
2026,SO,TOUT,3,rezago_24h,180,2.099,3.01762452564559
2025,SO,WSR,1,rezago_24h,60,3.19333333333333,4.47254588200799
2025,SO,WSR,2,rezago_24h,120,3.15916666666667,4.26635089977372
2025,SO,WSR,3,rezago_24h,180,2.82888888888889,3.84743781987153
2026,SO,WSR,1,rezago_24h,60,2.66333333333333,3.61141708105466
2026,SO,WSR,2,rezago_24h,120,2.30416666666667,3.24570228661431
2026,SO,WSR,3,rezago_24h,180,2.98833333333333,4.11135960209975
2025,SO2,CO,1,rezago_24h,60,0.187,0.257170501159574
2025,SO2,CO,2,rezago_24h,120,0.18275,0.256172142643705
2025,SO2,CO,3,rezago_24h,180,0.188277777777778,0.271212298967269
2026,SO2,CO,1,rezago_24h,60,0.172,0.235407448197092
2026,SO2,CO,2,rezago_24h,120,0.133,0.189059073660413
2026,SO2,CO,3,rezago_24h,180,0.138055555555556,0.237164968370588
2025,SO2,NO,1,rezago_24h,60,4.53833333333333,12.6110996084137
2025,SO2,NO,2,rezago_24h,120,5.16166666666667,9.58271012466376
2025,SO2,NO,3,rezago_24h,180,3.22444444444444,6.91513637689895
2026,SO2,NO,1,rezago_24h,60,3.42,10.4779928103303
2026,SO2,NO,2,rezago_24h,120,1.85083333333333,4.13397508458868
2026,SO2,NO,3,rezago_24h,180,3.59277777777778,8.60661567245415
2025,SO2,NO2,1,rezago_24h,60,6.77666666666667,9.54365408705352
2025,SO2,NO2,2,rezago_24h,120,6.54166666666667,8.52523704460273
2025,SO2,NO2,3,rezago_24h,180,6.81111111111111,8.97513231100244
2026,SO2,NO2,1,rezago_24h,60,5.42666666666667,7.56139316969212
2026,SO2,NO2,2,rezago_24h,120,4.3375,5.63386338729177
2026,SO2,NO2,3,rezago_24h,180,5.63444444444444,8.40704070011162
2025,SO2,NOX,1,rezago_24h,60,11.8283333333333,18.0168763478394
2025,SO2,NOX,2,rezago_24h,120,11.1583333333333,17.0075767429304
2025,SO2,NOX,3,rezago_24h,180,12.0555555555556,19.0199924056534
2026,SO2,NOX,1,rezago_24h,60,7.21666666666667,11.1717351681226
2026,SO2,NOX,2,rezago_24h,120,9.73083333333333,15.0540387714837
2026,SO2,NOX,3,rezago_24h,180,9.39444444444444,13.3549158656196
2025,SO2,PM10,1,rezago_24h,60,17,28.4399953117671
2025,SO2,PM10,2,rezago_24h,120,16.9583333333333,28.2127335317465
2025,SO2,PM10,3,rezago_24h,180,17.1444444444444,25.6129307620628
2026,SO2,PM10,1,rezago_24h,60,13.6416666666667,18.8786696212065
2026,SO2,PM10,2,rezago_24h,120,10.125,13.3569582365647
2026,SO2,PM10,3,rezago_24h,180,16.0611111111111,41.6011818742369
2025,SO2,PM2.5,1,rezago_24h,60,9.58333333333333,13.6082083072436
2025,SO2,PM2.5,2,rezago_24h,120,9.54166666666667,12.2450670339801
2025,SO2,PM2.5,3,rezago_24h,180,10.3944444444444,17.0432456481218
2026,SO2,PM2.5,1,rezago_24h,60,8.68908333333333,12.0595391184738
2026,SO2,PM2.5,2,rezago_24h,120,7.1,9.15332362223326
2026,SO2,PM2.5,3,rezago_24h,180,7.78141666666667,10.0323632629052
2025,SO2,PRS,1,rezago_24h,60,0.925000000000008,1.36802777749577
2025,SO2,PRS,2,rezago_24h,120,0.929166666666655,1.29907018029562
2025,SO2,PRS,3,rezago_24h,180,0.952777777777784,1.38722344591234
2026,SO2,PRS,1,rezago_24h,60,0.928333333333325,1.23295039099983
2026,SO2,PRS,2,rezago_24h,120,0.880833333333336,1.22620688847084
2026,SO2,PRS,3,rezago_24h,180,0.869444444444448,1.10812654712558
2025,SO2,RAINF,1,rezago_24h,60,0.0065,0.0332415402771893
2025,SO2,RAINF,2,rezago_24h,120,0.0179166666666667,0.0932871909749672
2025,SO2,RAINF,3,rezago_24h,180,0.0102222222222222,0.0714376184746758
2026,SO2,RAINF,1,rezago_24h,60,0.00133333333333333,0.00707106781186548
2026,SO2,RAINF,2,rezago_24h,120,0.0025,0.0173205080756888
2026,SO2,RAINF,3,rezago_24h,180,0.00583333333333333,0.0343753787857918
2025,SO2,RH,1,rezago_24h,60,11.8833333333333,17.3123270147796
2025,SO2,RH,2,rezago_24h,120,9.6,13.3790881602597
2025,SO2,RH,3,rezago_24h,180,10.2666666666667,15.1007726071659
2026,SO2,RH,1,rezago_24h,60,8.91666666666667,12.4291324449188
2026,SO2,RH,2,rezago_24h,120,11.2916666666667,14.2673870534633
2026,SO2,RH,3,rezago_24h,180,10.5055555555556,14.8494294690253
2025,SO2,SO2,1,rezago_24h,60,1.48,2.40450965202194
2025,SO2,SO2,2,rezago_24h,120,1.43583333333333,3.00312337408905
2025,SO2,SO2,3,rezago_24h,180,1.62777777777778,2.62610823166991
2026,SO2,SO2,1,rezago_24h,60,0.625,1.02119211382253
2026,SO2,SO2,2,rezago_24h,120,1.45833333333333,2.71940557230191
2026,SO2,SO2,3,rezago_24h,180,1.14722222222222,2.17374484856587
2025,SO2,SR,1,rezago_24h,60,0.0423,0.110439878063436
2025,SO2,SR,2,rezago_24h,120,0.0407583333333333,0.0786015797127089
2025,SO2,SR,3,rezago_24h,180,0.0267055555555556,0.067710864055269
2026,SO2,SR,1,rezago_24h,60,0.0674,0.136049745804001
2026,SO2,SR,2,rezago_24h,120,0.0398916666666667,0.104688784817986
2026,SO2,SR,3,rezago_24h,180,0.0604,0.126589932897964
2025,SO2,TOUT,1,rezago_24h,60,2.42633333333333,3.56631696104913
2025,SO2,TOUT,2,rezago_24h,120,2.163,3.47816091251301
2025,SO2,TOUT,3,rezago_24h,180,2.47405555555556,3.71000816111711
2026,SO2,TOUT,1,rezago_24h,60,2.33416666666667,3.50166555608423
2026,SO2,TOUT,2,rezago_24h,120,1.72208333333333,2.25001314810973
2026,SO2,TOUT,3,rezago_24h,180,2.57688888888889,3.84088184318827
2025,SO2,WSR,1,rezago_24h,60,2.81333333333333,3.88578606376282
2025,SO2,WSR,2,rezago_24h,120,2.72,3.68838266272179
2025,SO2,WSR,3,rezago_24h,180,3.29333333333333,4.44450972174285
2026,SO2,WSR,1,rezago_24h,60,2.66166666666667,3.59719798361632
2026,SO2,WSR,2,rezago_24h,120,3.07083333333333,4.03430084814374
2026,SO2,WSR,3,rezago_24h,180,2.72722222222222,3.58387592791194
2025,SUR,CO,1,rezago_24h,60,0.110166666666667,0.157538355118153
2025,SUR,CO,2,rezago_24h,120,0.126416666666667,0.182078279868852
2025,SUR,CO,3,rezago_24h,180,0.120111111111111,0.178104214186838
2026,SUR,CO,1,rezago_24h,60,0.0836666666666667,0.120651011875851
2026,SUR,CO,2,rezago_24h,120,0.100416666666667,0.178980911458923
2026,SUR,CO,3,rezago_24h,180,0.0872777777777778,0.144254790022531
2025,SUR,NO,1,rezago_24h,60,1.35166666666667,3.05098344800492
2025,SUR,NO,2,rezago_24h,120,4.76833333333333,10.9959310656261
2025,SUR,NO,3,rezago_24h,180,4.23611111111111,11.3352865963866
2026,SUR,NO,1,rezago_24h,60,7.02666666666667,16.2317589927894
2026,SUR,NO,2,rezago_24h,120,8.2425,16.571197401918
2026,SUR,NO,3,rezago_24h,180,3.3018,7.42885231527874
2025,SUR,NO2,1,rezago_24h,60,5.59333333333333,7.56690161162414
2025,SUR,NO2,2,rezago_24h,120,6.4025,10.3026250700165
2025,SUR,NO2,3,rezago_24h,180,4.51166666666667,6.32287294054073
2026,SUR,NO2,1,rezago_24h,60,5.695,7.65045750265956
2026,SUR,NO2,2,rezago_24h,120,6.3125,9.34347811756058
2026,SUR,NO2,3,rezago_24h,180,5.74777777777778,8.50120906433641
2025,SUR,NOX,1,rezago_24h,60,8.475,12.4044951529677
2025,SUR,NOX,2,rezago_24h,120,8.61416666666667,13.4257805483828
2025,SUR,NOX,3,rezago_24h,180,9.485,17.6665801884676
2026,SUR,NOX,1,rezago_24h,60,9.66,16.9211307738776
2026,SUR,NOX,2,rezago_24h,120,10.7916666666667,16.8008233925206
2026,SUR,NOX,3,rezago_24h,180,9.65055555555556,18.3785155367166
2025,SUR,PM10,1,rezago_24h,60,19.6380833333333,32.5051025802104
2025,SUR,PM10,2,rezago_24h,120,13.8023,23.3669566100651
2025,SUR,PM10,3,rezago_24h,180,17.1168944444444,42.7406632182853
2026,SUR,PM10,1,rezago_24h,60,9.02191666666667,13.3733226755109
2026,SUR,PM10,2,rezago_24h,120,9.4457,12.256277082921
2026,SUR,PM10,3,rezago_24h,180,11.4743611111111,16.740505578951
2025,SUR,PM2.5,1,rezago_24h,60,6.66933333333333,9.30374848649726
2025,SUR,PM2.5,2,rezago_24h,120,8.00800833333333,10.3437761097354
2025,SUR,PM2.5,3,rezago_24h,180,7.65149444444444,10.0264709663415
2026,SUR,PM2.5,1,rezago_24h,60,7.12615,10.2350768479447
2026,SUR,PM2.5,2,rezago_24h,120,6.24696666666667,8.40731213091715
2026,SUR,PM2.5,3,rezago_24h,180,8.26161111111111,10.7713207500288
2025,SUR,PRS,1,rezago_24h,60,2.37666666666666,3.20551607909449
2025,SUR,PRS,2,rezago_24h,120,1.96000000000001,2.71452881116902
2025,SUR,PRS,3,rezago_24h,180,2.06777777777778,3.09770524385032
2026,SUR,PRS,1,rezago_24h,60,3.52333333333334,7.40312996869117
2026,SUR,PRS,2,rezago_24h,120,3.4475,4.57505009080047
2026,SUR,PRS,3,rezago_24h,180,3.035,3.99820098433171
2025,SUR,RAINF,1,rezago_24h,60,0.00633333333333333,0.0312516666222246
2025,SUR,RAINF,2,rezago_24h,120,0.01425,0.108731320234788
2025,SUR,RAINF,3,rezago_24h,180,0.00683333333333333,0.0472287577176825
2026,SUR,RAINF,1,rezago_24h,60,0.101666666666667,0.557524289455924
2026,SUR,RAINF,2,rezago_24h,120,0.00925,0.100419951536867
2026,SUR,RAINF,3,rezago_24h,180,0.00333333333333333,0.0195789002074512
2025,SUR,RH,1,rezago_24h,60,10.6833333333333,14.8968676797059
2025,SUR,RH,2,rezago_24h,120,10.05,14.8565361597738
2025,SUR,RH,3,rezago_24h,180,10.1722222222222,15.4874501165011
2026,SUR,RH,1,rezago_24h,60,10.65,15.5311514919747
2026,SUR,RH,2,rezago_24h,120,9.875,12.9431449037705
2026,SUR,RH,3,rezago_24h,180,9.39444444444444,13.4120592502916
2025,SUR,SO2,1,rezago_24h,60,0.656666666666667,1.1694728157023
2025,SUR,SO2,2,rezago_24h,120,1.17666666666667,2.36294308014391
2025,SUR,SO2,3,rezago_24h,180,0.847777777777778,2.11323869399029
2026,SUR,SO2,1,rezago_24h,60,0.796666666666667,1.53416644034038
2026,SUR,SO2,2,rezago_24h,120,0.771666666666667,1.26181086802526
2026,SUR,SO2,3,rezago_24h,180,0.803333333333333,1.68414172008573
2025,SUR,SR,1,rezago_24h,60,0.0692333333333333,0.152999237470867
2025,SUR,SR,2,rezago_24h,120,0.0422833333333333,0.102360392730782
2025,SUR,SR,3,rezago_24h,180,0.0659777777777778,0.125706448168386
2026,SUR,SR,1,rezago_24h,60,0.05155,0.132361688817674
2026,SUR,SR,2,rezago_24h,120,0.043525,0.11068623070042
2026,SUR,SR,3,rezago_24h,180,0.0636277777777778,0.159493207796863
2025,SUR,TOUT,1,rezago_24h,60,1.56266666666667,2.18624487801954
2025,SUR,TOUT,2,rezago_24h,120,2.52291666666667,3.8632101288954
2025,SUR,TOUT,3,rezago_24h,180,2.56572222222222,3.96607649671281
2026,SUR,TOUT,1,rezago_24h,60,2.27766666666667,3.58578117941777
2026,SUR,TOUT,2,rezago_24h,120,2.28358333333333,3.34616409739072
2026,SUR,TOUT,3,rezago_24h,180,2.15638888888889,3.80721413167745
2025,SUR,WSR,1,rezago_24h,60,2.815,4.30234432218839
2025,SUR,WSR,2,rezago_24h,120,2.4325,3.1493253245735
2025,SUR,WSR,3,rezago_24h,180,2.54611111111111,3.7460423560517
2026,SUR,WSR,1,rezago_24h,60,2.805,3.89514655265584
2026,SUR,WSR,2,rezago_24h,120,2.68916666666667,3.54131566888165
2026,SUR,WSR,3,rezago_24h,180,2.25555555555556,3.07287415224828
2025,CE,CO,1,autorregresion,60,0.0929768987702784,0.172450825839883
2025,CE,CO,2,autorregresion,120,0.0845225916425502,0.128756389555477
2025,CE,CO,3,autorregresion,180,0.114315834594851,0.180205335464253
2026,CE,CO,1,autorregresion,60,0.080794010637699,0.13916472557929
2026,CE,CO,2,autorregresion,120,0.116942143044992,0.175968644948825
2026,CE,CO,3,autorregresion,180,0.102078609876896,0.165082951015706
2025,CE,NO,1,autorregresion,60,2.99758027391755,4.29480010499116
2025,CE,NO,2,autorregresion,120,4.22861438037495,7.38316379560002
2025,CE,NO,3,autorregresion,180,4.71535578949372,8.07176325682705
2026,CE,NO,1,autorregresion,60,2.58065006508751,4.15608681858872
2026,CE,NO,2,autorregresion,120,3.0731889487025,4.88109947684147
2026,CE,NO,3,autorregresion,180,3.29863100106364,5.67153687259229
2025,CE,NO2,1,autorregresion,60,2.4060624848888,3.43252388250577
2025,CE,NO2,2,autorregresion,120,3.72919944758332,5.29292218052357
2025,CE,NO2,3,autorregresion,180,4.7313473332365,7.28021462987984
2026,CE,NO2,1,autorregresion,60,3.03551957899042,4.64719174771681
2026,CE,NO2,2,autorregresion,120,3.07803233838909,4.32783737582518
2026,CE,NO2,3,autorregresion,180,3.43716064563386,5.1059715276671
2025,CE,NOX,1,autorregresion,60,4.87555288425298,6.9719035240647
2025,CE,NOX,2,autorregresion,120,6.35723500931792,10.2263720402485
2025,CE,NOX,3,autorregresion,180,5.11352317774102,8.37882244320371
2026,CE,NOX,1,autorregresion,60,3.50505978619322,5.08777355031137
2026,CE,NOX,2,autorregresion,120,5.24820592347142,7.63578699539093
2026,CE,NOX,3,autorregresion,180,6.60900113038627,10.4053795552891
2025,CE,PM10,1,autorregresion,60,6.81758291954173,9.28761127131533
2025,CE,PM10,2,autorregresion,120,8.41093836735466,12.1882188358628
2025,CE,PM10,3,autorregresion,180,9.31172014336744,15.0136663567494
2026,CE,PM10,1,autorregresion,60,5.43868296271096,7.50671145092961
2026,CE,PM10,2,autorregresion,120,6.30551113515232,7.86870363451005
2026,CE,PM10,3,autorregresion,180,9.61995001917092,14.5205977811052
2025,CE,PM2.5,1,autorregresion,60,2.50955684807832,4.67583837214883
2025,CE,PM2.5,2,autorregresion,120,3.01497762113033,4.0008279706936
2025,CE,PM2.5,3,autorregresion,180,4.84739856383594,7.36299814654106
2026,CE,PM2.5,1,autorregresion,60,1.93619174399243,2.48168886944143
2026,CE,PM2.5,2,autorregresion,120,2.59657379724364,3.6540063258222
2026,CE,PM2.5,3,autorregresion,180,2.92823552460916,3.73179031116465
2025,CE,PRS,1,autorregresion,60,0.345403392058186,0.4292379906585
2025,CE,PRS,2,autorregresion,120,0.375416822173277,0.458380917178707
2025,CE,PRS,3,autorregresion,180,0.543595115445068,0.755591960375081
2026,CE,PRS,1,autorregresion,60,0.328394455145392,0.399470505005322
2026,CE,PRS,2,autorregresion,120,0.334269514838122,0.432989587477566
2026,CE,PRS,3,autorregresion,180,0.522200014846991,0.674644835219204
2025,CE,RAINF,1,autorregresion,60,0.00287229404150554,0.00449573628299501
2025,CE,RAINF,2,autorregresion,120,0.0045040119882468,0.00710150505868237
2025,CE,RAINF,3,autorregresion,180,0.00648198462789037,0.00885267414120917
2026,CE,RAINF,1,autorregresion,60,0.00136719687292632,0.00238505701333794
2026,CE,RAINF,2,autorregresion,120,0.00289503102962779,0.00488316566823106
2026,CE,RAINF,3,autorregresion,180,0.002849437204169,0.00488319034803223
2025,CE,RH,1,autorregresion,60,2.04791355093465,2.6931182115786
2025,CE,RH,2,autorregresion,120,2.69861332869712,3.78849240211283
2025,CE,RH,3,autorregresion,180,3.33446530121659,5.20169095939619
2026,CE,RH,1,autorregresion,60,2.43016704912104,3.78338827844694
2026,CE,RH,2,autorregresion,120,2.72939703114696,3.64197223899127
2026,CE,RH,3,autorregresion,180,3.27805157962659,4.40199756431874
2025,CE,SO2,1,autorregresion,60,0.522775193899059,0.928279380157032
2025,CE,SO2,2,autorregresion,120,0.703362408436144,1.72746146412636
2025,CE,SO2,3,autorregresion,180,0.984782809525817,1.73100179632
2026,CE,SO2,1,autorregresion,60,0.438867536002471,0.725668776607022
2026,CE,SO2,2,autorregresion,120,0.574218174063474,1.13937605083829
2026,CE,SO2,3,autorregresion,180,0.703311082742752,1.20945344633906
2025,CE,SR,1,autorregresion,60,0.0252506269048197,0.045712586501748
2025,CE,SR,2,autorregresion,120,0.0354632337652559,0.0590507894742602
2025,CE,SR,3,autorregresion,180,0.0646801835805539,0.116917921475914
2026,CE,SR,1,autorregresion,60,0.037467300985966,0.0655509767587297
2026,CE,SR,2,autorregresion,120,0.0298191926397154,0.0531180433303878
2026,CE,SR,3,autorregresion,180,0.0637807280122872,0.124654818034662
2025,CE,TOUT,1,autorregresion,60,0.461436582298533,0.558054879429616
2025,CE,TOUT,2,autorregresion,120,0.739023199040203,1.04707839198596
2025,CE,TOUT,3,autorregresion,180,0.945671050300705,1.33475232770364
2026,CE,TOUT,1,autorregresion,60,0.325961915276941,0.427310960020069
2026,CE,TOUT,2,autorregresion,120,0.568456413696494,0.774884736556119
2026,CE,TOUT,3,autorregresion,180,0.809505506549338,1.17179644980732
2025,CE,WSR,1,autorregresion,60,1.10134019330881,1.41719498071257
2025,CE,WSR,2,autorregresion,120,1.21479661909041,1.56086154798602
2025,CE,WSR,3,autorregresion,180,1.68008242147844,2.43072613082781
2026,CE,WSR,1,autorregresion,60,1.03621139548006,1.31285978387327
2026,CE,WSR,2,autorregresion,120,1.6223453292142,2.29881674957337
2026,CE,WSR,3,autorregresion,180,1.71738823008657,2.45216604104717
2025,NE,CO,1,autorregresion,60,0.0828604145303807,0.181342290902806
2025,NE,CO,2,autorregresion,120,0.17012996817596,0.313670514833213
2025,NE,CO,3,autorregresion,180,0.160667536845048,0.289944181361965
2026,NE,CO,1,autorregresion,60,0.0766019797994914,0.142282239771958
2026,NE,CO,2,autorregresion,120,0.0897345577241334,0.167479037530689
2026,NE,CO,3,autorregresion,180,0.0997412417531049,0.191454350712979
2025,NE,NO,1,autorregresion,60,1.80014128221421,2.82979757425182
2025,NE,NO,2,autorregresion,120,4.38715037054613,9.56814451248738
2025,NE,NO,3,autorregresion,180,5.32099582128217,12.3504648899337
2026,NE,NO,1,autorregresion,60,3.30632991925926,6.50594624438877
2026,NE,NO,2,autorregresion,120,2.67484273471264,5.66126364163409
2026,NE,NO,3,autorregresion,180,7.90233868004079,14.3819496378205
2025,NE,NO2,1,autorregresion,60,2.58050996793615,3.55141461118413
2025,NE,NO2,2,autorregresion,120,3.14945332352731,4.11513336799542
2025,NE,NO2,3,autorregresion,180,3.36027422732916,4.63534097589831
2026,NE,NO2,1,autorregresion,60,2.19279730519651,3.10116607281382
2026,NE,NO2,2,autorregresion,120,3.02299223447865,4.51741315298577
2026,NE,NO2,3,autorregresion,180,2.90775160453727,4.01352258887604
2025,NE,NOX,1,autorregresion,60,4.06195343513707,6.7764150457959
2025,NE,NOX,2,autorregresion,120,7.88386672252998,12.9453181125614
2025,NE,NOX,3,autorregresion,180,8.80094004360012,14.2149926543353
2026,NE,NOX,1,autorregresion,60,3.44795219899986,7.30151365159389
2026,NE,NOX,2,autorregresion,120,3.91126432468095,5.77826341440175
2026,NE,NOX,3,autorregresion,180,6.11349695640317,9.16536735841435
2025,NE,PM10,1,autorregresion,60,10.7599853727398,18.6700601062037
2025,NE,PM10,2,autorregresion,120,12.0993154182712,18.179595854626
2025,NE,PM10,3,autorregresion,180,13.9289980332811,21.0887986897375
2026,NE,PM10,1,autorregresion,60,8.01222691376465,10.5929111987973
2026,NE,PM10,2,autorregresion,120,10.0792563762642,15.7401173937043
2026,NE,PM10,3,autorregresion,180,9.59884388156665,13.3514805266859
2025,NE,PM2.5,1,autorregresion,60,2.08489339958723,3.00615642157227
2025,NE,PM2.5,2,autorregresion,120,3.90228114452889,5.77299327113445
2025,NE,PM2.5,3,autorregresion,180,3.9405352664324,5.51990154059271
2026,NE,PM2.5,1,autorregresion,60,2.01381759090903,3.06409359958786
2026,NE,PM2.5,2,autorregresion,120,3.84016487640161,5.53909279993501
2026,NE,PM2.5,3,autorregresion,180,3.16932941398153,5.02986333104319
2025,NE,PRS,1,autorregresion,60,0.464380256185672,0.569212579932498
2025,NE,PRS,2,autorregresion,120,0.597198949326979,0.72051198243238
2025,NE,PRS,3,autorregresion,180,0.711780185695683,0.938842706246592
2026,NE,PRS,1,autorregresion,60,0.460261246824452,0.563461369032366
2026,NE,PRS,2,autorregresion,120,0.63834869802416,0.763328636717223
2026,NE,PRS,3,autorregresion,180,0.66165597286364,0.859400769702724
2025,NE,RAINF,1,autorregresion,60,0.00121657726984576,0.00274937247059379
2025,NE,RAINF,2,autorregresion,120,0.00109220026167394,0.00137546949650406
2025,NE,RAINF,3,autorregresion,180,0.00446686066692092,0.0250540050055512
2026,NE,RAINF,1,autorregresion,60,0.0094635629121597,0.0352471029765572
2026,NE,RAINF,2,autorregresion,120,0.00114658339708878,0.00223882796677835
2026,NE,RAINF,3,autorregresion,180,0.00200538839958628,0.00530186011199419
2025,NE,RH,1,autorregresion,60,2.13460408648522,3.13206526789739
2025,NE,RH,2,autorregresion,120,2.96275757014045,4.22361923379411
2025,NE,RH,3,autorregresion,180,4.63944269444887,7.12566527323216
2026,NE,RH,1,autorregresion,60,2.01860493031662,2.71506713142497
2026,NE,RH,2,autorregresion,120,3.05144469735053,4.09552555150826
2026,NE,RH,3,autorregresion,180,4.03315984400196,5.34785751922009
2025,NE,SO2,1,autorregresion,60,0.625371728263363,1.14812211960967
2025,NE,SO2,2,autorregresion,120,1.34805002103262,2.93112736158729
2025,NE,SO2,3,autorregresion,180,1.17362972376447,5.51822908676063
2026,NE,SO2,1,autorregresion,60,0.301578401681151,0.40179552214853
2026,NE,SO2,2,autorregresion,120,0.469682928476299,0.695828060215515
2026,NE,SO2,3,autorregresion,180,0.481832238632995,0.676898477266962
2025,NE,SR,1,autorregresion,60,0.0309130720866345,0.0515053483583029
2025,NE,SR,2,autorregresion,120,0.0353825084509814,0.062160663191663
2025,NE,SR,3,autorregresion,180,0.0524043326925212,0.0941364327374696
2026,NE,SR,1,autorregresion,60,0.0346063259669318,0.061795008827929
2026,NE,SR,2,autorregresion,120,0.0401225405431124,0.066234376396418
2026,NE,SR,3,autorregresion,180,0.0546931764834991,0.104906341464535
2025,NE,TOUT,1,autorregresion,60,1.18405961924475,3.62916300201395
2025,NE,TOUT,2,autorregresion,120,0.712589541685722,1.06812340766475
2025,NE,TOUT,3,autorregresion,180,1.06513790115145,2.0332813581074
2026,NE,TOUT,1,autorregresion,60,0.667810559067703,0.971656392943882
2026,NE,TOUT,2,autorregresion,120,0.753692796455205,1.0716447378085
2026,NE,TOUT,3,autorregresion,180,1.00193806334528,1.45428730783645
2025,NE,WSR,1,autorregresion,60,1.63771015553891,2.15625504442178
2025,NE,WSR,2,autorregresion,120,1.48828346172058,1.89727390273449
2025,NE,WSR,3,autorregresion,180,1.88838900118411,2.55031529348989
2026,NE,WSR,1,autorregresion,60,1.3588891973888,1.9623982524484
2026,NE,WSR,2,autorregresion,120,2.11654043626109,2.75912118096082
2026,NE,WSR,3,autorregresion,180,1.85978527910603,2.38309739115093
2025,NE2,CO,1,autorregresion,60,0.0975778728586507,0.131595995980932
2025,NE2,CO,2,autorregresion,120,0.125853578915722,0.18213715736171
2025,NE2,CO,3,autorregresion,180,0.1485257224764,0.201451322571679
2026,NE2,CO,1,autorregresion,60,0.139056887979344,0.212139323005058
2026,NE2,CO,2,autorregresion,120,0.170977728810634,0.233925723379721
2026,NE2,CO,3,autorregresion,180,0.165130124673749,0.224949114258157
2025,NE2,NO,1,autorregresion,60,8.01129642461848,14.6942737184326
2025,NE2,NO,2,autorregresion,120,6.86199190141181,11.3185317355224
2025,NE2,NO,3,autorregresion,180,10.3933153018015,22.2592885039331
2026,NE2,NO,1,autorregresion,60,5.41731039843748,10.6611649436776
2026,NE2,NO,2,autorregresion,120,5.71331283467351,11.8178605122486
2026,NE2,NO,3,autorregresion,180,6.60829791936977,11.8414951352843
2025,NE2,NO2,1,autorregresion,60,2.70030756888816,3.71560106735895
2025,NE2,NO2,2,autorregresion,120,3.69074765697589,5.36955976960313
2025,NE2,NO2,3,autorregresion,180,4.28449182196621,5.79470355697779
2026,NE2,NO2,1,autorregresion,60,1.95077826401125,2.66106077367776
2026,NE2,NO2,2,autorregresion,120,2.52974080806428,3.38386478173625
2026,NE2,NO2,3,autorregresion,180,2.53188841514621,3.30492375107848
2025,NE2,NOX,1,autorregresion,60,6.74036178053388,10.1260750164742
2025,NE2,NOX,2,autorregresion,120,12.5549282055959,19.7962665737522
2025,NE2,NOX,3,autorregresion,180,11.2327533454351,17.2881541913677
2026,NE2,NOX,1,autorregresion,60,4.37805548104485,6.21400251569592
2026,NE2,NOX,2,autorregresion,120,8.69695581837624,14.4284175586765
2026,NE2,NOX,3,autorregresion,180,12.5792226102041,22.411107541358
2025,NE2,PM10,1,autorregresion,60,9.00578004359509,11.8737716406199
2025,NE2,PM10,2,autorregresion,120,11.9403897184187,18.0754630159423
2025,NE2,PM10,3,autorregresion,180,11.1712738651665,15.3135004083209
2026,NE2,PM10,1,autorregresion,60,9.33833740316148,13.4169056630291
2026,NE2,PM10,2,autorregresion,120,9.65379359496839,12.3529569971672
2026,NE2,PM10,3,autorregresion,180,12.4202708853845,18.8584510518882
2025,NE2,PM2.5,1,autorregresion,60,4.86728833159687,6.5471108671214
2025,NE2,PM2.5,2,autorregresion,120,6.94696037916325,10.0211589944794
2025,NE2,PM2.5,3,autorregresion,180,7.52846083974699,10.0973133830036
2026,NE2,PM2.5,1,autorregresion,60,3.85813931488409,6.11576870086013
2026,NE2,PM2.5,2,autorregresion,120,4.85304421726419,6.29634386903277
2026,NE2,PM2.5,3,autorregresion,180,4.85019297641021,6.1261745366292
2025,NE2,PRS,1,autorregresion,60,0.459375076297836,0.543939458778677
2025,NE2,PRS,2,autorregresion,120,0.792688175479262,0.978534532878651
2025,NE2,PRS,3,autorregresion,180,0.834558186548664,1.05260933791847
2026,NE2,PRS,1,autorregresion,60,0.629598187322118,0.75452658092747
2026,NE2,PRS,2,autorregresion,120,0.689683515735262,0.840109875226557
2026,NE2,PRS,3,autorregresion,180,0.897377626300371,1.11460348830959
2025,NE2,RAINF,1,autorregresion,60,0.0115527196324586,0.0144189313977726
2025,NE2,RAINF,2,autorregresion,120,0.0123245388702119,0.0164182927129478
2025,NE2,RAINF,3,autorregresion,180,0.0135337268551836,0.0163144713552074
2026,NE2,RAINF,1,autorregresion,60,0.00898717086985131,0.0121316731377562
2026,NE2,RAINF,2,autorregresion,120,0.0106843032748836,0.0145048405474724
2026,NE2,RAINF,3,autorregresion,180,0.0103090710849676,0.0141602943010003
2025,NE2,RH,1,autorregresion,60,2.02328077501896,2.58269585880081
2025,NE2,RH,2,autorregresion,120,3.12689397732019,4.26301315566078
2025,NE2,RH,3,autorregresion,180,4.0775567362387,6.32048785939254
2026,NE2,RH,1,autorregresion,60,2.06568309907519,3.23478148708335
2026,NE2,RH,2,autorregresion,120,2.44879520080774,3.52258354987869
2026,NE2,RH,3,autorregresion,180,3.34274058499899,4.72130474661209
2025,NE2,SO2,1,autorregresion,60,1.538310620028,4.60518996686895
2025,NE2,SO2,2,autorregresion,120,1.6481235054048,3.76441702626324
2025,NE2,SO2,3,autorregresion,180,2.29425270957666,7.60911160027361
2026,NE2,SO2,1,autorregresion,60,1.40819706034977,2.71353935412156
2026,NE2,SO2,2,autorregresion,120,1.94008606243588,4.91859078620602
2026,NE2,SO2,3,autorregresion,180,1.48048184010713,2.5776740854966
2025,NE2,SR,1,autorregresion,60,0.0283962893501312,0.0527687937160381
2025,NE2,SR,2,autorregresion,120,0.041034402105874,0.0680687745506354
2025,NE2,SR,3,autorregresion,180,0.0502355653412891,0.0785020820963968
2026,NE2,SR,1,autorregresion,60,0.0263924623361286,0.0428311350563964
2026,NE2,SR,2,autorregresion,120,0.0425238057607646,0.0700405859392124
2026,NE2,SR,3,autorregresion,180,0.0324143326955872,0.0551007700287741
2025,NE2,TOUT,1,autorregresion,60,0.541568468658541,0.726324332342075
2025,NE2,TOUT,2,autorregresion,120,0.915562234296439,1.36287115911219
2025,NE2,TOUT,3,autorregresion,180,0.834605317934831,1.14182127382388
2026,NE2,TOUT,1,autorregresion,60,0.518156153447344,0.717255281873329
2026,NE2,TOUT,2,autorregresion,120,0.705323595511198,0.981388017304484
2026,NE2,TOUT,3,autorregresion,180,0.58572657208354,0.823589887415364
2025,NE2,WSR,1,autorregresion,60,1.87117257909335,2.46343881578702
2025,NE2,WSR,2,autorregresion,120,1.94637597967377,2.54657983071391
2025,NE2,WSR,3,autorregresion,180,1.94049480423582,2.7730963703347
2026,NE2,WSR,1,autorregresion,60,1.74171579460049,2.26386329128524
2026,NE2,WSR,2,autorregresion,120,2.25236972089388,2.76780663584371
2026,NE2,WSR,3,autorregresion,180,2.23240414070977,3.01993792737773
2025,NE3,CO,1,autorregresion,60,0.026342847568873,0.0384829141123022
2025,NE3,CO,2,autorregresion,120,0.0337376900439039,0.0531336013367592
2025,NE3,CO,3,autorregresion,180,0.0498832079759366,0.0684150598367521
2026,NE3,CO,1,autorregresion,60,0.034359126921222,0.0526668456043969
2026,NE3,CO,2,autorregresion,120,0.0318814783295875,0.0558307968535759
2026,NE3,CO,3,autorregresion,180,0.0405348237581184,0.0666962492776193
2025,NE3,NO,1,autorregresion,60,2.64918941984818,5.08247878381239
2025,NE3,NO,2,autorregresion,120,3.66060765166916,7.15534053627788
2025,NE3,NO,3,autorregresion,180,5.86047610681447,10.2907265330656
2026,NE3,NO,1,autorregresion,60,1.92111509050447,3.27239403633074
2026,NE3,NO,2,autorregresion,120,4.7377145981494,9.74589651839392
2026,NE3,NO,3,autorregresion,180,5.93919169478279,11.3673286283548
2025,NE3,NO2,1,autorregresion,60,2.15818571112422,3.74933668832957
2025,NE3,NO2,2,autorregresion,120,2.68728762225517,3.6310679740457
2025,NE3,NO2,3,autorregresion,180,3.0950113202054,4.56019035472801
2026,NE3,NO2,1,autorregresion,60,1.75735398613192,2.56802166506082
2026,NE3,NO2,2,autorregresion,120,2.24953477975341,3.3062862175237
2026,NE3,NO2,3,autorregresion,180,2.50560410238724,3.91206775253321
2025,NE3,NOX,1,autorregresion,60,3.76477259325148,6.57019415217644
2025,NE3,NOX,2,autorregresion,120,5.53792245729817,8.75502467754877
2025,NE3,NOX,3,autorregresion,180,6.74055490866302,11.8740650325306
2026,NE3,NOX,1,autorregresion,60,3.48836481176598,6.49652856268692
2026,NE3,NOX,2,autorregresion,120,4.54523871638079,8.0030423583639
2026,NE3,NOX,3,autorregresion,180,5.16941580801457,7.88650863853433
2025,NE3,PM10,1,autorregresion,60,11.4402757333004,22.160003550445
2025,NE3,PM10,2,autorregresion,120,8.7837058180902,11.7789132643251
2025,NE3,PM10,3,autorregresion,180,8.82349064580523,12.1880031116779
2026,NE3,PM10,1,autorregresion,60,7.99311268566528,11.9329045082719
2026,NE3,PM10,2,autorregresion,120,10.2943412114109,14.2572532499677
2026,NE3,PM10,3,autorregresion,180,9.60907563952258,13.7623485869709
2025,NE3,PRS,1,autorregresion,60,0.410669602099006,0.543164484577098
2025,NE3,PRS,2,autorregresion,120,0.491196087596018,0.627527034306249
2025,NE3,PRS,3,autorregresion,180,0.701075638927497,0.900789356067049
2026,NE3,PRS,1,autorregresion,60,0.499816571076502,0.64613129477933
2026,NE3,PRS,2,autorregresion,120,0.718162611781638,0.906461577818282
2026,NE3,PRS,3,autorregresion,180,0.741110218653671,1.02122114820942
2025,NE3,RAINF,1,autorregresion,60,0.134059254809439,0.561744385469726
2025,NE3,RAINF,2,autorregresion,120,0.0925487714933568,0.343004849979859
2025,NE3,RAINF,3,autorregresion,180,0.074759480450644,0.355683467223397
2026,NE3,RAINF,1,autorregresion,60,0.0848985546318744,0.239906938458102
2026,NE3,RAINF,2,autorregresion,120,0.0946821835464763,0.462084161522417
2026,NE3,RAINF,3,autorregresion,180,0.279162699398517,2.62124276753837
2025,NE3,RH,1,autorregresion,60,3.47877906020803,7.36942161159751
2025,NE3,RH,2,autorregresion,120,3.28802545164302,4.4246758572686
2025,NE3,RH,3,autorregresion,180,3.86705789067589,5.29934571123441
2026,NE3,RH,1,autorregresion,60,1.85810569326119,2.5573485018528
2026,NE3,RH,2,autorregresion,120,4.67962235026458,7.05238458007102
2026,NE3,RH,3,autorregresion,180,4.54173564462119,7.48611143234288
2025,NE3,SO2,1,autorregresion,60,1.00310939336703,2.41311062308568
2025,NE3,SO2,2,autorregresion,120,1.25909963653688,3.1767479301958
2025,NE3,SO2,3,autorregresion,180,1.03941758641737,2.35075733478798
2026,NE3,SO2,1,autorregresion,60,0.69348066984746,1.08499991456355
2026,NE3,SO2,2,autorregresion,120,0.89212435994397,1.75427425943625
2026,NE3,SO2,3,autorregresion,180,0.879847501003094,1.4242595405682
2025,NE3,SR,1,autorregresion,60,0.0550890495233842,0.0802304314643832
2025,NE3,SR,2,autorregresion,120,0.0715725014957966,0.124380931180585
2025,NE3,SR,3,autorregresion,180,0.0718642072734049,0.113015911155305
2026,NE3,SR,1,autorregresion,60,0.0710077239109536,0.122003779536264
2026,NE3,SR,2,autorregresion,120,0.0917364893596119,0.177767021473488
2026,NE3,SR,3,autorregresion,180,0.0719961757828438,0.155721083102574
2025,NE3,TOUT,1,autorregresion,60,0.476840460436486,0.635121550586656
2025,NE3,TOUT,2,autorregresion,120,1.19887862868967,2.18198577155495
2025,NE3,TOUT,3,autorregresion,180,1.03083084699166,1.68768946697574
2026,NE3,TOUT,1,autorregresion,60,0.601983190824191,0.826014942132473
2026,NE3,TOUT,2,autorregresion,120,0.775010416429144,1.03243785153073
2026,NE3,TOUT,3,autorregresion,180,0.999144685690618,1.61077391023392
2025,NE3,WSR,1,autorregresion,60,1.66711961292574,2.07411483296139
2025,NE3,WSR,2,autorregresion,120,2.23890749392175,3.09539555941125
2025,NE3,WSR,3,autorregresion,180,2.58502016707353,3.36652037207478
2026,NE3,WSR,1,autorregresion,60,1.63853409184574,2.08805900468817
2026,NE3,WSR,2,autorregresion,120,2.30053087514049,2.88751109007258
2026,NE3,WSR,3,autorregresion,180,2.74098105487593,4.55423238754745
2025,NO,CO,1,autorregresion,60,0.170770474605654,0.29831843426922
2025,NO,CO,2,autorregresion,120,0.157813364056928,0.271788748803824
2025,NO,CO,3,autorregresion,180,0.180187634253239,0.291762879790558
2026,NO,CO,1,autorregresion,60,0.11657273680538,0.207369656853312
2026,NO,CO,2,autorregresion,120,0.120005850222081,0.20987783658697
2026,NO,CO,3,autorregresion,180,0.113988930843857,0.164339603799875
2025,NO,NO,1,autorregresion,60,4.65026734141645,13.3203037315531
2025,NO,NO,2,autorregresion,120,8.43807062596016,17.6528597063727
2025,NO,NO,3,autorregresion,180,6.53960435467659,19.9901928411826
2026,NO,NO,1,autorregresion,60,2.4989110684947,4.53538065960513
2026,NO,NO,2,autorregresion,120,3.6288954445397,9.1915616634931
2026,NO,NO,3,autorregresion,180,4.19338222583095,12.8944840588651
2025,NO,NO2,1,autorregresion,60,1.31548698930986,1.90598122699073
2025,NO,NO2,2,autorregresion,120,2.04790964949624,3.28954845557942
2025,NO,NO2,3,autorregresion,180,3.74647153828944,5.70459719213126
2026,NO,NO2,1,autorregresion,60,2.62914458427887,5.01385042725654
2026,NO,NO2,2,autorregresion,120,2.84851625201255,4.5817648440588
2026,NO,NO2,3,autorregresion,180,3.27829623376953,5.0110191872084
2025,NO,NOX,1,autorregresion,60,4.41029714307852,9.90046497207515
2025,NO,NOX,2,autorregresion,120,10.9853983419667,24.213755570595
2025,NO,NOX,3,autorregresion,180,8.52564507841385,20.0215597426074
2026,NO,NOX,1,autorregresion,60,5.10722937586229,8.1761832669314
2026,NO,NOX,2,autorregresion,120,7.45814945839138,17.2102249799008
2026,NO,NOX,3,autorregresion,180,8.16546972590874,20.7896333883576
2025,NO,PM10,1,autorregresion,60,8.15402125800371,12.4273704018678
2025,NO,PM10,2,autorregresion,120,10.3822737106079,14.2822000281408
2025,NO,PM10,3,autorregresion,180,12.1381813815294,17.0084672728728
2026,NO,PM10,1,autorregresion,60,6.12870245107171,9.06201441681262
2026,NO,PM10,2,autorregresion,120,7.19587841464301,9.4755411822727
2026,NO,PM10,3,autorregresion,180,9.3441153959899,12.9060160437105
2025,NO,PM2.5,1,autorregresion,60,3.44607831054542,4.22336541342112
2025,NO,PM2.5,2,autorregresion,120,3.73195016438186,4.81353637969195
2025,NO,PM2.5,3,autorregresion,180,3.87904116268516,5.03555894713608
2026,NO,PM2.5,1,autorregresion,60,3.22701867067004,4.8309258122125
2026,NO,PM2.5,2,autorregresion,120,2.78922462693173,3.79097390479321
2026,NO,PM2.5,3,autorregresion,180,4.33792118952476,5.7674303560458
2025,NO,PRS,1,autorregresion,60,0.329208410495337,0.422536780276595
2025,NO,PRS,2,autorregresion,120,0.439143034079048,0.576749478511297
2025,NO,PRS,3,autorregresion,180,0.534776738030805,0.672301242723877
2026,NO,PRS,1,autorregresion,60,0.311407326951881,0.386498349140068
2026,NO,PRS,2,autorregresion,120,0.461149583525889,0.624193353471617
2026,NO,PRS,3,autorregresion,180,0.491331649685237,0.652073697612849
2025,NO,RAINF,1,autorregresion,60,0.0107195764514815,0.019860499365044
2025,NO,RAINF,2,autorregresion,120,0.00877944167116308,0.0103849675089007
2025,NO,RAINF,3,autorregresion,180,0.0124807263404839,0.0228475809660017
2026,NO,RAINF,1,autorregresion,60,0.0297434698914541,0.173810813426888
2026,NO,RAINF,2,autorregresion,120,0.0133218727351678,0.0444668553904186
2026,NO,RAINF,3,autorregresion,180,0.0437716338924287,0.258218793549559
2025,NO,RH,1,autorregresion,60,2.75012463480713,3.73736436106481
2025,NO,RH,2,autorregresion,120,3.68541844976319,5.81966445903617
2025,NO,RH,3,autorregresion,180,4.03268937058981,5.6786966343433
2026,NO,RH,1,autorregresion,60,2.56531519462743,3.73406685975349
2026,NO,RH,2,autorregresion,120,3.27225181325625,4.90492636114412
2026,NO,RH,3,autorregresion,180,4.001736085055,6.04772051175404
2025,NO,SO2,1,autorregresion,60,0.679986884555978,1.03241989701158
2025,NO,SO2,2,autorregresion,120,1.34473495908144,2.39371811282195
2025,NO,SO2,3,autorregresion,180,1.23961392086413,1.97939935509267
2026,NO,SO2,1,autorregresion,60,0.680279281534857,1.10036013729303
2026,NO,SO2,2,autorregresion,120,0.844531263694573,1.4857043717507
2026,NO,SO2,3,autorregresion,180,0.955496362686985,2.21379450452442
2025,NO,SR,1,autorregresion,60,0.0271718712222403,0.040738058901975
2025,NO,SR,2,autorregresion,120,0.0322717463291997,0.0554844439932938
2025,NO,SR,3,autorregresion,180,0.0472475114015353,0.0817042147888848
2026,NO,SR,1,autorregresion,60,0.0242518151480027,0.0348345792641819
2026,NO,SR,2,autorregresion,120,0.0351974257479685,0.0568580761310816
2026,NO,SR,3,autorregresion,180,0.0417694198185419,0.0665491223521461
2025,NO,TOUT,1,autorregresion,60,0.646019755631582,1.30316468112511
2025,NO,TOUT,2,autorregresion,120,0.875507716884132,1.22802135041
2025,NO,TOUT,3,autorregresion,180,1.18701602660279,1.73193083160148
2026,NO,TOUT,1,autorregresion,60,0.617975252930893,1.02573488864712
2026,NO,TOUT,2,autorregresion,120,0.696481291314432,1.13386498696412
2026,NO,TOUT,3,autorregresion,180,0.872043251277139,1.3045511856385
2025,NO,WSR,1,autorregresion,60,1.74981994266678,2.79340572138794
2025,NO,WSR,2,autorregresion,120,2.30749092942818,3.31385178855732
2025,NO,WSR,3,autorregresion,180,2.37970986534736,3.28742945664383
2026,NO,WSR,1,autorregresion,60,1.64675827070072,2.14035230863309
2026,NO,WSR,2,autorregresion,120,1.97090283156746,3.53018574930905
2026,NO,WSR,3,autorregresion,180,2.11560745477293,3.09726717394895
2025,NO2,CO,1,autorregresion,60,0.0697690805318401,0.105667209111812
2025,NO2,CO,2,autorregresion,120,0.0984452330748495,0.17036953353959
2025,NO2,CO,3,autorregresion,180,0.131865141925935,0.227201576511051
2026,NO2,CO,1,autorregresion,60,0.0674283448519125,0.0998537865621573
2026,NO2,CO,2,autorregresion,120,0.0721585436474361,0.11263000799638
2026,NO2,CO,3,autorregresion,180,0.117173723226322,0.265581238713622
2025,NO2,NO,1,autorregresion,60,2.72142679436776,4.88200331458565
2025,NO2,NO,2,autorregresion,120,5.09565856556746,9.00049104668799
2025,NO2,NO,3,autorregresion,180,3.67765648689084,8.30159913510659
2026,NO2,NO,1,autorregresion,60,3.42182619652816,7.84132367869266
2026,NO2,NO,2,autorregresion,120,3.59193425083491,7.53152633714528
2026,NO2,NO,3,autorregresion,180,2.58780981986075,6.14552614353735
2025,NO2,NO2,1,autorregresion,60,2.75717344314308,4.20599512916616
2025,NO2,NO2,2,autorregresion,120,2.92332591316038,4.66333238078749
2025,NO2,NO2,3,autorregresion,180,3.54206948764416,5.17447140242926
2026,NO2,NO2,1,autorregresion,60,1.99717971837032,2.83249769124493
2026,NO2,NO2,2,autorregresion,120,2.94588765755806,4.12546296475643
2026,NO2,NO2,3,autorregresion,180,2.4209432661453,3.55641782092111
2025,NO2,NOX,1,autorregresion,60,5.25194741042894,8.76229219697915
2025,NO2,NOX,2,autorregresion,120,5.13860559834151,8.54147145345445
2025,NO2,NOX,3,autorregresion,180,7.51413336471833,12.418039249497
2026,NO2,NOX,1,autorregresion,60,4.41777415638092,8.97635540610563
2026,NO2,NOX,2,autorregresion,120,5.36681552582609,8.40483598914301
2026,NO2,NOX,3,autorregresion,180,6.88787310573044,12.1913259774714
2025,NO2,PM10,1,autorregresion,60,10.9233480443891,16.3578478888809
2025,NO2,PM10,2,autorregresion,120,11.1085404663117,16.0851581517316
2025,NO2,PM10,3,autorregresion,180,12.8337421007592,20.3818566537947
2026,NO2,PM10,1,autorregresion,60,5.63436736663325,7.25072626961911
2026,NO2,PM10,2,autorregresion,120,7.84260405808179,10.3446349613249
2026,NO2,PM10,3,autorregresion,180,8.49601946885296,10.9601204504364
2025,NO2,PM2.5,1,autorregresion,60,2.4105036843365,3.29733256847799
2025,NO2,PM2.5,2,autorregresion,120,3.22487837964179,5.16183160210195
2025,NO2,PM2.5,3,autorregresion,180,3.20806953149007,4.23959579463363
2026,NO2,PM2.5,1,autorregresion,60,2.23523372473656,3.88406313101882
2026,NO2,PM2.5,2,autorregresion,120,1.87592724768386,2.50102209954619
2026,NO2,PM2.5,3,autorregresion,180,1.98419404743154,2.71212368131514
2025,NO2,PRS,1,autorregresion,60,0.295468918297252,0.355112873897597
2025,NO2,PRS,2,autorregresion,120,0.341662454116014,0.413835586690603
2025,NO2,PRS,3,autorregresion,180,0.527041052057763,0.660019755429148
2026,NO2,PRS,1,autorregresion,60,0.27001235906958,0.337858199734068
2026,NO2,PRS,2,autorregresion,120,0.458688599882268,0.591285895784371
2026,NO2,PRS,3,autorregresion,180,0.51387904455006,0.660449259225839
2025,NO2,RAINF,1,autorregresion,60,0.00169922943317498,0.00235475066201703
2025,NO2,RAINF,2,autorregresion,120,0.00683555398311697,0.0339453252265889
2025,NO2,RAINF,3,autorregresion,180,0.00511503625002709,0.0263011250785935
2026,NO2,RAINF,1,autorregresion,60,0.00176503028791364,0.00415644925608623
2026,NO2,RAINF,2,autorregresion,120,0.0017555714429325,0.00354751929944206
2026,NO2,RAINF,3,autorregresion,180,0.00178198512552402,0.00352727978675045
2025,NO2,RH,1,autorregresion,60,2.37009835633207,3.33565868469751
2025,NO2,RH,2,autorregresion,120,3.21777545640852,6.06460331804304
2025,NO2,RH,3,autorregresion,180,3.4019624997876,4.87988864386989
2026,NO2,RH,1,autorregresion,60,2.21481008447761,3.02565077568884
2026,NO2,RH,2,autorregresion,120,3.91840880590771,5.66153995174825
2026,NO2,RH,3,autorregresion,180,4.52276968763138,6.22309096957933
2025,NO2,SO2,1,autorregresion,60,0.103551217607205,0.132186181542371
2025,NO2,SO2,2,autorregresion,120,0.191096462813977,0.408295541994031
2025,NO2,SO2,3,autorregresion,180,0.225350897070345,0.377046870768355
2026,NO2,SO2,1,autorregresion,60,0.0765571722213866,0.10276592188645
2026,NO2,SO2,2,autorregresion,120,0.0734250525760954,0.0886833407836733
2026,NO2,SO2,3,autorregresion,180,0.0901745319397316,0.114529036313233
2025,NO2,SR,1,autorregresion,60,0.0127981547621777,0.027341640665196
2025,NO2,SR,2,autorregresion,120,0.00990033768362215,0.0172812676021506
2025,NO2,SR,3,autorregresion,180,0.0277422664372634,0.0945530888549855
2025,NO2,TOUT,1,autorregresion,60,0.472477943299091,0.61715997588842
2025,NO2,TOUT,2,autorregresion,120,0.811947313071147,1.14570827579452
2025,NO2,TOUT,3,autorregresion,180,0.813375223758937,1.15125690304379
2026,NO2,TOUT,1,autorregresion,60,0.479295234714781,0.656793979886262
2026,NO2,TOUT,2,autorregresion,120,0.768264364006244,1.13781305229938
2026,NO2,TOUT,3,autorregresion,180,0.775441398445976,1.16939845162405
2025,NO2,WSR,1,autorregresion,60,1.41918152018756,1.96946403831739
2025,NO2,WSR,2,autorregresion,120,1.86617881765493,2.56970768342468
2025,NO2,WSR,3,autorregresion,180,1.75864216140467,2.32347442393508
2026,NO2,WSR,1,autorregresion,60,1.46212843361239,2.05185338892861
2026,NO2,WSR,2,autorregresion,120,1.9893022297503,2.85823852040321
2026,NO2,WSR,3,autorregresion,180,1.71272978812286,2.22596700611608
2025,NO3,CO,1,autorregresion,60,0.0961815019081728,0.161903848935835
2025,NO3,CO,2,autorregresion,120,0.10615948367596,0.165118038048154
2025,NO3,CO,3,autorregresion,180,0.111415558826756,0.203717497680942
2026,NO3,CO,1,autorregresion,60,0.169126578014692,0.580135065312933
2026,NO3,CO,2,autorregresion,120,0.0988786773491267,0.150565648199369
2026,NO3,CO,3,autorregresion,180,0.120638412137837,0.207817757211378
2025,NO3,NO,1,autorregresion,60,6.97172312981512,15.2275566451181
2025,NO3,NO,2,autorregresion,120,5.84549263585618,11.6035974583466
2025,NO3,NO,3,autorregresion,180,8.88585638966248,16.5122271599282
2026,NO3,NO,1,autorregresion,60,6.23109439947674,14.2800230759932
2026,NO3,NO,2,autorregresion,120,5.73726393429163,13.2597685390715
2026,NO3,NO,3,autorregresion,180,5.85691033856265,14.0267529824208
2025,NO3,NO2,1,autorregresion,60,3.13530934487834,4.49657602199822
2025,NO3,NO2,2,autorregresion,120,3.03353798692857,4.60242231882994
2025,NO3,NO2,3,autorregresion,180,3.55642606962278,4.92695004490447
2026,NO3,NO2,1,autorregresion,60,2.93042427166576,5.1722382115448
2026,NO3,NO2,2,autorregresion,120,3.64553243686806,5.13435279551878
2026,NO3,NO2,3,autorregresion,180,3.64321718277179,5.50778861694293
2025,NO3,NOX,1,autorregresion,60,8.72592932589807,14.3223591675281
2025,NO3,NOX,2,autorregresion,120,7.38068890110594,12.8509453012855
2025,NO3,NOX,3,autorregresion,180,11.2359292280896,18.7362747832284
2026,NO3,NOX,1,autorregresion,60,6.08074398618374,11.9325451189806
2026,NO3,NOX,2,autorregresion,120,8.3763484693559,19.0633468667759
2026,NO3,NOX,3,autorregresion,180,12.4204939411159,27.1620418053651
2025,NO3,PM10,1,autorregresion,60,11.0166474191985,16.545908646847
2025,NO3,PM10,2,autorregresion,120,11.8086545712494,16.9407196297458
2025,NO3,PM10,3,autorregresion,180,14.6373028421621,20.0141420633419
2026,NO3,PM10,1,autorregresion,60,8.3526368327983,11.0742731045187
2026,NO3,PM10,2,autorregresion,120,9.91266088731453,14.9110140430386
2026,NO3,PM10,3,autorregresion,180,10.9936089878301,17.4052371615919
2025,NO3,PM2.5,1,autorregresion,60,5.08572265539648,7.50210278041877
2025,NO3,PM2.5,2,autorregresion,120,4.4039613023219,6.49391657035886
2025,NO3,PM2.5,3,autorregresion,180,5.09508237519114,7.13141012954844
2026,NO3,PM2.5,1,autorregresion,60,3.03783173136154,4.70273427206781
2026,NO3,PM2.5,2,autorregresion,120,3.41896066817092,4.80519898142732
2026,NO3,PM2.5,3,autorregresion,180,3.34320994669704,4.62462128979719
2025,NO3,PRS,1,autorregresion,60,0.160501578000471,0.201470225657921
2025,NO3,PRS,2,autorregresion,120,0.315524656384899,0.427674836719287
2025,NO3,PRS,3,autorregresion,180,0.466361147608034,0.661121677501658
2026,NO3,PRS,1,autorregresion,60,0.19458274935487,0.232711921139242
2026,NO3,PRS,2,autorregresion,120,0.309977298710528,0.449450520123608
2026,NO3,PRS,3,autorregresion,180,0.43673133063587,0.545704182480019
2025,NO3,RH,1,autorregresion,60,2.03524721223974,2.75249075472792
2025,NO3,RH,2,autorregresion,120,3.47494817987611,5.36138891752071
2025,NO3,RH,3,autorregresion,180,4.74892865820123,6.55008978171469
2026,NO3,RH,1,autorregresion,60,1.95035117015884,2.83401660660148
2026,NO3,RH,2,autorregresion,120,2.98796363442725,4.48185202607294
2026,NO3,RH,3,autorregresion,180,4.29408941563083,6.46941904342663
2025,NO3,SO2,1,autorregresion,60,0.913455029061882,1.79486523641735
2025,NO3,SO2,2,autorregresion,120,1.43307687692871,4.49379116701438
2025,NO3,SO2,3,autorregresion,180,1.27713118671962,2.66672103572041
2026,NO3,SO2,1,autorregresion,60,0.441120425358013,0.726371492298449
2026,NO3,SO2,2,autorregresion,120,0.663778516805385,1.07285202344095
2026,NO3,SO2,3,autorregresion,180,0.624357095418233,1.05863269681901
2025,NO3,SR,1,autorregresion,60,0.0299322252322723,0.0478986802501792
2025,NO3,SR,2,autorregresion,120,0.0455953886471757,0.0818039935592571
2025,NO3,SR,3,autorregresion,180,0.0698062916461583,0.110430726963325
2026,NO3,SR,1,autorregresion,60,0.0348136265611178,0.0577416829711483
2026,NO3,SR,2,autorregresion,120,0.0637089412244599,0.111763578264744
2026,NO3,SR,3,autorregresion,180,0.0695854883827109,0.129119465078371
2025,NO3,TOUT,1,autorregresion,60,0.589609767505959,0.795900390017432
2025,NO3,TOUT,2,autorregresion,120,0.667986318518378,0.909431535232564
2025,NO3,TOUT,3,autorregresion,180,1.09156788809835,1.66200495184006
2026,NO3,TOUT,1,autorregresion,60,0.548108393302339,0.810613506281564
2026,NO3,TOUT,2,autorregresion,120,0.750077646551798,1.08548027587652
2026,NO3,TOUT,3,autorregresion,180,0.81579450856249,1.22268912346117
2025,NO3,WSR,1,autorregresion,60,1.89615529143258,2.58155070561356
2025,NO3,WSR,2,autorregresion,120,2.18266497082638,2.90077837855861
2025,NO3,WSR,3,autorregresion,180,2.40667962381537,3.27623253670648
2026,NO3,WSR,1,autorregresion,60,1.52978541521812,2.25544687635515
2026,NO3,WSR,2,autorregresion,120,1.83439449906952,2.49667764211424
2026,NO3,WSR,3,autorregresion,180,2.68553697426633,3.52597643089528
2025,NTE,CO,1,autorregresion,60,0.0677066356137423,0.102787941780887
2025,NTE,CO,2,autorregresion,120,0.113727516799045,0.192942563018849
2025,NTE,CO,3,autorregresion,180,0.101238769883813,0.170203272232815
2026,NTE,CO,1,autorregresion,60,0.0800059719375274,0.154102636932761
2026,NTE,CO,2,autorregresion,120,0.103995866652306,0.178166294904895
2026,NTE,CO,3,autorregresion,180,0.144050861836407,0.269044265617229
2025,NTE,NO,1,autorregresion,60,5.082966461105,12.5275899395655
2025,NTE,NO,2,autorregresion,120,4.64416683764528,8.16895593563632
2025,NTE,NO,3,autorregresion,180,6.50489140593273,11.9189093720435
2026,NTE,NO,1,autorregresion,60,2.65827097728244,4.58966929651287
2026,NTE,NO,2,autorregresion,120,5.77034059213382,12.8238456791137
2026,NTE,NO,3,autorregresion,180,5.29726666857215,9.41666913752746
2025,NTE,NO2,1,autorregresion,60,2.6963886154392,4.57943422785187
2025,NTE,NO2,2,autorregresion,120,2.84579595211839,4.55146041699959
2025,NTE,NO2,3,autorregresion,180,3.69935725685187,5.40899457524478
2026,NTE,NO2,1,autorregresion,60,2.07170068823318,3.12659906394741
2026,NTE,NO2,2,autorregresion,120,2.71962961385658,3.97942150098413
2026,NTE,NO2,3,autorregresion,180,3.27711502695445,4.92035333204733
2025,NTE,NOX,1,autorregresion,60,5.56170808365618,9.25882550020257
2025,NTE,NOX,2,autorregresion,120,9.54898082892243,16.4800181420839
2025,NTE,NOX,3,autorregresion,180,5.38025069281482,7.79425288618415
2026,NTE,NOX,1,autorregresion,60,4.5843062652943,9.64091852715134
2026,NTE,NOX,2,autorregresion,120,6.97222951808353,14.3739056507698
2026,NTE,NOX,3,autorregresion,180,10.8016973553157,17.9566862769536
2025,NTE,PM10,1,autorregresion,60,12.0139698303944,25.9364450410832
2025,NTE,PM10,2,autorregresion,120,14.2127884621091,23.3718097083336
2025,NTE,PM10,3,autorregresion,180,11.7449829789619,16.0733846853275
2026,NTE,PM10,1,autorregresion,60,11.4144295591435,25.075764107808
2026,NTE,PM10,2,autorregresion,120,10.3824575951862,15.9837076570337
2026,NTE,PM10,3,autorregresion,180,10.0294672313907,14.115376164226
2025,NTE,PM2.5,1,autorregresion,60,2.97596269581081,4.60913861127825
2025,NTE,PM2.5,2,autorregresion,120,3.33802857430616,4.74336530621371
2025,NTE,PM2.5,3,autorregresion,180,4.17234779345794,6.88939937139543
2026,NTE,PM2.5,1,autorregresion,60,2.44392156652627,3.34082139751282
2026,NTE,PM2.5,2,autorregresion,120,4.28523068031077,7.17412575473699
2026,NTE,PM2.5,3,autorregresion,180,4.34591924767704,6.75630984274094
2025,NTE,PRS,1,autorregresion,60,0.658985780222605,1.58550887713867
2025,NTE,PRS,2,autorregresion,120,0.813528314235176,1.77337361725594
2025,NTE,PRS,3,autorregresion,180,0.662297691251655,0.847971727616491
2026,NTE,PRS,1,autorregresion,60,0.389342872522328,0.463416042172818
2026,NTE,PRS,2,autorregresion,120,0.516643015995036,0.648256501530441
2026,NTE,PRS,3,autorregresion,180,0.618756553959195,0.758719164988078
2025,NTE,RAINF,1,autorregresion,60,0.392501521131,2.37964037530769
2025,NTE,RAINF,2,autorregresion,120,0.266084728294187,1.9881240812201
2025,NTE,RAINF,3,autorregresion,180,0.619390375450094,3.28919687483708
2026,NTE,RAINF,1,autorregresion,60,0.030168785582505,0.134294452632598
2026,NTE,RAINF,2,autorregresion,120,0.426835458516539,2.44305883829037
2026,NTE,RAINF,3,autorregresion,180,0.142780212483983,0.730078370696491
2025,NTE,RH,1,autorregresion,12,1.38629122175896,1.76844184671832
2025,NTE,RH,2,autorregresion,18,2.29591038483891,3.01056102734933
2025,NTE,RH,3,autorregresion,21,3.4556579714076,4.2558007860682
2025,NTE,SO2,1,autorregresion,60,0.535195089500852,1.06105104508964
2025,NTE,SO2,2,autorregresion,120,0.828041545737693,1.8431680991718
2025,NTE,SO2,3,autorregresion,180,0.80955262437386,1.71337482993098
2026,NTE,SO2,1,autorregresion,60,0.535179469257459,0.706737453884952
2026,NTE,SO2,2,autorregresion,120,0.799441636875808,1.22309221751606
2026,NTE,SO2,3,autorregresion,180,0.671619664022735,1.36330996009746
2025,NTE,SR,1,autorregresion,60,0.0240373269128988,0.05018147029618
2025,NTE,SR,2,autorregresion,120,0.0288267895834261,0.0602496959469011
2025,NTE,SR,3,autorregresion,180,0.0230284941149579,0.0597276856962989
2026,NTE,SR,1,autorregresion,60,0.00489503661832997,0.00670869441864614
2026,NTE,SR,2,autorregresion,120,0.0046161860866928,0.00737076972123545
2026,NTE,SR,3,autorregresion,180,0.00499827772634899,0.00821652901717784
2025,NTE,TOUT,1,autorregresion,60,0.419248589091098,0.553778860432867
2025,NTE,TOUT,2,autorregresion,120,0.684498835295578,1.04406483553936
2025,NTE,TOUT,3,autorregresion,180,1.01633440628137,1.43313163704059
2026,NTE,TOUT,1,autorregresion,60,0.466162665880052,0.657618530109199
2026,NTE,TOUT,2,autorregresion,120,0.890539967122602,1.48619696094857
2026,NTE,TOUT,3,autorregresion,180,0.886699576523612,1.20827630795423
2025,NTE,WSR,1,autorregresion,60,1.26043638952266,1.7588280831533
2025,NTE,WSR,2,autorregresion,120,1.68217009035814,2.37813901931312
2025,NTE,WSR,3,autorregresion,180,1.61021417301619,2.14790716715154
2026,NTE,WSR,1,autorregresion,60,1.26431969478572,1.68311662139109
2026,NTE,WSR,2,autorregresion,120,1.68833668090923,2.1948786353716
2026,NTE,WSR,3,autorregresion,180,1.57763450606158,2.12512534932252
2025,NTE2,CO,1,autorregresion,60,0.122888540401057,0.175912480766539
2025,NTE2,CO,2,autorregresion,120,0.145828855539918,0.195874680510395
2025,NTE2,CO,3,autorregresion,180,0.172366917008698,0.30273321656375
2026,NTE2,CO,1,autorregresion,60,0.0901103709817073,0.125564541188157
2026,NTE2,CO,2,autorregresion,120,0.109040882697329,0.166234113647146
2026,NTE2,CO,3,autorregresion,180,0.144033837717478,0.220011740555872
2025,NTE2,NO,1,autorregresion,60,7.42266478376452,13.3746726794106
2025,NTE2,NO,2,autorregresion,120,8.33346427643657,14.7890226027191
2025,NTE2,NO,3,autorregresion,180,8.26225266710756,15.0567911441399
2026,NTE2,NO,1,autorregresion,60,3.58937843467146,5.55869688795942
2026,NTE2,NO,2,autorregresion,120,5.54979400544394,8.01485294271614
2026,NTE2,NO,3,autorregresion,180,9.72667746336032,16.5510191855059
2025,NTE2,NO2,1,autorregresion,60,3.44975022657085,4.72685939984484
2025,NTE2,NO2,2,autorregresion,120,4.06695207763793,6.08999805799097
2025,NTE2,NO2,3,autorregresion,180,4.78782182370225,8.23836485323487
2026,NTE2,NO2,1,autorregresion,60,2.78842220827295,3.65196286127304
2026,NTE2,NO2,2,autorregresion,120,2.74769334809745,3.87898686037342
2026,NTE2,NO2,3,autorregresion,180,3.14598749263525,4.27126439563955
2025,NTE2,NOX,1,autorregresion,60,10.1047379221431,15.611402259105
2025,NTE2,NOX,2,autorregresion,120,12.5560844693562,19.0754683655864
2025,NTE2,NOX,3,autorregresion,180,17.6911444089475,37.5625946775936
2026,NTE2,NOX,1,autorregresion,60,7.85333517791531,11.4044380572606
2026,NTE2,NOX,2,autorregresion,120,14.4210926012821,28.0326937324841
2026,NTE2,NOX,3,autorregresion,180,10.092997267963,14.3471232651364
2025,NTE2,PM10,1,autorregresion,60,10.4229946599583,13.4118961385592
2025,NTE2,PM10,2,autorregresion,120,12.6735745801306,17.6883042493166
2025,NTE2,PM10,3,autorregresion,180,15.7702080317959,22.3901575641924
2026,NTE2,PM10,1,autorregresion,60,11.0460960239963,16.9979936823924
2026,NTE2,PM10,2,autorregresion,120,11.0096762797579,16.988603923933
2026,NTE2,PM10,3,autorregresion,180,14.2755619782301,18.9444070481994
2025,NTE2,PM2.5,1,autorregresion,60,6.67119356794283,8.44534241656757
2025,NTE2,PM2.5,2,autorregresion,120,5.9649200695688,8.88722818124471
2025,NTE2,PM2.5,3,autorregresion,180,6.39845728481592,9.27466537898032
2026,NTE2,PM2.5,1,autorregresion,60,4.03990779027951,5.32462401648167
2026,NTE2,PM2.5,2,autorregresion,120,5.10338754268057,6.89506856080196
2026,NTE2,PM2.5,3,autorregresion,180,4.83862197969405,6.49316588518345
2025,NTE2,PRS,1,autorregresion,60,0.289890391010696,0.347059629915409
2025,NTE2,PRS,2,autorregresion,120,0.394359189261284,0.515073325321422
2025,NTE2,PRS,3,autorregresion,180,0.441129408316886,0.563836485921316
2026,NTE2,PRS,1,autorregresion,60,0.283998620664526,0.333790296841406
2026,NTE2,PRS,2,autorregresion,120,0.407992349112973,0.511330603077403
2026,NTE2,PRS,3,autorregresion,180,0.552850651346528,0.695412899739327
2025,NTE2,RAINF,1,autorregresion,60,0.00891894853019863,0.0421106331414773
2025,NTE2,RAINF,2,autorregresion,120,0.00275499751179253,0.00333595909157327
2025,NTE2,RAINF,3,autorregresion,180,0.0397316345259087,0.249846997698625
2026,NTE2,RAINF,1,autorregresion,60,0.141402274008693,1.07601716700313
2026,NTE2,RAINF,2,autorregresion,120,0.00562944542579952,0.0333459093392872
2026,NTE2,RAINF,3,autorregresion,180,0.0743856404423573,0.538516973838473
2025,NTE2,RH,1,autorregresion,60,2.37115021467405,3.21691545354686
2025,NTE2,RH,2,autorregresion,120,3.17680992267883,4.27434484093691
2025,NTE2,RH,3,autorregresion,180,3.8251782849628,5.80620681702274
2026,NTE2,RH,1,autorregresion,60,1.77285814508867,2.84571263622262
2026,NTE2,RH,2,autorregresion,120,3.12648091955921,4.23186615609877
2026,NTE2,RH,3,autorregresion,180,3.63825451410343,4.73527043283082
2025,NTE2,SO2,1,autorregresion,60,0.666552916911986,1.65534104144035
2025,NTE2,SO2,2,autorregresion,120,0.838253004177086,1.60379971988866
2025,NTE2,SO2,3,autorregresion,180,0.588436366326624,1.13727430195545
2026,NTE2,SO2,1,autorregresion,60,0.515121407629267,0.800069441797233
2026,NTE2,SO2,2,autorregresion,120,1.18369608601732,2.05188811015965
2026,NTE2,SO2,3,autorregresion,180,0.868242445740263,1.31532925802475
2025,NTE2,SR,1,autorregresion,60,0.01869375261012,0.0346095877447103
2025,NTE2,SR,2,autorregresion,120,0.0310682384884397,0.054719253039806
2025,NTE2,SR,3,autorregresion,180,0.0365628160715234,0.0601052468732699
2026,NTE2,SR,1,autorregresion,60,0.0256280956615719,0.0445353159114436
2026,NTE2,SR,2,autorregresion,120,0.0338477711843776,0.058002273822416
2026,NTE2,SR,3,autorregresion,180,0.039793891849169,0.0632602116014795
2025,NTE2,TOUT,1,autorregresion,60,0.484693668272299,0.715581059980855
2025,NTE2,TOUT,2,autorregresion,120,0.682746731441426,1.01999276172858
2025,NTE2,TOUT,3,autorregresion,180,0.914889785865259,1.29406414447422
2026,NTE2,TOUT,1,autorregresion,60,0.469041114477708,0.714956818527612
2026,NTE2,TOUT,2,autorregresion,120,0.788699875865958,1.20874917060372
2026,NTE2,TOUT,3,autorregresion,180,0.818941454591854,1.20504297443814
2025,NTE2,WSR,1,autorregresion,60,1.06420684749689,1.36080515188526
2025,NTE2,WSR,2,autorregresion,120,1.37846409303898,2.0764659026873
2025,NTE2,WSR,3,autorregresion,180,1.153296960212,1.5056427878278
2026,NTE2,WSR,1,autorregresion,60,1.1922608090428,1.52159157119259
2026,NTE2,WSR,2,autorregresion,120,1.43062595227344,2.06153925622828
2026,NTE2,WSR,3,autorregresion,180,1.29966601043168,1.94473892703287
2025,SE,CO,1,autorregresion,60,0.0533738716982409,0.0748923837761525
2025,SE,CO,2,autorregresion,120,0.0787741398969473,0.119832125514704
2025,SE,CO,3,autorregresion,180,0.0874989075146057,0.128756820441709
2026,SE,CO,1,autorregresion,60,0.0867814775695984,0.130810470641997
2026,SE,CO,2,autorregresion,120,0.0989897531447984,0.160494685886751
2026,SE,CO,3,autorregresion,180,0.117990504534442,0.189082087294189
2025,SE,NO,1,autorregresion,60,2.48452496464508,3.8717619634561
2025,SE,NO,2,autorregresion,120,3.36832887074935,6.29489221223575
2025,SE,NO,3,autorregresion,180,6.41968100730401,11.4060203437959
2026,SE,NO,1,autorregresion,60,4.40972056436805,9.05227676263334
2026,SE,NO,2,autorregresion,120,4.17201907963652,9.45168546753715
2026,SE,NO,3,autorregresion,180,3.8998109100522,7.51943424030859
2025,SE,NO2,1,autorregresion,60,2.37411142802459,3.52678547767968
2025,SE,NO2,2,autorregresion,120,2.57766801759396,3.73501954793232
2025,SE,NO2,3,autorregresion,180,4.17718667107908,5.77721222823223
2026,SE,NO2,1,autorregresion,60,2.66025377713974,4.1870219094617
2026,SE,NO2,2,autorregresion,120,2.96963685749373,4.47414187697276
2026,SE,NO2,3,autorregresion,180,2.94510132161643,4.2359736640283
2025,SE,NOX,1,autorregresion,60,4.79795845654951,8.56920131748224
2025,SE,NOX,2,autorregresion,120,5.72849349265171,10.8105794925485
2025,SE,NOX,3,autorregresion,180,10.2293212114002,15.7157163915848
2026,SE,NOX,1,autorregresion,60,4.95659842787641,8.94917277085951
2026,SE,NOX,2,autorregresion,120,8.76037411463103,16.3802623197779
2026,SE,NOX,3,autorregresion,180,8.87313135267495,14.7486376186571
2025,SE,PM10,1,autorregresion,60,10.5833045224789,16.6592796458755
2025,SE,PM10,2,autorregresion,120,10.0015876524349,15.3363085011067
2025,SE,PM10,3,autorregresion,180,10.2600636246265,16.2589491141579
2026,SE,PM10,1,autorregresion,60,9.54408282503243,13.3663281981191
2026,SE,PM10,2,autorregresion,120,9.18351262643928,13.7057688536964
2026,SE,PM10,3,autorregresion,180,10.4103532516724,15.1636659338704
2025,SE,PM2.5,1,autorregresion,60,2.56596016492036,4.0555721094727
2025,SE,PM2.5,2,autorregresion,120,2.90510766438634,4.47344713452206
2025,SE,PM2.5,3,autorregresion,180,3.68363137442716,5.76915333408822
2026,SE,PM2.5,1,autorregresion,60,1.85809494008468,2.98920143483356
2026,SE,PM2.5,2,autorregresion,120,2.17966922755378,3.0318869806461
2026,SE,PM2.5,3,autorregresion,180,2.72522083115587,3.75779430452121
2025,SE,PRS,1,autorregresion,60,0.41961237511055,0.558764367864042
2025,SE,PRS,2,autorregresion,120,0.556845350051415,0.700123883189728
2025,SE,PRS,3,autorregresion,180,0.588379497308042,0.726905094433247
2026,SE,PRS,1,autorregresion,60,0.3929903604223,0.475555588012281
2026,SE,PRS,2,autorregresion,120,0.573487674995276,0.725999759089548
2026,SE,PRS,3,autorregresion,180,0.597215986993772,0.755987712334456
2025,SE,RAINF,1,autorregresion,60,0.0124560430121199,0.0167698926550142
2025,SE,RAINF,2,autorregresion,120,0.0205859304106564,0.0267677068089583
2025,SE,RAINF,3,autorregresion,180,0.0242672206666135,0.0333570694663962
2026,SE,RAINF,1,autorregresion,60,0.0208942333932488,0.0316908722034027
2026,SE,RAINF,2,autorregresion,120,0.0258342531270852,0.0331120472079402
2026,SE,RAINF,3,autorregresion,180,0.0343469389153891,0.0449428886672127
2025,SE,RH,1,autorregresion,60,2.17409280918409,3.11336456234269
2025,SE,RH,2,autorregresion,120,3.78708252712103,6.14056924937074
2025,SE,RH,3,autorregresion,180,4.07817798563215,5.62566033150522
2026,SE,RH,1,autorregresion,60,2.76248490744125,3.93912947030927
2026,SE,RH,2,autorregresion,120,3.13600552055045,4.37473167539414
2026,SE,RH,3,autorregresion,180,4.1965114249707,5.85375582153586
2025,SE,SO2,1,autorregresion,60,0.596674165246929,1.18208255523856
2025,SE,SO2,2,autorregresion,120,0.784929242680363,2.36658363502812
2025,SE,SO2,3,autorregresion,180,0.600726723133042,0.957139073390851
2026,SE,SO2,1,autorregresion,60,0.201640519223658,0.26785126840026
2026,SE,SO2,2,autorregresion,120,0.269399534940557,0.471448591441751
2026,SE,SO2,3,autorregresion,180,0.321876398284952,0.422604358210338
2025,SE,SR,1,autorregresion,60,0.0248308457231865,0.0368995125384907
2025,SE,SR,2,autorregresion,120,0.0503978014433569,0.0742611731413215
2025,SE,SR,3,autorregresion,180,0.0465952730797877,0.0753545503149516
2026,SE,SR,1,autorregresion,60,0.031084106827018,0.0539982908861819
2026,SE,SR,2,autorregresion,120,0.0463683645422387,0.0770956971701729
2026,SE,SR,3,autorregresion,180,0.0501681698950655,0.0749914834172954
2025,SE,TOUT,1,autorregresion,60,0.533407174014633,0.861148702814036
2025,SE,TOUT,2,autorregresion,120,0.747041341475839,1.0022211312491
2025,SE,TOUT,3,autorregresion,180,0.892371153094718,1.36551076633821
2026,SE,TOUT,1,autorregresion,60,0.557867757789451,0.723535220622693
2026,SE,TOUT,2,autorregresion,120,0.794850638298837,1.16578237873088
2026,SE,TOUT,3,autorregresion,180,0.708295736739133,0.98754404518451
2025,SE,WSR,1,autorregresion,60,1.68050476646989,2.58687016375874
2025,SE,WSR,2,autorregresion,120,2.21872631396575,2.86412914124739
2025,SE,WSR,3,autorregresion,180,2.0132019122947,2.59998437993148
2026,SE,WSR,1,autorregresion,60,1.80063636275962,2.34993580814697
2026,SE,WSR,2,autorregresion,120,1.92180763256926,2.43937438580133
2026,SE,WSR,3,autorregresion,180,2.17795687556197,2.7631347970865
2025,SE2,CO,1,autorregresion,60,0.089657812056055,0.121243560457003
2025,SE2,CO,2,autorregresion,120,0.158971725741367,0.276869174121757
2025,SE2,CO,3,autorregresion,180,0.157751377775024,0.331781862267964
2026,SE2,CO,1,autorregresion,60,0.120582416696113,0.227614359553805
2026,SE2,CO,2,autorregresion,120,0.0748712732307043,0.106835466134801
2026,SE2,CO,3,autorregresion,180,0.171739638861215,0.396913059999198
2025,SE2,NO,1,autorregresion,60,4.82869697658517,10.9379022798947
2025,SE2,NO,2,autorregresion,120,6.49700414011521,14.4880076164986
2025,SE2,NO,3,autorregresion,180,7.48195933227233,20.0570770787964
2026,SE2,NO,1,autorregresion,60,4.53687266480865,7.39291466336109
2026,SE2,NO,2,autorregresion,120,4.00599974284544,6.07596628177872
2026,SE2,NO,3,autorregresion,180,6.79410596479948,13.6245386153832
2025,SE2,NO2,1,autorregresion,60,1.56429194854914,2.50994089512907
2025,SE2,NO2,2,autorregresion,120,2.0861823101372,2.87213357202513
2025,SE2,NO2,3,autorregresion,180,2.62217311985184,4.07608434288398
2026,SE2,NO2,1,autorregresion,60,2.5482201781841,3.65080105598575
2026,SE2,NO2,2,autorregresion,120,2.78049252810273,4.31781372013638
2026,SE2,NO2,3,autorregresion,180,2.9864159630358,4.59674784037747
2025,SE2,NOX,1,autorregresion,60,4.79248277402448,8.18082004134871
2025,SE2,NOX,2,autorregresion,120,5.84016134073463,8.17618530609184
2025,SE2,NOX,3,autorregresion,180,8.12637565183452,13.808924395442
2026,SE2,NOX,1,autorregresion,60,4.6293636200841,6.40612689074403
2026,SE2,NOX,2,autorregresion,120,7.24419596651161,14.6488064790415
2026,SE2,NOX,3,autorregresion,180,8.06576554933819,13.2241704178979
2025,SE2,PM10,1,autorregresion,60,12.5935292204473,19.9700104011897
2025,SE2,PM10,2,autorregresion,120,10.7662954186039,16.3756968046859
2025,SE2,PM10,3,autorregresion,180,12.7850385057187,21.4395434135335
2026,SE2,PM10,1,autorregresion,60,12.8953886442528,31.8293192267746
2026,SE2,PM10,2,autorregresion,120,11.030308574476,16.4767903310778
2026,SE2,PM10,3,autorregresion,180,10.1721769641581,14.254531640358
2025,SE2,PM2.5,1,autorregresion,60,2.62682574697858,3.43892616205272
2025,SE2,PM2.5,2,autorregresion,120,8.17306434054944,20.0517512569096
2025,SE2,PM2.5,3,autorregresion,180,5.76696496524859,7.95418623066686
2026,SE2,PM2.5,1,autorregresion,60,3.96859167995987,5.35467692649088
2026,SE2,PM2.5,2,autorregresion,120,8.51839444119542,23.8132607091231
2026,SE2,PM2.5,3,autorregresion,180,5.6678541335048,8.44256328442625
2025,SE2,PRS,1,autorregresion,60,0.270511173442744,0.339082647632099
2025,SE2,PRS,2,autorregresion,120,0.557302809295084,2.06437763451644
2025,SE2,PRS,3,autorregresion,180,0.512032229023349,1.05165496683281
2026,SE2,PRS,1,autorregresion,60,0.285451825829315,0.412950951854123
2026,SE2,PRS,2,autorregresion,120,0.29411236168513,0.368225643770318
2026,SE2,PRS,3,autorregresion,180,0.328900035555837,0.425346767291456
2025,SE2,RAINF,1,autorregresion,60,0.0134914228347893,0.0198666402865198
2025,SE2,RAINF,2,autorregresion,120,0.0277692596602835,0.0413458828973053
2025,SE2,RAINF,3,autorregresion,180,0.0354356687193211,0.053634340859338
2026,SE2,RAINF,1,autorregresion,60,0.0211557244403324,0.0261735018641489
2026,SE2,RAINF,2,autorregresion,120,0.0361681379474226,0.0462201442533987
2026,SE2,RAINF,3,autorregresion,180,0.0595300244558015,0.0846486141779565
2025,SE2,RH,1,autorregresion,60,2.13763613162329,2.9039614552569
2025,SE2,RH,2,autorregresion,120,2.68405983657378,4.36630840829811
2025,SE2,RH,3,autorregresion,180,4.31739537997457,5.77323977061894
2026,SE2,RH,1,autorregresion,60,2.00030066574525,2.45101611104552
2026,SE2,RH,2,autorregresion,120,3.27356192334191,4.43399290901634
2026,SE2,RH,3,autorregresion,180,3.69234079656555,5.49441130092934
2025,SE2,SO2,1,autorregresion,60,1.56082793555408,2.69770470873148
2025,SE2,SO2,2,autorregresion,120,2.29538697631483,4.52806756231635
2025,SE2,SO2,3,autorregresion,180,3.02869176856299,8.08367795354286
2026,SE2,SO2,1,autorregresion,60,1.12397366777152,1.96162580041229
2026,SE2,SO2,2,autorregresion,120,1.83924044599268,3.84006858758146
2026,SE2,SO2,3,autorregresion,180,1.46766007033913,2.17799679867291
2025,SE2,SR,1,autorregresion,60,0.0217140134398232,0.0366253199628992
2025,SE2,SR,2,autorregresion,120,0.0208463105591294,0.0369010397557932
2025,SE2,SR,3,autorregresion,180,0.0307365069576074,0.0511882354297301
2026,SE2,SR,1,autorregresion,60,0.027875134173323,0.0443477232177548
2026,SE2,SR,2,autorregresion,120,0.037158399855389,0.0628498158491267
2026,SE2,SR,3,autorregresion,180,0.0315164593951893,0.0541315482068431
2025,SE2,TOUT,1,autorregresion,60,0.540803605645337,0.743492554590834
2025,SE2,TOUT,2,autorregresion,120,0.703642880131202,1.04106700296721
2025,SE2,TOUT,3,autorregresion,180,1.01319039790256,1.70411841823182
2026,SE2,TOUT,1,autorregresion,60,0.530305479426248,0.790218921232326
2026,SE2,TOUT,2,autorregresion,120,0.903065471736437,1.45379654163687
2026,SE2,TOUT,3,autorregresion,180,0.801101192105148,1.06819089175213
2025,SE2,WSR,1,autorregresion,60,1.34684172636295,1.76855131287349
2025,SE2,WSR,2,autorregresion,120,1.36733619201026,1.83541892529457
2025,SE2,WSR,3,autorregresion,180,2.13940989637996,2.96830621588898
2026,SE2,WSR,1,autorregresion,60,1.71409016341728,2.44036313137193
2026,SE2,WSR,2,autorregresion,120,1.9137432982286,2.5229297465461
2026,SE2,WSR,3,autorregresion,180,1.56868636631813,1.99401433532856
2025,SE3,CO,1,autorregresion,60,0.0942902111578476,0.181143574296615
2025,SE3,CO,2,autorregresion,120,0.065839491820993,0.130412877002558
2025,SE3,CO,3,autorregresion,180,0.0795692835566601,0.129447920778474
2026,SE3,CO,1,autorregresion,60,0.0538529379235996,0.0978637208127109
2026,SE3,CO,2,autorregresion,120,0.0982591002030148,0.1988858886588
2026,SE3,CO,3,autorregresion,180,0.0840434443149871,0.124811445734808
2025,SE3,NO,1,autorregresion,60,3.47119493027139,6.63100097598538
2025,SE3,NO,2,autorregresion,120,2.77304552354977,4.62330710411051
2025,SE3,NO,3,autorregresion,180,6.20245526246598,11.5837620742504
2026,SE3,NO,1,autorregresion,60,1.96271555696794,3.51747136819076
2026,SE3,NO,2,autorregresion,120,2.50296276017681,5.38777292289423
2026,SE3,NO,3,autorregresion,180,4.57170876034167,10.2462237301223
2025,SE3,NO2,1,autorregresion,60,2.69617372233724,4.50552850174026
2025,SE3,NO2,2,autorregresion,120,3.21124913406102,4.91308061148784
2025,SE3,NO2,3,autorregresion,180,4.1082964899461,6.35150216112153
2026,SE3,NO2,1,autorregresion,60,2.010523955789,3.07135542117422
2026,SE3,NO2,2,autorregresion,120,2.85781073307564,5.2101972110573
2026,SE3,NO2,3,autorregresion,180,3.36682164431663,5.06231215182997
2025,SE3,NOX,1,autorregresion,60,4.64119229597221,7.87301545650008
2025,SE3,NOX,2,autorregresion,120,7.8403214778958,13.9972846187127
2025,SE3,NOX,3,autorregresion,180,6.03386152129799,11.5950989221992
2026,SE3,NOX,1,autorregresion,60,3.09097651232003,4.13912051150027
2026,SE3,NOX,2,autorregresion,120,5.47282445556325,9.87900089179767
2026,SE3,NOX,3,autorregresion,180,6.66722922612989,12.4581344576176
2025,SE3,PM10,1,autorregresion,60,15.2017442274203,26.2128275255828
2025,SE3,PM10,2,autorregresion,120,18.2743882934894,37.3327165440018
2025,SE3,PM10,3,autorregresion,180,15.363623168083,24.429438890396
2026,SE3,PM10,1,autorregresion,60,9.82796372430129,13.850883512088
2026,SE3,PM10,2,autorregresion,120,11.1680865001215,15.0415363356725
2026,SE3,PM10,3,autorregresion,180,11.9666293040216,16.8635763688694
2025,SE3,PM2.5,1,autorregresion,60,5.2793879332253,6.39504656360376
2025,SE3,PM2.5,2,autorregresion,120,6.41956113006208,8.41949879123457
2025,SE3,PM2.5,3,autorregresion,180,7.35244687275139,10.2644050015945
2026,SE3,PM2.5,1,autorregresion,60,3.8846587096658,5.25083923157522
2026,SE3,PM2.5,2,autorregresion,120,4.12934506664621,5.53980509939131
2026,SE3,PM2.5,3,autorregresion,180,4.75085693385742,6.16928151138514
2025,SE3,PRS,1,autorregresion,60,0.797405612808761,1.0735123547687
2025,SE3,PRS,2,autorregresion,120,0.955409905991581,1.33044901533268
2025,SE3,PRS,3,autorregresion,180,1.48891144717065,2.05327786448648
2026,SE3,PRS,1,autorregresion,60,0.456045049177988,0.537871323717784
2026,SE3,PRS,2,autorregresion,120,0.624088348376064,0.780528180522358
2026,SE3,PRS,3,autorregresion,180,0.669614490728177,0.904295416755595
2025,SE3,RAINF,1,autorregresion,60,0.00131283621414576,0.00166632624082231
2025,SE3,RAINF,2,autorregresion,120,0.00118746506774441,0.00162126081784546
2025,SE3,RAINF,3,autorregresion,180,0.00171766583951782,0.00244558719308235
2026,SE3,RAINF,1,autorregresion,60,0.00133460614288465,0.00163293441149258
2026,SE3,RAINF,2,autorregresion,120,0.00142565944377506,0.00178515761660442
2026,SE3,RAINF,3,autorregresion,180,0.00147904158154312,0.00192848201831777
2025,SE3,RH,1,autorregresion,60,2.48670059124363,3.39481220067442
2025,SE3,RH,2,autorregresion,120,3.51743997937113,6.14554375611421
2025,SE3,RH,3,autorregresion,180,3.93597760346955,6.43813003423471
2026,SE3,RH,1,autorregresion,60,2.58338824927569,3.75832953985122
2026,SE3,RH,2,autorregresion,120,3.45149413430917,4.88191582047035
2026,SE3,RH,3,autorregresion,180,3.88760168478707,5.67979525466633
2025,SE3,SO2,1,autorregresion,60,2.38801121042966,4.62405966211621
2025,SE3,SO2,2,autorregresion,120,4.30882401846043,10.7580188967022
2025,SE3,SO2,3,autorregresion,180,4.63020146529595,9.00345624424861
2026,SE3,SO2,1,autorregresion,60,1.92846650122646,3.77094123147496
2026,SE3,SO2,2,autorregresion,120,2.51864421506324,6.38178958161866
2026,SE3,SO2,3,autorregresion,180,2.6508329843024,6.39207007607297
2025,SE3,SR,1,autorregresion,60,0.0235825016596325,0.0413154713988369
2025,SE3,SR,2,autorregresion,120,0.0280399500806451,0.0417844920533926
2025,SE3,SR,3,autorregresion,180,0.0329696867133871,0.0681071010915628
2025,SE3,TOUT,1,autorregresion,60,0.578695696884177,0.849539231721142
2025,SE3,TOUT,2,autorregresion,120,0.805196519368801,1.30529729084622
2025,SE3,TOUT,3,autorregresion,180,1.22886459863179,1.89595717629279
2026,SE3,TOUT,1,autorregresion,60,0.581315573686493,0.774631735591723
2026,SE3,TOUT,2,autorregresion,120,0.728752766977048,0.959536128635827
2026,SE3,TOUT,3,autorregresion,180,0.977895945038403,1.53182233842874
2025,SE3,WSR,1,autorregresion,60,1.16007952655253,1.48021248894586
2025,SE3,WSR,2,autorregresion,120,1.44000364534852,1.86024945226767
2025,SE3,WSR,3,autorregresion,180,1.70305961805845,2.2088036386387
2026,SE3,WSR,1,autorregresion,60,1.52766553864328,2.27299707138612
2026,SE3,WSR,2,autorregresion,120,1.66475724446538,2.17326562133405
2026,SE3,WSR,3,autorregresion,180,2.06111147753952,2.77505878436065
2025,SO,CO,1,autorregresion,60,0.0942482905450227,0.149226022649083
2025,SO,CO,2,autorregresion,120,0.136363963205168,0.268717230291765
2025,SO,CO,3,autorregresion,180,0.141252727659371,0.318618398121705
2026,SO,CO,1,autorregresion,60,0.083652119741024,0.158527484133903
2026,SO,CO,2,autorregresion,120,0.0820508372585551,0.143167084290446
2026,SO,CO,3,autorregresion,180,0.131274816206965,0.251237990167505
2025,SO,NO,1,autorregresion,60,7.23789351736147,18.062951600606
2025,SO,NO,2,autorregresion,120,9.53006023636408,27.610975472194
2025,SO,NO,3,autorregresion,180,9.94049876650206,21.3952437425689
2026,SO,NO,1,autorregresion,60,4.41671599049842,10.9062519647784
2026,SO,NO,2,autorregresion,120,4.33875265854864,8.22734368882803
2026,SO,NO,3,autorregresion,180,5.5015151845783,11.7152424443758
2025,SO,NO2,1,autorregresion,60,3.18090256287527,4.52133108776128
2025,SO,NO2,2,autorregresion,120,3.23776349849406,5.15113205179075
2025,SO,NO2,3,autorregresion,180,4.34709659792889,6.54810343696125
2026,SO,NO2,1,autorregresion,60,2.25132108953486,3.2584239513131
2026,SO,NO2,2,autorregresion,120,2.99703044196646,4.40371335912536
2026,SO,NO2,3,autorregresion,180,3.79355308343758,5.75390480839532
2025,SO,NOX,1,autorregresion,60,9.35205130518647,16.3983368667018
2025,SO,NOX,2,autorregresion,120,11.6025287005369,19.0146062137111
2025,SO,NOX,3,autorregresion,180,13.5652488811952,24.3331423959003
2026,SO,NOX,1,autorregresion,60,6.95293661352436,12.0686280110226
2026,SO,NOX,2,autorregresion,120,7.09279069376756,13.4452952101705
2026,SO,NOX,3,autorregresion,180,10.3620643028821,20.02141247979
2025,SO,PM10,1,autorregresion,60,9.70237012404814,15.568838002323
2025,SO,PM10,2,autorregresion,120,9.46481758064883,12.0668721148907
2025,SO,PM10,3,autorregresion,180,17.3656681734636,25.4165099010207
2026,SO,PM10,1,autorregresion,60,9.50067742583209,14.3610532489645
2026,SO,PM10,2,autorregresion,120,12.0857135511601,18.217735095686
2026,SO,PM10,3,autorregresion,180,13.2227402648146,15.8677323354844
2025,SO,PM2.5,1,autorregresion,60,4.28191158572833,5.70097957230021
2025,SO,PM2.5,2,autorregresion,120,5.9969609049298,8.01657698529276
2025,SO,PM2.5,3,autorregresion,180,8.57410926383144,12.8106791509361
2026,SO,PM2.5,1,autorregresion,60,3.9501886765683,5.04187249971084
2026,SO,PM2.5,2,autorregresion,120,4.71092480527549,6.53132586686024
2026,SO,PM2.5,3,autorregresion,180,6.120203275567,9.20729973189725
2025,SO,PRS,1,autorregresion,60,0.277900887317954,0.335283973087693
2025,SO,PRS,2,autorregresion,120,0.431119747135172,0.546608054495558
2025,SO,PRS,3,autorregresion,180,0.534548217275917,0.664881848164139
2026,SO,PRS,1,autorregresion,60,0.365678164215755,0.460282585131107
2026,SO,PRS,2,autorregresion,120,0.43166231614484,0.543887693958918
2026,SO,PRS,3,autorregresion,180,0.533413277856592,0.683098715135221
2025,SO,RAINF,1,autorregresion,60,0.000664994983088169,0.000853008201288066
2025,SO,RAINF,2,autorregresion,120,0.000744376602112379,0.00113722621628621
2025,SO,RAINF,3,autorregresion,180,0.0010436435931787,0.0017078448242547
2026,SO,RAINF,1,autorregresion,60,0.000577563965431054,0.00076222371445503
2026,SO,RAINF,2,autorregresion,120,0.000757179479145502,0.0011441718486394
2026,SO,RAINF,3,autorregresion,180,0.00199941740571743,0.00264057788627369
2025,SO,RH,1,autorregresion,60,1.80218003563432,2.64487944251258
2025,SO,RH,2,autorregresion,120,2.56804018757193,3.41713247360974
2025,SO,RH,3,autorregresion,180,3.38134755001887,4.47050901761828
2025,SO,SO2,1,autorregresion,60,1.63958783792912,4.85413323648739
2025,SO,SO2,2,autorregresion,120,1.85259782962979,3.77022735765744
2025,SO,SO2,3,autorregresion,180,1.5868906828317,2.60192009107178
2026,SO,SO2,1,autorregresion,60,0.833726746322205,1.08479002570291
2026,SO,SO2,2,autorregresion,120,0.795242774648571,0.957543657241327
2026,SO,SO2,3,autorregresion,180,1.06155708184774,1.32345177828628
2025,SO,SR,1,autorregresion,60,0.0278031096085536,0.0419996982988155
2025,SO,SR,2,autorregresion,120,0.0500605474013882,0.0747647519487016
2025,SO,SR,3,autorregresion,180,0.0717377097845878,0.111580116238203
2026,SO,SR,1,autorregresion,60,0.0387021921949758,0.057775669182571
2026,SO,SR,2,autorregresion,120,0.0560096796475935,0.0901887693706528
2026,SO,SR,3,autorregresion,180,0.0617474277374622,0.0951902897983927
2025,SO,TOUT,1,autorregresion,60,0.503003098243096,0.74985811173005
2025,SO,TOUT,2,autorregresion,120,0.69320946877258,0.958554427970966
2025,SO,TOUT,3,autorregresion,180,0.795317843817653,1.09884027752513
2026,SO,TOUT,1,autorregresion,60,0.495128492143295,0.636953195648891
2026,SO,TOUT,2,autorregresion,120,0.695060950733938,1.04346914008723
2026,SO,TOUT,3,autorregresion,180,1.00236767251855,1.64977472912378
2025,SO,WSR,1,autorregresion,60,1.70107115549205,2.31409837625125
2025,SO,WSR,2,autorregresion,120,1.7105426705827,2.24750253821562
2025,SO,WSR,3,autorregresion,180,1.77910411216528,2.40199417118915
2026,SO,WSR,1,autorregresion,60,1.67237905431743,2.17651964525989
2026,SO,WSR,2,autorregresion,120,1.4626585031562,2.11789895388352
2026,SO,WSR,3,autorregresion,180,1.91299200429282,2.67846560356452
2025,SO2,CO,1,autorregresion,60,0.0720106308116608,0.104285542414626
2025,SO2,CO,2,autorregresion,120,0.0942961252160076,0.13431142947674
2025,SO2,CO,3,autorregresion,180,0.121936527125588,0.20231366830175
2026,SO2,CO,1,autorregresion,60,0.0523107149683862,0.0709822014931485
2026,SO2,CO,2,autorregresion,120,0.065507414263981,0.100219575082803
2026,SO2,CO,3,autorregresion,180,0.0614090625088879,0.087418229822554
2025,SO2,NO,1,autorregresion,60,1.65696289827376,2.90781167421931
2025,SO2,NO,2,autorregresion,120,2.94108485177007,5.88964649475391
2025,SO2,NO,3,autorregresion,180,2.98731814535245,5.62268576061025
2026,SO2,NO,1,autorregresion,60,1.92828340340833,3.87890893188343
2026,SO2,NO,2,autorregresion,120,2.01311702040142,3.07798264111027
2026,SO2,NO,3,autorregresion,180,2.5923065715376,5.22695542827133
2025,SO2,NO2,1,autorregresion,60,2.75742907331168,3.59595805478395
2025,SO2,NO2,2,autorregresion,120,4.29044110655622,5.65935235681584
2025,SO2,NO2,3,autorregresion,180,4.57838584189676,6.5442706807217
2026,SO2,NO2,1,autorregresion,60,2.2919363950245,3.2674094659816
2026,SO2,NO2,2,autorregresion,120,2.93653131102626,4.50721662861785
2026,SO2,NO2,3,autorregresion,180,3.14843811786083,4.79887324845662
2025,SO2,NOX,1,autorregresion,60,4.72451082137332,6.57961312779685
2025,SO2,NOX,2,autorregresion,120,5.87660542884643,8.37908833526216
2025,SO2,NOX,3,autorregresion,180,6.57617068340553,11.8675795589987
2026,SO2,NOX,1,autorregresion,60,4.36346904334597,6.40636475846455
2026,SO2,NOX,2,autorregresion,120,5.48569796281161,8.14066083774795
2026,SO2,NOX,3,autorregresion,180,5.95774336141315,8.84175667218517
2025,SO2,PM10,1,autorregresion,60,9.97366817949383,13.4363312511397
2025,SO2,PM10,2,autorregresion,120,11.2083432531185,16.8903456570974
2025,SO2,PM10,3,autorregresion,180,14.0409871567342,22.0021854660308
2026,SO2,PM10,1,autorregresion,60,7.61172908261503,9.86206538489307
2026,SO2,PM10,2,autorregresion,120,8.94235085108054,10.8723022616131
2026,SO2,PM10,3,autorregresion,180,9.84077540884868,13.3567862169034
2025,SO2,PM2.5,1,autorregresion,60,5.55378400155677,7.29567161250778
2025,SO2,PM2.5,2,autorregresion,120,6.45924074672374,8.70666375588919
2025,SO2,PM2.5,3,autorregresion,180,7.08089015528867,9.62711856524882
2026,SO2,PM2.5,1,autorregresion,60,3.952729876259,5.30608780664631
2026,SO2,PM2.5,2,autorregresion,120,4.0143115107107,5.07488781433972
2026,SO2,PM2.5,3,autorregresion,180,4.41260500961507,5.6205760713085
2025,SO2,PRS,1,autorregresion,60,0.214289482172817,0.752693913732565
2025,SO2,PRS,2,autorregresion,120,0.159727224215866,0.205295694051028
2025,SO2,PRS,3,autorregresion,180,0.227124913843031,0.296402453757521
2026,SO2,PRS,1,autorregresion,60,0.118923951086985,0.147408582804087
2026,SO2,PRS,2,autorregresion,120,0.195177200180561,0.242273545907528
2026,SO2,PRS,3,autorregresion,180,0.207706288312633,0.268467661961639
2025,SO2,RAINF,1,autorregresion,60,0.00326711685499267,0.0114746667331085
2025,SO2,RAINF,2,autorregresion,120,0.0206735328923995,0.0962626598288435
2025,SO2,RAINF,3,autorregresion,180,0.00266153933388023,0.00815834715927644
2026,SO2,RAINF,1,autorregresion,60,0.00623012203811655,0.0354018313683607
2026,SO2,RAINF,2,autorregresion,120,0.00170769191158968,0.0048038658675103
2026,SO2,RAINF,3,autorregresion,180,0.00635490968833123,0.0277183148292211
2025,SO2,RH,1,autorregresion,60,2.20368741740002,2.92921034524354
2025,SO2,RH,2,autorregresion,120,2.73291645077214,3.78602231417189
2025,SO2,RH,3,autorregresion,180,3.62817308494927,5.3392962893317
2026,SO2,RH,1,autorregresion,60,2.3944374733164,3.47457340415589
2026,SO2,RH,2,autorregresion,120,3.25797819649663,4.48234577209763
2026,SO2,RH,3,autorregresion,180,4.11726939745415,6.37756805137611
2025,SO2,SO2,1,autorregresion,60,0.565709712272903,0.941503120563082
2025,SO2,SO2,2,autorregresion,120,0.619462839947062,0.941623522166501
2025,SO2,SO2,3,autorregresion,180,0.855787377466768,1.35478425968798
2026,SO2,SO2,1,autorregresion,60,0.415651217766565,0.594411323347274
2026,SO2,SO2,2,autorregresion,120,0.903177747308373,1.76023802585057
2026,SO2,SO2,3,autorregresion,180,0.729894285923191,1.33251986156852
2025,SO2,SR,1,autorregresion,60,0.0355492211028787,0.06320616886043
2025,SO2,SR,2,autorregresion,120,0.0401617725237364,0.0630365953787226
2025,SO2,SR,3,autorregresion,180,0.0337132876770616,0.0582554285728078
2026,SO2,SR,1,autorregresion,60,0.0486309387984952,0.0836755625805603
2026,SO2,SR,2,autorregresion,120,0.0376204443183826,0.067851845517
2026,SO2,SR,3,autorregresion,180,0.0624774044461293,0.107790299187369
2025,SO2,TOUT,1,autorregresion,60,0.398802523551278,0.500593392651637
2025,SO2,TOUT,2,autorregresion,120,0.548843625968178,0.72920013224822
2025,SO2,TOUT,3,autorregresion,180,0.840520346727895,1.17959066837534
2026,SO2,TOUT,1,autorregresion,60,0.53092075745351,0.734887734263366
2026,SO2,TOUT,2,autorregresion,120,0.711166364631536,1.04489152118738
2026,SO2,TOUT,3,autorregresion,180,0.91349596797094,1.33728144065987
2025,SO2,WSR,1,autorregresion,60,1.73562879912243,2.23534703755221
2025,SO2,WSR,2,autorregresion,120,1.7228916279009,2.35270943715773
2025,SO2,WSR,3,autorregresion,180,1.89182401980436,2.47284420449422
2026,SO2,WSR,1,autorregresion,60,1.46540455402755,2.00201654322059
2026,SO2,WSR,2,autorregresion,120,1.68089676770169,2.32562161669795
2026,SO2,WSR,3,autorregresion,180,2.08702351529998,2.71181435104473
2025,SUR,CO,1,autorregresion,60,0.0760235945281698,0.107877609024186
2025,SUR,CO,2,autorregresion,120,0.0726223140481965,0.102628128619623
2025,SUR,CO,3,autorregresion,180,0.070452780333979,0.0941574091983773
2026,SUR,CO,1,autorregresion,60,0.0524965365087891,0.0765915727526913
2026,SUR,CO,2,autorregresion,120,0.069316285803184,0.127919732250657
2026,SUR,CO,3,autorregresion,180,0.0678309770895146,0.109422016371713
2025,SUR,NO,1,autorregresion,60,1.36778484164445,3.0282541416049
2025,SUR,NO,2,autorregresion,120,2.87705802968189,5.29793621587629
2025,SUR,NO,3,autorregresion,180,3.25911014925932,6.87514895774651
2026,SUR,NO,1,autorregresion,60,2.63994804056802,5.44054539550403
2026,SUR,NO,2,autorregresion,120,4.93084371003966,11.1445017886338
2026,SUR,NO,3,autorregresion,180,2.34040826287239,3.68490853377546
2025,SUR,NO2,1,autorregresion,60,2.22443682734274,3.4488847183218
2025,SUR,NO2,2,autorregresion,120,3.34305518434814,4.77398142123998
2025,SUR,NO2,3,autorregresion,180,3.50488978833095,4.75909734951907
2026,SUR,NO2,1,autorregresion,60,2.97171934534569,3.98806811984117
2026,SUR,NO2,2,autorregresion,120,3.06187363642067,4.37469516350794
2026,SUR,NO2,3,autorregresion,180,3.79200890745287,5.15608825425563
2025,SUR,NOX,1,autorregresion,60,3.40136228138044,5.22981493465792
2025,SUR,NOX,2,autorregresion,120,4.93008899655829,7.44872143523469
2025,SUR,NOX,3,autorregresion,180,4.95650242623637,6.90734147058736
2026,SUR,NOX,1,autorregresion,60,4.03129284606162,5.54320432124575
2026,SUR,NOX,2,autorregresion,120,7.55464733007714,14.6856757004661
2026,SUR,NOX,3,autorregresion,180,6.07533034198182,9.57100196568439
2025,SUR,PM10,1,autorregresion,60,8.8730313751151,21.9244902537463
2025,SUR,PM10,2,autorregresion,120,8.74589998725036,20.9398917709204
2025,SUR,PM10,3,autorregresion,180,8.84845306180091,12.9143233727357
2026,SUR,PM10,1,autorregresion,60,4.98550913456364,8.17137700578554
2026,SUR,PM10,2,autorregresion,120,5.92083954130473,8.11248121686211
2026,SUR,PM10,3,autorregresion,180,6.6821150134175,8.86249652417706
2025,SUR,PM2.5,1,autorregresion,60,4.19283016211744,5.54778276528001
2025,SUR,PM2.5,2,autorregresion,120,5.21340310181831,6.71851372078987
2025,SUR,PM2.5,3,autorregresion,180,5.47877200870751,7.10712058137967
2026,SUR,PM2.5,1,autorregresion,60,3.99724718574905,5.6064436963441
2026,SUR,PM2.5,2,autorregresion,120,3.88140944340358,5.20008094797022
2026,SUR,PM2.5,3,autorregresion,180,5.58517796887954,7.07177610767748
2025,SUR,PRS,1,autorregresion,60,0.239252856906969,0.293948264046892
2025,SUR,PRS,2,autorregresion,120,0.409255822717999,0.523589274683805
2025,SUR,PRS,3,autorregresion,180,0.458180145183231,0.596544878852532
2026,SUR,PRS,1,autorregresion,60,0.705576250194486,3.73483672969013
2026,SUR,PRS,2,autorregresion,120,0.409712613975936,0.551424794196904
2026,SUR,PRS,3,autorregresion,180,0.555326037356539,0.721017722056595
2025,SUR,RAINF,1,autorregresion,60,0.00526267869806568,0.0336511094675346
2025,SUR,RAINF,2,autorregresion,120,0.00151751575189109,0.00737111688490162
2025,SUR,RAINF,3,autorregresion,180,0.00844816233452961,0.0558453418797183
2026,SUR,RAINF,1,autorregresion,60,0.102930270265103,0.5574729484233
2026,SUR,RAINF,2,autorregresion,120,0.0112933557125667,0.101231231895743
2026,SUR,RAINF,3,autorregresion,180,0.0118736385103265,0.0874858840838335
2025,SUR,RH,1,autorregresion,60,2.21124767666483,3.11675476563458
2025,SUR,RH,2,autorregresion,120,3.0847010055273,4.22714719210982
2025,SUR,RH,3,autorregresion,180,3.70142938558159,5.20563174104822
2026,SUR,RH,1,autorregresion,60,2.24079892873364,3.12431590648292
2026,SUR,RH,2,autorregresion,120,2.99991465499537,3.96396806758431
2026,SUR,RH,3,autorregresion,180,4.08893569004645,5.51441781955238
2025,SUR,SO2,1,autorregresion,60,0.300938061206705,0.509083852009039
2025,SUR,SO2,2,autorregresion,120,0.601011356753882,1.39573887068666
2025,SUR,SO2,3,autorregresion,180,0.640596127581236,1.67277999575991
2026,SUR,SO2,1,autorregresion,60,0.441701296124129,1.06457074970769
2026,SUR,SO2,2,autorregresion,120,0.477998927238737,0.884197091116449
2026,SUR,SO2,3,autorregresion,180,0.655000996005467,1.38813288074593
2025,SUR,SR,1,autorregresion,60,0.0479083610061413,0.0827661806048467
2025,SUR,SR,2,autorregresion,120,0.0383793134227209,0.0670394503825045
2025,SUR,SR,3,autorregresion,180,0.057642096683585,0.093315892448558
2026,SUR,SR,1,autorregresion,60,0.044473107991854,0.0965983771026661
2026,SUR,SR,2,autorregresion,120,0.0431421048495991,0.0853075417860105
2026,SUR,SR,3,autorregresion,180,0.0558013409403897,0.110540555580517
2025,SUR,TOUT,1,autorregresion,60,0.514181058074698,0.760252284754478
2025,SUR,TOUT,2,autorregresion,120,0.730365662718909,1.02562979332264
2025,SUR,TOUT,3,autorregresion,180,0.803201351731894,1.23051237924615
2026,SUR,TOUT,1,autorregresion,60,0.605402766561067,0.823509094202443
2026,SUR,TOUT,2,autorregresion,120,0.801266754321195,1.35576158127017
2026,SUR,TOUT,3,autorregresion,180,0.930037393114996,1.29509932089196
2025,SUR,WSR,1,autorregresion,60,1.37933820277142,1.9442406451194
2025,SUR,WSR,2,autorregresion,120,1.24632340916658,1.62050084254303
2025,SUR,WSR,3,autorregresion,180,1.76920666997252,2.31849329344014
2026,SUR,WSR,1,autorregresion,60,1.51933069888371,2.30817490454516
2026,SUR,WSR,2,autorregresion,120,1.83171772961318,2.46102327089409
2026,SUR,WSR,3,autorregresion,180,1.70409311320903,2.32961984511826
